tên_bệnh,hội_chứng,chủ_chứng,triệu_chứng,lưỡi,mạch,bài_thuốc,vị_thuốc
Ách nghịch,Vị hàn,"nấc, ách nghịch","Tiếng nấc trầm và thưa, dạ dày không yên, ưa nóng, ăn ít, đầy bụng, miệng nhạt không khát, rêu trắng nhuận, mạch trì hoãn",rêu trắng nhuận,mạch trì hoãn,Ôn vị giáng nghịch phương,"Đẳng sâm, Đinh hương, Thị đế, Sinh khương, Giềng (Cao lương khương), Trích thảo. (Nếu có đờm trệ, ợ hơi có mùi, gia: Trần bì, Hậu phác, Chỉ thực)"
Ách nghịch,Vị nhiệt,"nấc, ách nghịch","Tiếng nấc trong, nấc mạnh, nấc dồn, hôi miệng, buồn bực, khát nước, táo bón, mặt đỏ, rêu vàng, mạch hoạt sác",rêu vàng,mạch hoạt sác,Tiểu thừa khí thang gia giảm,"Đại hoàng, Hậu phác, Chỉ thực, Trúc nhự, Sinh khương, Trần bì, Hoàng cầm"
Ách nghịch,Tỳ thận dương hư,"nấc, ách nghịch","Tiếng nấc nông và yếu, đoản khí, sắc mặt nhợt, tay chân mát, ăn ít, mệt mỏi, lưỡi nhạt, mạch trầm tế",lưỡi nhạt,mạch trầm tế,Ôn thận nạp khí phương,"Đẳng sâm, Bạch truật, Can khương, Cam thảo, Phụ tử, Đinh hương, Phá cố chỉ, Ngũ vị tử"
Ách nghịch,Vị âm hư,"nấc, ách nghịch","Tiếng nấc nhanh mà không liên tục, khô miệng, họng ráo, phiền khát buồn bực, lưỡi đỏ khô, mạch tế sác",lưỡi đỏ khô,mạch tế sác,Dưỡng vị thang gia giảm,"Ngọc trúc, Tang diệp, Sao biển đậu, Sa sâm, Cam thảo, Thạch hộc, Thị đế, Mạch môn"
Ác lộ bất tuyệt,Khí hư,,"Sau sinh quá thời gian bình thường sản dịch vẫn lai rai không ngừng, màu hồng nhạt, lượng nhiều, chất dẻo dính, không mùi hôi, cảm giác bụng dưới trệ xuống, tinh thần mệt mỏi, lưỡi hồng nhạt, rêu bình thường, mạch Hoãn nhược","lưỡi hồng nhạt, rêu bình thường",mạch Hoãn nhược,Bổ trung ích khí gia giảm,"Đẳng sâm, Hoàng kỳ, Chích thảo, Thăng ma, Qui đầu, Sài hồ, Bạch truật, Trần bì, Ngải diệp sao đen. (Nếu cả khí huyết đều hư: dùng Thập toàn đại bổ thang)"
Ác lộ bất tuyệt,Huyết ứ,,"Sinh xong đau bụng, ác lộ ra không dứt, màu huyết tím đen hoặc có cục, lưỡi có điểm ứ huyết, mạch Sáp",lưỡi có điểm ứ huyết,mạch Sáp,Sinh hóa thang gia giảm,"Đương quy, Xuyên khung, Đào nhân, Bào khương, Cam thảo, Tam thất, Ích mẫu. (Nếu miệng khô, họng khô, mạch Huyền Sác: thêm Địa du, Hoàng bá sao đen)"
Ác lộ bất tuyệt,Huyết nhiệt,,"Ác lộ ra không dứt, sắc huyết đỏ tươi, tâm phiền, miệng khát nước, lưỡi hồng, mạch Sác",lưỡi hồng,mạch Sác,Bảo Âm Tiễn,"Sinh địa, Bạch thược, Hoài sơn, Tục đoạn, Hoàng cầm, Hoàng bá, Cam thảo, A giao, Hạn liên thảo, Ô tặc cốt"
Suy tuyến thượng thận (Addison),Tỳ Thận dương hư,,"Sợ lạnh, tay chân lạnh, phân lỏng, nước tiểu trong nhiều, phù toàn thân, tình dục giảm, lông tóc không mượt, rụng lông âm bộ và nách, nam liệt dương hoạt tinh, nữ tử cung lạnh khí hư nhiều vô sinh, lưỡi nhạt có dấu răng, rêu lưỡi nhuận hoạt, mạch Trầm Tế Nhu Nhược","lưỡi nhạt có dấu răng, rêu lưỡi nhuận hoạt",mạch Trầm Tế Nhu Nhược,Phương trị Tỳ Thận dương hư,"Đẳng sâm, Kê huyết đằng, Tang kí sinh, Hoàng kỳ, Thỏ ti tử, Tục đoạn, Lộc giác giao, Phá cố chỉ, Đỗ trọng, Kê nội kim, Giá trùng, Sinh bồ hoàng, Hổ phách"
Suy tuyến thượng thận (Addison),Can Thận âm hư,,"Hoa mắt, ù tai, tay chân tê dại, ngũ tâm phiền nhiệt, bụng trướng, táo bón, di tinh, mồ hôi trộm, nữ ngực căng vú có hạch, lưỡi hồng ít tân dịch, rêu vàng mỏng, mạch Huyền Tế hoặc Tế Sác","lưỡi hồng ít tân dịch, rêu vàng mỏng",mạch Huyền Tế hoặc Tế Sác,Phương trị Can Thận âm hư,"Sa sâm, Tục đoạn, Bạch thược, Sinh địa, Kỉ tử, Đỗ trọng, Nữ trinh tử, Hạn liên thảo, Qui đầu, Miết trùng, Sinh bồ hoàng, Kê nội kim, Hổ phách"
Suy tuyến thượng thận (Addison),Dương hư ứ huyết,,"Sắc mặt xám đen, sợ lạnh, suy giảm tình dục, liệt dương, bế kinh, hay quên, đờ đẫn, chỉ thích nằm, lưỡi nhạt có điểm ứ huyết, rêu trắng nhuận, mạch Vi Tế","lưỡi nhạt có điểm ứ huyết, rêu trắng nhuận",mạch Vi Tế,Tứ Vật Hồi Dương Ẩm gia giảm,"Nhân sâm, Phụ tử chế, Bào khương, Trích thảo, Đào nhân, Hoài sơn, Sơn thù, Đan sâm, Kê huyết đằng, Phục linh, Đan bì, Trạch tả"
Suy tuyến thượng thận (Addison),Tỳ Hư Ứ Huyết,,"Sắc mặt và da đều đen, mệt mỏi không sức, váng đầu hoa mắt, đứng muốn ngã, ăn uống kém, muốn nôn, nôn mửa, lưỡi nhạt rêu trắng, mạch Trì Hoãn",lưỡi nhạt rêu trắng,mạch Trì Hoãn,Dị Công Tán gia giảm,"Đẳng sâm, Bạch truật, Trần bì, Phục linh, Hoài sơn, Biển đậu, Bán hạ, Cửu hương trùng, Can địa hoàng, Cúc hoa, Đan sâm, Đào nhân, Xuyên sơn giáp"
Suy tuyến thượng thận (Addison),Âm Dương Lưỡng Hư,,"Khô da, sốt nhẹ kéo dài, lưỡi bệu đỏ ít rêu, mạch Tế Sác vô lực nhưng sợ lạnh tay chân lạnh, huyết áp hạ",lưỡi bệu đỏ ít rêu,mạch Tế Sác vô lực nhưng sợ lạnh tay chân lạnh,Kim Quỹ Thận Khí Hoàn gia vị,"Thục địa, Sơn dược, Đơn bì, Bạch linh, Trạch tả, Câu kỷ tử, Thỏ ti tử, Đỗ trọng, Nữ trinh tử, Sơn thù, Sinh Hoàng kỳ, Nhục quế, Chế Phụ tử, Cam thảo"
Suy tuyến thượng thận (Addison),Khí Huyết Lưỡng Hư,,"Váng đầu hoa mắt, mệt mỏi ít nói, hồi hộp mất ngủ, môi lưỡi nhợt, da xanh tái có vùng xạm đen, mạch Trầm Tế Nhược",môi lưỡi nhợt,mạch Trầm Tế Nhược,Bát Trân Thang gia giảm,"Thục địa, Đương qui, Bạch thược, Long nhãn nhục, Đảng sâm, Kỷ tử, Kê huyết đằng, Bạch truật, Hoàng kỳ, Sao táo nhân, Xuyên khung, Cam thảo"
Alzheimer,Can khí uất kết kèm đờm trệ,,"Dễ tức giận, tâm phiền, uất ức, không muốn nói, hông sườn đầy đau tức, lưỡi bẩn, rêu lưỡi dày nhớt, mạch Hoạt","lưỡi bẩn, rêu lưỡi dày nhớt",mạch Hoạt,Can Uất Phương Gia Vị,"Xuyên khung, Đan sâm, Hồng hoa, Xích thược, Hương phụ, Bán hạ, Sài hồ, Thanh bì, Trần bì, Thạch xương bồ"
Alzheimer,Can Thận Âm Hư kèm Đờm Trệ,,"Bệnh kéo dài, chóng mặt, váng đầu tê và rung tay chân, trí nhớ giảm, chậm chạp, mắt không còn thần, da mặt kém tươi, mồ hôi trộm, khô da, tức giận bất thường, run hoặc co rút cơ, nặng hơn không đi lại được, liệt nửa người, khó nói, lưỡi đỏ tối, rêu lưỡi trắng nhạt, mạch Tế Sác","lưỡi đỏ tối, rêu lưỡi trắng nhạt",mạch Tế Sác,Phương trị Can Thận Âm Hư kèm Đờm Trệ,"Thục địa, Phục linh, Sơn thù, Đan bì, Trạch tả, Xích thược, Bạch thược, Xuyên khung, Hồng hoa, Đào nhân, Xương bồ, Viễn trí"
Alzheimer,Tỳ Thận Dương Hư kèm Đờm Trệ,,"Di chuyển chậm, mất trí nhớ lẫn nhân cách, nói khó, nặng hơn không nói được, không suy nghĩ gì được, nói lộn xộn, mất trí nhớ, tê tay chân, lưỡi tối nhạt, rêu lưỡi trắng, mạch Tế Hoạt Sáp","lưỡi tối nhạt, rêu lưỡi trắng",mạch Tế Hoạt Sáp,Phụ tử nam tinh uất kim Thang,"Sơn thù, Uất kim, Đào nhân, Chỉ sác, Đởm nam tinh, Hồng hoa, Nhục quế, Phụ tử"
Alzheimer,Tâm Tỳ Hư,,"Lẫn lộn không phân biệt được, buồn sầu hay khóc, trầm tư, nói khó, đi đứng chậm, tinh thần mệt mỏi, tự ra mồ hôi, không có sức, hồi hộp sợ hãi, hơi thở ngắn, biếng ăn, lưỡi nhạt, rêu mỏng, mạch Tế Nhược","lưỡi nhạt, rêu mỏng",mạch Tế Nhược,Dưỡng Tâm Thang,"Nhân sâm, Mạch môn, Táo nhân, Đương qui, Thục địa, Sinh địa, Phục linh, Bá tử nhân, Ngũ vị, Cam thảo"
Alzheimer,Can Dương Thượng Cang,,"Nhức đầu, chóng mặt, mặt đỏ, mắt đỏ, bứt rứt, ngủ không ngon giấc, ngủ hay mơ, lưỡi cứng khó nói, tê tay chân, khó cử động miệng và mắt, liệt nửa người, lưỡi đỏ, rêu trắng hoặc hơi vàng nhờn, mạch Tế Sác","lưỡi cứng khó nói, lưỡi đỏ, rêu trắng hoặc hơi vàng nhờn",mạch Tế Sác,Thiên Ma Câu Đằng Ẩm gia vị,"Tang kí sinh, Toan táo nhân, Xương bồ, Bạch thược, Câu Kỉ tử, Thiên ma, Câu đằng, Đỗ trọng, Ngưu tất, Dạ giao đằng, Hoàng cầm, Ích mẫu, Thạch quyết minh, Chi tử, Phục linh"
Alzheimer,Tâm Hoả Vượng,,"Đau đầu, bứt rứt, mặt đỏ, môi đỏ, khó ngủ, ngủ hay mơ, nói năng lẫn lộn, nói cười huyên thuyên, lo âu, không phân biệt thân quen, tiểu vàng, táo bón, lưỡi đỏ, rêu hơi vàng, mạch Sác","lưỡi đỏ, rêu hơi vàng",mạch Sác,Tả Tâm Thang hợp Đạo Xích Tán,"Sinh địa, Huyền sâm, Từ thạch, Long cốt, Hoàng cầm, Chi tử, Đan bì, Uất kim, Đại hoàng, Mộc thông, Đạm trúc diệp, Cam thảo tiết, Hoàng liên"
Alzheimer,Đờm mê tâm Khiếu,,"Nặng đầu, da mặt vàng bủng, phù thủng, mệt mỏi, ngủ mê mệt, thở khò khè, nói năng lẫn lộn, không phân biệt tốt xấu, vui buồn lẫn lộn, không chú ý đến người khác, khạc nhổ đờm, đầy bụng trướng, nặng hơn mất cảm giác không tự làm việc cá nhân, lưỡi nhạt nhờn, mạch Hoạt Nhu",lưỡi nhạt nhờn,mạch Hoạt Nhu,Tẩy Tâm Thang,"Nhân sâm, Phục thần, Táo nhân, Bán hạ, Xương bồ, Trần bì, Kỉ tử, Cam thảo, Phụ tử"
Alzheimer,Chứng não hải bất túc,,"Đau đầu, hoa mắt chóng mặt, ù tai, hay quên, người uỷ mị ít nói, nặng thần chí ngu si, nói cười thất thường, ngôn ngữ mất kiểm soát, chất lưỡi đạm đỏ, hình thái lưỡi to, rêu mỏng trắng, mạch trầm huyền","chất lưỡi đạm đỏ, hình thái lưỡi to, rêu mỏng trắng",mạch trầm huyền,Giác lộc nhị tiên cao hợp Đại định phong châu gia giảm,"Giác bản, Miết giáp, Sinh mẫu lệ, Câu đằng, Kê tử hoàng, A giao, Câu kỳ tử, Lộc nhung, Thục địa, Sinh địa, Bạch thược, Mạch đông, Ma nhân, Nhân sâm"
Alzheimer,Chứng tỳ thận lưỡng hư,,"Trí tuệ giảm sút, khả năng ghi nhớ tính toán định hướng phán đoán đều giảm, tinh thần đờ đẫn, không diễn tả được ngôn từ, chóng mặt, ù tai, đau bụng thích xoa, cơ nhục mềm nhão, ăn ít, tiết tả, lười tiếp xúc, thích nằm, lưng gối đau mỏi, lưỡi gầy sắc đạm, rêu mỏng trắng, mạch trầm tế nhược","lưỡi gầy sắc đạm, rêu mỏng trắng",mạch trầm tế nhược,Hoàn thiếu đan gia giảm,"Thục địa, Câu kỳ tử, Đỗ trọng, Sơn thù du, Nhục thung dung, Tiểu hồi hương, Thạch xương bồ, Ngưu tất, Chử thực tử, Nhân sâm, Phục linh, Sơn dược, Đại táo, Viễn trí, Ngũ vị tử"
Alzheimer,Chứng Đàm trọc mông khiếu,,"Ngu si đờ đẫn, trí lực giảm sút, cười nói bất thường, tự nói một mình hoặc không nói gì, không muốn ăn uống, bụng đau sườn chướng mãn, miệng hay chảy nước bọt, nặng đầu như búa bổ, chất lưỡi đạm, rêu trắng dính, mạch hoạt","chất lưỡi đạm, rêu trắng dính",mạch hoạt,Thông khiếu hoá đàm thang,"Thạch xương bồ, Uất kim, Đởm nam tinh, Bán hạ, Bạch truật, Phục linh, Thăng ma, Toan táo nhân, Ích trí nhân, Đan sâm, Trần bì, Cam thảo"
Alzheimer,Chứng huyết ứ nội trở,,"Tinh thần chậm chạp, lời nói diễn đạt bất lợi, hay quên, dễ kinh sợ, tư duy thất thường, hành vi cổ quái, khô miệng nhưng không muốn uống nước, hai mắt tối đen, chất lưỡi tối có điểm ứ huyết, mạch tế nhược",chất lưỡi tối có điểm ứ huyết,mạch tế nhược,Thông khiếu hoạt huyết thang gia giảm,"Xích thược, Xuyên khung, Đào nhân, Táo đỏ, Hồng hoa, Xạ hương, Sinh khương, Đan sâm, Cát căn, Sơn dược, Câu kỳ tử, Sinh sơn tra"
Ẩm chứng,Ẩm tà hại phế,,"Ho suyễn, ngực đầy, thậm chí không nằm được, đờm nhiều loãng lẫn bọt dãi, gặp lạnh bệnh tăng, có thể kèm sốt sợ lạnh, đau mình, mặt phù thũng nhẹ, lưỡi nhạt, rêu trắng nhớt, mạch Huyền khẩn","lưỡi nhạt, rêu trắng nhớt",mạch Huyền khẩn,Tiểu Thanh Long Thang gia giảm,"Ma hoàng, Quế chi, Bán hạ, Tế tân, Bạch thược, Can khương, Trích thảo, Ngũ vị"
Ẩm chứng,Huyền ẩm,,"Ngực sườn chướng đau, khi ho, xoay mình, hít thở đau tăng, hơi thở ngắn, rêu lưỡi trắng, mạch Huyền",rêu lưỡi trắng,mạch Huyền,Thập Táo Thang (khi chính khí chưa suy); Đình Lịch Đại Táo Tả Phế Thang hợp Tam Tử Thang (khi chính hư tà thực),"Thập Táo Thang: Cam toại, Nguyên hoa, Đại kích, Táo; Đình Lịch Đại Táo Tả Phế Thang hợp Tam Tử Thang: Đình lịch tử, Đại táo, (Tam tử: Tô tử, Bạch giới tử, Lai phục tử)"
Ẩm chứng,Ẩm ứ đọng ở trường vị,,"Hình thể gầy ốm, ăn uống kém, dạ dày có tiếng nước óc ách hoặc sôi, tiêu lỏng, sợ lạnh vùng lưng, chóng mặt, hoa mắt, hồi hộp, ngắn hơi, rêu lưỡi trắng, mạch Huyền Hoạt",rêu lưỡi trắng,mạch Huyền Hoạt,Linh Quế Truật Cam Thang (cơ bản); Kỷ Tiêu Lịch Hoàng Hoàn (khi ẩm lâu hóa nhiệt),"Linh Quế Truật Cam Thang: Bạch linh, Quế chi, Bạch truật, Cam thảo; Kỷ Tiêu Lịch Hoàng Hoàn: Phòng kỉ, Đình lịch tử, Tiêu mục, Đại hoàng"
Ẩm chứng,Ẩm tà ứ đọng ở bàng quang,,"Bụng dưới chướng đầy, tiểu tiện không thông, chóng mặt, hoa mắt, rêu lưỡi trắng, mạch Huyền Hoạt, nặng hơn có thể suyễn, hơi thở ngắn, ớn lạnh, tay chân lạnh, lưỡi bệu nhuận, mạch Trầm tế","rêu lưỡi trắng, lưỡi bệu nhuận","mạch Huyền Hoạt, mạch Trầm tế","Ngũ Linh Tán (cơ bản); Ngũ Linh Tán gia Phụ tử, Nhục quế (nếu Thận dương hư); Tế sinh thận khí hoàn (bệnh nhẹ giai đoạn sau)","Ngũ Linh Tán: Trư linh, Trạch tả, Bạch linh, Quế chi, Bạch truật; Tế sinh thận khí hoàn: Thục địa, Hoài sơn, Đan bì, Bạch linh, Trạch tả, Sơn thù, Nhục quế, Phụ tử, Ngưu tất, Sa tiền"
Âm đạo viêm,Thấp nhiệt,"âm đạo, âm hộ, vùng kín","Khí hư ra nhiều, dính huyết, mùi hôi tanh, nặng đầu, hoa mắt, hay mệt nhọc, khát mà không muốn uống, ít ngủ, táo hoặc ỉa chảy, nước tiểu ít đỏ, có thể đi tiểu luôn, rêu lưỡi vàng nhờn, mạch nhu sác",rêu lưỡi vàng nhờn,mạch nhu sác,Long đởm tả can thang gia giảm,"Long đởm thảo, Sài hồ, Chi tử, Sa tiền, Bạch thược, Sinh địa, Mộc thông, Hoàng bá, Tỳ giải, Phục linh, Ý dĩ"
Âm đạo viêm,Huyết ứ,"âm đạo, âm hộ, vùng kín","Âm đạo sưng đỏ, đau hoặc ứ máu tại chỗ, có dấu hiệu ngoại thương, lưỡi bình thường hoặc có vết ứ máu, mạch bình thường",lưỡi bình thường hoặc có vết ứ máu,mạch bình thường,Huyết Phủ Trục Ứ Thang,"Qui xuyên, Xích thược, Ngưu tất, Đào nhân, Xuyên khung, Cát cánh, Cam thảo, Hồng hoa, Sinh địa, Tam thất, Chỉ sác"
Âm đạo viêm,Can uất,"âm đạo, âm hộ, vùng kín","Khí hư màu hồng nhạt hoặc trắng dính, ra không ngừng, kinh nguyệt không đều, tinh thần uất ức, mạng sườn đầy trướng, miệng đắng, khô họng, tiểu vàng, da vàng, mạch huyền",,mạch huyền,Long đởm tả can thang hợp Đan chi Tiêu dao tán,"Long đởm thảo, Sài hồ, Chi tử, Sa tiền, Bạch thược, Sinh địa, Mộc thông, Hoàng bá, Tỳ giải, Phục linh, Ý dĩ, Đương quy, Bạch truật, Cam thảo, Mẫu đơn bì"
Âm hãn,Can thận dương hư,,"Bộ phận sinh dục ra mồ hôi, âm nang ướt lạnh, sợ lạnh, tay chân lạnh, đau lưng, chân mỏi, tiểu nhiều, dương vật không cương cứng, di tinh, tảo tinh, lưỡi nhạt, có vết răng, mạch Trầm Trì",lưỡi nhạt,mạch Trầm Trì,An Thận Hoàn / Noãn can thang gia giảm,"Ba kích, Bạch tật lê, Bạch truật, Đào nhân, Hoài sơn, Nhục quế, Phá cố chỉ, Phục linh, Xuyên ô, Nhục thung dung, Tỳ giải"
Âm hãn,Can kinh thấp nhiệt,,"Vùng sinh dục ra mồ hôi, da dịch hoàn ẩm hâm hấp nóng, mùi tanh hôi, hông sườn trướng đau, miệng đắng, da thịt đỏ, dương vật mềm yếu, rêu lưỡi vàng bệu, mạch Huyền Sác",rêu lưỡi vàng bệu,mạch Huyền Sác,Thanh Nang Thang / Long đởm tả can thang gia giảm,"Sài hồ, Hoàng cầm, Khương hoạt, Phòng phong, Xương truật, Ma hoàng căn, Trạch tả, Trư linh, Đương qui, Hồng hoa, Mộc thông, Hoạt thạch, Cam thảo"
Âm hành đàm hạch,Đờm Trọc Ngưng Kết,"liệt dương, dương nuy, di tinh, mộng tinh, tảo tiết, hoạt tinh, xuất tinh, dương vật","Trên mặt âm hành có nốt hạch, không cử động thì không thấy dấu hiệu bệnh rõ, lưỡi nhạt, rìa lưỡi có vết răng, rêu lưỡi trắng nhạt, mạch Nhu","lưỡi nhạt, rìa lưỡi có vết răng, rêu lưỡi trắng nhạt",mạch Nhu,Nội tiêu loa lịch hoàn,"Sài hồ, Bạch thược, Hương phụ, Hạ khô thảo, Trần bì, Cương tàm, Hải tảo, Mẫu lệ, Một dược"
Âm hành đàm hạch,Âm Hư Đờm Hoả,"liệt dương, dương nuy, di tinh, mộng tinh, tảo tiết, hoạt tinh, xuất tinh, dương vật","Âm hành kết hạch hơi đau, da hơi ửng đỏ hoặc hơi nóng, về chiều đỏ, ngũ tâm phiền nhiệt, khô họng, ù tai, đau lưng gối mỏi",,,Lục Vị Địa Hoàng Hoàn gia giảm,"Thục địa, Hoài sơn, Sơn thù, Đan bì, Bạch linh, Trạch tả, Mẫu lệ, Hạ khô thảo, Địa cốt bì, Miết giáp, Xạ can, Ngân sài hồ"
Ngứa âm hộ,Can Thận Âm Hư,"âm hộ, âm đạo, vùng kín","Âm hộ khô sít, ngứa không chịu nổi, da vùng âm bộ biến trắng, sưng to hoặc teo lại, vỡ lở loét, ngũ tâm phiền nhiệt, váng đầu, hoa mắt, trời nóng ra mồ hôi, đau lưng, gối mỏi, lưỡi đỏ, rêu ít, mạch Huyền Tế Sác","lưỡi đỏ, rêu ít",mạch Huyền Tế Sác,Tri Bá Địa Hoàng Hoàn gia giảm,"Thục địa, Hoài sơn, Sơn thù, Đan bì, Bạch linh, Trạch tả, Tri mẫu, Hoàng bá, Bạch tiên bì, Hà thủ ô (chế)"
Ngứa âm hộ,Can kinh thấp nhiệt,"âm hộ, âm đạo, vùng kín","Vùng âm bộ ngứa đau, đới hạ ra nhiều, vàng như mủ, dính hôi, váng đầu, hoa mắt, miệng đắng, khô họng, tâm phiền không yên, táo bón, nước tiểu đỏ, lưỡi đỏ, rêu vàng bệu, mạch Huyền Hoạt Sác","lưỡi đỏ, rêu vàng bệu",mạch Huyền Hoạt Sác,Long Đởm Tả Can Thang,"Hoàng cầm, Chi tử, Qui xuyên (Đương quy), Sài hồ, Mộc thông, Cam thảo, Sinh địa, Long đởm thảo, Sa tiền, Trạch tả"
Âm hộ viêm loét,Thấp nhiệt,"âm hộ, âm đạo, vùng kín","Vùng âm đạo lở loét, sưng nóng đỏ đau, chảy nước mủ dính, mùi hôi, váng đầu, hoa mắt, miệng đắng, khô họng, cơ thể nóng, tâm phiền, táo bón, lưỡi đỏ, rêu vàng, mạch Hoạt Sác","lưỡi đỏ, rêu vàng",mạch Hoạt Sác,Long Đởm Tả Can Thang gia giảm,"Sài hồ, Mộc thông, Cam thảo, Sinh địa, Long đởm thảo, Sa tiền, Trạch tả, Qui xuyên, Hoàng cầm, Chi tử, Bồ công anh, Thổ phục linh"
Âm hộ viêm loét,Thấp nhiệt độc thịnh,"âm hộ, âm đạo, vùng kín","Sốt không giảm, khát thích uống nước lạnh, mủ ra hôi thối, kèm triệu chứng thấp nhiệt",,,Tiên Phương Hoạt Mệnh Ẩm,"Bạch chỉ, Bối mẫu, Phòng phong, Xích thược, Quy vĩ, Thiên hoa phấn, Xuyên sơn giáp, Nhũ hương, Tạo giác thích, Một dược, Kim ngân hoa, Trần bì, Cam thảo tiết"
Âm hộ viêm loét,Hàn thấp,"âm hộ, âm đạo, vùng kín","Âm đạo sưng cứng, lở loét, màu khô dang thay đổi hoặc đau, mụn vỡ chảy mủ không dứt, tinh thần mệt mỏi, ăn ít, lưỡi trắng, rêu trắng bệu, mạch Tế Nhược","lưỡi trắng, rêu trắng bệu",mạch Tế Nhược,Dương Hoà Thang gia giảm,"Thục địa, Lộc giác giao, Bào khương thán, Nhục quế, Ma hoàng, Cam thảo, Bạch giới tử, Nga truật, Thương truật, Phục linh, Tạo giác thích"
Âm hộ viêm loét,Chính khí suy yếu,"âm hộ, âm đạo, vùng kín","Nhọt lở loét không thu miệng, hoảng sợ, hơi thở ngắn",,,Thác Lý Tiêu Độc Tán gia giảm,"Nhân sâm, Bạch truật, Hoàng kỳ, Cam thảo, Phục linh, Đương quy, Bạch thược, Xuyên khung, Ngân hoa, Bạch chỉ, Tạo giác thích, Cát cánh"
Âm lãnh,Dương hư,,"Dương vật lạnh, sợ lạnh thích nóng, suy giảm tình dục, tinh lạnh, đau lưng chân yếu, tinh thần mệt mỏi, liệt dương, xuất tinh sớm, nước tiểu trong, đêm tiểu nhiều, lưỡi nhạt, rêu trắng, mạch Trầm Tế Nhược","lưỡi nhạt, rêu trắng",mạch Trầm Tế Nhược,Hữu Quy Hoàn gia vị,"Qui đầu, Lộc giác, Thỏ ti tử, Nhục quế, Thục địa, Kỉ tử, Đỗ trọng, Phụ tử, Hoài sơn, Sơn thù, Dâm dương hoắc, Ba kích, Ngải diệp, Đương quy, Cam thảo"
Âm lãnh,Hàn trệ can mạch,,"Vùng tiền âm lạnh, hoặc âm hành dịch hoàn lạnh đau, bụng dưới đau rút, tay chân lạnh, lưỡi nhạt, rêu trắng nhuận, mạch Trì Huyền hoặc Hoãn","lưỡi nhạt, rêu trắng nhuận",mạch Trì Huyền hoặc Hoãn,Noãn Can Tiễn hợp Tiêu Quế Thang gia giảm,"Nhục quế, Tiểu hồi, Thanh bì, Trầm hương, Ô dược, Trần bì, Qui xuyên, Quế chi, Xuyên tiêu, Ma hoàng, Ngô thù du, Sài hồ"
Âm lãnh,Can kinh thấp nhiệt ngăn trở dương khí,,"Vùng tiền âm lạnh, ra mồ hôi, âm nang ẩm ướt, ngứa, mùi hôi, hông đau sườn đầy trướng, phiền táo dễ tức giận, miệng đắng khô họng, táo bón, tiểu vàng đỏ, lưỡi đỏ sậm, rêu vàng bệu, mạch Huyền Sác","lưỡi đỏ sậm, rêu vàng bệu",mạch Huyền Sác,Thanh Hồn Thang gia vị,"Sài hồ, Hoàng bá, Trạch tả, Đương quy vĩ, Ma hoàng căn, Phòng kỷ, Long đởm thảo, Phục linh, Hồng hoa, Ngũ vị tử"
Âm nang huyết thũng,Xuất huyết ứ huyết,"liệt dương, dương nuy, di tinh, mộng tinh, tảo tiết, hoạt tinh, xuất tinh, dương vật","Bìu dái sưng to, xệ xuống, da bìu màu đỏ tím tối hoặc có mảng đen như vết ứ huyết, nhẹ thì sưng co lại đau xệ, nặng thì cứng thành khối u đau chói",,,Thập Khôi Tán hợp Hoa Nhuỵ Thạch Tán,"Đại kế, Tiểu kế, Hà diệp thán, Bá diệp thán, Mao căn thán, Tây thảo căn, Đại hoàng thán, Chi tử, Tông lư bì, Mẫu đơn bì, Hoa nhuỵ thạch. (Nếu phát sốt thêm: Bồ công anh, Kim ngân hoa, Hoàng bá, Ngư tinh thảo, Bạch hoa xà thiệt thảo; Nếu chảy máu không cầm: bỏ Đại kế, Tiểu kế, Trắc bá diệp, Tông lư bì, thêm Đương quy, Xích thược, Xuyên khung, Hồng hoa)"
Âm nang huyết thũng,Ứ huyết kết,"liệt dương, dương nuy, di tinh, mộng tinh, tảo tiết, hoạt tinh, xuất tinh, dương vật","Âm nang sưng đau, sờ thấy khối u trong bìu, ấn vào đau, nặng, cứng không bớt, càng lúc càng sưng to",,,Phục Nguyên Hoạt Huyết Thang phối hợp Hoạt Lạc Hiệu Linh đơn,"Sài hồ, Thiên hoa phấn, Qui đầu, Đào nhân, Hồng hoa, Xuyên sơn giáp, Cam thảo, Nhũ hương, Một dược, Đan sâm, Đại hoàng. (Nếu bìu sưng cứng khó tan thêm Thuỷ điệt, Mẫu lệ; Nếu khí hư thêm Hoàng kỳ; Nếu bìu lạnh thêm Tiểu hồi, Nhục quế)"
Âm đạo đau,Can thận suy tổn,"âm đạo, âm hộ, vùng kín","Bộ phận sinh dục sưng đau hoặc đau rát, ít hoặc không có huyết trắng, đau lưng, chân mỏi, váng đầu, ù tai, mắt khô dính, uể oải không sức, lưỡi nhạt, rêu nhạt, mạch Trầm Tế","lưỡi nhạt, rêu nhạt",mạch Trầm Tế,Đương Quy Địa Hoàng Ẩm gia giảm,"Qui đầu, Sinh địa, Mẫu lệ, Bạch thược, Huyền hồ"
Âm đạo đau,Can uất khí trệ,"âm đạo, âm hộ, vùng kín","Bộ phận sinh dục sưng đau lan đến bụng dưới, hông sườn và hai vú, phiền táo dễ tức giận, ngực đầy tức, lưỡi đỏ, rêu nhạt, mạch Huyền","lưỡi đỏ, rêu nhạt",mạch Huyền,Tiêu Dao Tán gia giảm,"Sài hồ, Bạch truật, Bạch thược, Qui đầu, Trần bì, Trích thảo, Sinh khương, Bạc hà, Bạch linh, Xuyên luyện tử, Hương phụ, Huyền hồ. (Nếu Can uất hoá hoả thêm: Đơn bì, Chi tử, Hạ khô thảo)"
Âm đạo đau,Can kinh thấp nhiệt,"âm đạo, âm hộ, vùng kín","Bộ phận sinh dục sưng đau, nhiều huyết trắng vàng như mủ, dính hôi, váng đầu, hoa mắt, miệng đắng, khô họng, khát thích uống nước, táo bón, tiểu vàng, rêu vàng bệu, mạch Huyền Hoạt Sác",rêu vàng bệu,mạch Huyền Hoạt Sác,"Long Đởm Tả Can Thang gia Hoàng bá, Uất kim","Hoàng cầm, Chi tử, Qui đầu, Sài hồ, Mộc thông, Cam thảo, Sinh địa, Long đởm thảo, Sa tiền, Trạch tả, Hoàng bá, Uất kim"
Âm đạo đau,Hàn trệ can mạch,"âm đạo, âm hộ, vùng kín","Bộ phận sinh dục co thắt đau chịu không được, sợ lạnh, tay chân lạnh, các khớp đau nhức, lưỡi tối, rêu trắng, mạch Trầm khẩn","lưỡi tối, rêu trắng",mạch Trầm khẩn,Xuyên Luyện Thang gia giảm,"Binh lang, Trạch tả, Xuyên luyện tử, Tiểu hồi, Trư linh, Bạch truật, Ô dược, Nhũ hương, Huyền hồ, Mộc hương, Ma hoàng, Sinh khương, Thông bạch"
Âm suy,Khí hư,,"Tiếng hơi đánh ra nặng, có khi liên tục có khi gián đoạn, mệt mỏi không sức, hơi thở ngắn, nói đứt quãng, vùng đầy bụng tức hoặc bụng dưới trằn nặng, da mặt không tươi, lưỡi nhạt, rêu trắng, mạch Nhược Hoãn","lưỡi nhạt, rêu trắng",mạch Nhược Hoãn,Bổ Trung Ích Khí thang thêm Chỉ xác,"Đẳng sâm, Hoàng kỳ, Chích thảo, Thăng ma, Qui đầu, Sài hồ, Bạch truật, Trần bì, Chỉ xác"
Âm suy,Vị táo,,"Trong âm đạo luôn có hơi, miệng háo, khô họng, táo bón, đầy bụng trướng, lưỡi đỏ, rêu vàng, mạch Hoạt Sác","lưỡi đỏ, rêu vàng",mạch Hoạt Sác,Ma Tử Nhân Hoàn,"Ma tử nhân, Hạnh nhân, Hậu phác, Đại hoàng, Chỉ thực, Bạch thược"
Âm suy,Khí uất,,"Trong âm đạo có tiếng hơi lúc nặng lúc nhẹ, tinh thần ưu uất, phiền táo dễ tức giận, đau ngực sườn, bụng dưới trướng đau, ợ hơi, ăn ít, thích thở dài, lưỡi bình thường, rêu trắng nhạt, mạch Huyền hoặc Huyền sáp","lưỡi bình thường, rêu trắng nhạt",mạch Huyền hoặc Huyền sáp,Tiêu Dao Tán thêm Chỉ xác,"Sài hồ, Bạch truật, Bạch thược, Qui đầu, Trần bì, Trích thảo, Sinh khương, Bạc hà, Bạch linh, Chỉ xác"
Âm suy,Đờm thấp,,"Trong âm đạo có hơi, huyết trắng nhiều, trắng đục, hông sườn đầy tức, nôn ra đờm dãi, lo sợ, hơi thở ngắn, miệng nhạt dính, lưỡi nhạt, rêu trắng bệu, mạch Hoạt Hoãn","lưỡi nhạt, rêu trắng bệu",mạch Hoạt Hoãn,Quất Bán Chỉ Khương Thang thêm Bạch truật,"Bạch truật, Phục linh, Quế chi, Sinh khương, Bán hạ, Trần bì, Chỉ thực"
Viêm hạnh đào,Phong nhiệt,,"Amidan sưng đỏ, sưng cao, chân thu gọn, mặt ngoài cao thấp không bằng, mới phát sợ rét phát nóng, đỏ hồng đau, khó nuốt, miệng ráo lưỡi khô, đau đầu, đầu lưỡi đỏ, rêu trắng mỏng, mạch Phù Hoạt Sác hữu lực","miệng ráo lưỡi khô, đầu lưỡi đỏ, rêu trắng mỏng",mạch Phù Hoạt Sác hữu lực,Thanh yết lợi cách thang,"Bạc hà, Ngưu bàng, Ngân hoa, Cát cánh, Xạ can, Huyền sâm, Sinh địa, Nhọ nồi, Bồ công anh, Sơn đậu căn"
Viêm hạnh đào,Nhiệt độc,,"Sốt cao, khô miệng, amidan sưng to, loét hoặc hoá mủ, có màng vàng hoặc trắng, đau họng nhiều không dám ăn, nổi hạch dưới hàm, gáy, nước tiểu đỏ, táo bón, rêu vàng dày, mạch Sác hữu lực",rêu vàng dày,mạch Sác hữu lực,Hoàng liên thanh hầu ẩm,"Ngân hoa, Hoàng liên, Hoàng bá, Xạ can, Huyền sâm, Sinh địa, Tang bì, Thạch cao, Liên kiều, Cát cánh, Cam thảo, Hoàng cầm, Ngưu tất, Sơn đậu căn, Xích thược"
Viêm hạnh đào,Âm hư,,"Bệnh tái phát liên tục hoặc dây dưa không khỏi, amidan sưng đau, sốt nhẹ, người mệt mỏi, khô miệng, hôi miệng, ho khan",,,Lục vị địa hoàng hoàn gia giảm,"Sinh địa, Hoài sơn, Sơn thù, Đan bì, Bạch linh, Trạch tả, Huyền sâm, Xạ can, Tri mẫu, Thiên hoa phấn, Địa cốt bì, Ngưu tất, Tang bì. (Nếu ho khan thêm: Hạnh nhân, Bối mẫu)"
Viêm hạnh đào,Khí hư,,"Bệnh tái phát liên tục, ăn uống khó khăn, lâu ngày da vàng sạm, chân đau tay mỏi, sắc mặt nhạt, dễ bị cảm mạo, mạch Hư Nhược",,mạch Hư Nhược,Bổ trung ích khí thang gia giảm,"Hoàng kỳ, Cam thảo, Nhân sâm, Qui đầu, Trần bì, Thăng ma, Sài hồ, Bạch truật, Long nhãn, Liên kiều, Hoàng cầm, Hạnh nhân"
Viêm hạnh đào,Huyết ứ,,"Yết hầu đau hay tái phát, kéo dài không khỏi, họng sưng sắc tối, chất họng sạm, mạch Sáp",,mạch Sáp,Lưu thị yết thư thang,"Xuyên khung, Qui đầu, Xích thược, Quế chi, Cam thảo, Đan sâm, Đào nhân, Xạ can, Cát cánh"
Anh lựu (Khí anh),Khí trệ đờm ngưng,,"Tuyến giáp sưng, bờ không rõ, sắc da bình thường, ấn mềm không đau, to nhỏ thay đổi theo trạng thái vui buồn, chất lưỡi hồng nhạt, rêu trắng mỏng hoặc trắng vàng","chất lưỡi hồng nhạt, rêu trắng mỏng hoặc trắng vàng",,Tứ Hải Sơ Uất Hoàn,"Thanh mộc hương, Trần bì, Hải cáp phấn, Hải đới, Hải tảo, Côn bố, Hải phiêu tiêu"
Anh lựu (Khí anh),Thận dương hư tổn,,"Tuyến giáp sưng kèm váng đầu, lưng gối đau mỏi, mệt mỏi, ra mồ hôi trộm hoặc tự hãn, lưỡi sắc nhợt ít rêu, mạch hư tế nhược",lưỡi sắc nhợt ít rêu,mạch hư tế nhược,Tứ Hải Sơ Uất Hoàn gia thêm vị bổ thận,"Thanh mộc hương, Trần bì, Hải cáp phấn, Hải đới, Hải tảo, Côn bố, Hải phiêu tiêu, Thỏ ti tử, Nhục thung dung, Bổ cốt chi, Hà thủ ô"
Anh lựu (Nhục anh),Khí trệ đờm ngưng,,"Khối u bề mặt trơn, cứng vừa, ấn không đau, kèm ngực đầy tức, họng hơi nghẹn, rêu lưỡi mỏng hơi nhầy, mạch Huyền Tế",rêu lưỡi mỏng hơi nhầy,mạch Huyền Tế,Hải Tảo Ngọc Hồ Thang hợp Tiêu Dao Tán gia giảm,"Hải tảo, Côn bố, Hải đới, Hạnh nhân, Liên kiều, Độc hoạt, Đương quy, Xuyên khung, Bạch thược, Sài hồ, Bạch truật, Phục linh, Cam thảo"
Anh lựu (Nhục anh),Vị nhiệt tỳ nhược,,"Khối u kèm ăn nhiều mau đói, người gầy, tiêu lỏng, lưỡi rêu mỏng nhầy, mạch Nhu",lưỡi rêu mỏng nhầy,mạch Nhu,Hải Tảo Ngọc Hồ Thang hợp Ngọc Nữ Tiễn gia giảm,"Hải tảo, Côn bố, Hải đới, Hạnh nhân, Liên kiều, Độc hoạt, Đương quy, Xuyên khung, Bạch thược, Sinh thạch cao, Thục địa, Mạch môn, Tri mẫu, Ngưu tất"
Anh lựu (Nhục anh),Can thận âm hư,,"Khối u kèm váng đầu, hồi hộp, bứt rứt, ra mồ hôi, tay run, kinh nguyệt ít hoặc bế kinh, lưỡi đỏ, mạch Sác",lưỡi đỏ,mạch Sác,Tri Bá Địa Hoàng Hoàn gia giảm (hoặc Bài thuốc kinh nghiệm trị bướu),"Thục địa, Hoài sơn, Sơn thù, Đan bì, Bạch linh, Trạch tả, Tri mẫu, Hoàng bá, Đương quy, Đan sâm, Hoàng dược tử, Hạ khô thảo, Sinh mẫu lệ, Côn bố, Hải phù thạch"
Anh lựu (Nhục anh),Đờm ứ ngưng kết,,"Khối u cứng hoặc đau, chất lưỡi đỏ tía, xám, hoặc có ban ứ huyết, mạch Tế Sáp",chất lưỡi đỏ tía,mạch Tế Sáp,Hải Tảo Ngọc Hồ Thang hợp Tiểu Kim Đơn,"Hải tảo, Côn bố, Hải đới, Hạnh nhân, Liên kiều, Độc hoạt, Đương quy, Xuyên khung, Bạch thược, Bạch giao hương, Thảo ô đầu, Ngũ linh chi, Địa long, Chế mã tiền tử, Nhũ hương, Một dược, Xạ hương, Mực tàu"
Áp xe phế,Phong nhiệt phạm phế,"ho ra mủ, khạc mủ, ho ra máu, đờm mủ, đờm tanh, đau ngực, mủ tanh, sốt cao rét run","Ho đàm dính, vùng đau tức ngực, sợ lạnh, sốt, ho nhiều, khó thở, khô miệng, rêu lưỡi vàng mỏng, mạch Phù Hoạt Sác hoặc Sác Thực",rêu lưỡi vàng mỏng,mạch Phù Hoạt Sác hoặc Sác Thực,Ngân Kiều Tán gia giảm,"Bạc hà, Cát cánh, Cam thảo, Đậu xị, Kim ngân hoa, Kinh giới huệ, Liên kiều, Lô căn, Ngưu bàng tử, Trúc diệp. (Gia: Cúc hoa, Mạn kinh tử nếu đau đầu; Bối mẫu, Hạnh nhân, Qua lâu nếu ho đàm nhiều; Sa sâm, Thiên môn, Thiên hoa phấn nếu tổn thương tân dịch; Uất kim, Đào nhân nếu đau ngực nhiều)"
Áp xe phế,Giai đoạn nung mủ,"ho ra mủ, khạc mủ, ho ra máu, đờm mủ, đờm tanh, đau ngực, mủ tanh, sốt cao rét run","Sốt cao, ra mồ hôi, không sợ lạnh, ho, thở gấp, ngực đầy tức, nôn ra đờm dãi tanh hôi hoặc mủ máu, khô miệng, khô họng, rêu lưỡi vàng dày, mạch Hoạt Sác",rêu lưỡi vàng dày,mạch Hoạt Sác,Thiên Kim Vi Hành Thang gia giảm,"Đào nhân, Đông qua nhân, Vĩ kinh, Ý dĩ nhân, Áp chích thảo, Kim ngân hoa, Liên kiều, Ngư tinh thảo. (Gia: Chi tử, Hoàng cầm, Thạch cao, Tri mẫu nếu nhiệt nhiều; Đình lịch tử, Tang bạch bì nếu suyễn)"
Áp xe phế,Giai đoạn vỡ mủ,"ho ra mủ, khạc mủ, ho ra máu, đờm mủ, đờm tanh, đau ngực, mủ tanh, sốt cao rét run","Sốt, khát thích uống, ho ói ra mủ máu hoặc như nước cơm, mùi tanh hôi, ngực đầy đau tức, khó thở không nằm được, chất lưỡi đỏ, rêu vàng nhớt, mạch Hoạt Sác","chất lưỡi đỏ, rêu vàng nhớt",mạch Hoạt Sác,Cát Cánh Thang hợp Thiên Kim Vi Hành Thang,"Bại tương thảo, Cam thảo, Cát cánh, Đông qua nhân, Hoàng cầm, Kim ngân hoa, Liên kiều, Ngư tinh thảo, Qua lâu, Vi căn, Ý dĩ nhân"
Ẩu thổ,Vị nhiệt,"nôn, buồn nôn, ói, ẩu thổ","Hơi trong miệng nồng nặc, đau vùng vị, khát nước, ưa uống lạnh, táo bón",,,Điều vị thừa khí thang gia giảm,"Bạch linh, Bạch truật, Bạch thược, Qui đầu, Đan bì, Hoàng liên, Nhân sâm, Đại hoàng, Cam thảo, Mang tiêu. (Nôn nhiều đờm gia Trần bì; Ăn vào thổ ngay gia Nhân sâm)"
Ẩu thổ,Can khí phạm vị,"nôn, buồn nôn, ói, ẩu thổ","Nôn mửa nước chua, đau sườn, miệng đắng, ợ hơi",,,Tiêu dao tán gia vị hợp Tả kim hoàn,"Bạch linh, Bạch thược, Qui đầu, Bạch truật, Sài hồ, Trần bì, Trích thảo, Chi tử, Nhân sâm, Truật nam, Hoàng liên, Ngô thù"
Ẩu thổ,Vị hư hàn,"nôn, buồn nôn, ói, ẩu thổ","Nôn mửa ra chất trong loãng, vị quản đau ưa ấm, thiện án, sau khi ăn một lúc mới nôn, nôn ra thức ăn và nôn ra đờm, ít mùi",,,Ôn trung tán hàn phương,"Sa sâm, Bạch truật, Bạch linh, Cam thảo, Trần bì, Bán hạ, Sinh khương, Phụ tử, Đinh hương"
Ẩu thổ,Âm hư,"nôn, buồn nôn, ói, ẩu thổ","Nôn mửa thất thường, khô miệng đắng nhưng không muốn ăn, lưỡi đỏ, rêu bong tróc, khô, mạch Tế Sác","lưỡi đỏ, rêu bong tróc",mạch Tế Sác,Tư âm nhuận táo phương,"Thục địa, Bạch linh, Sơn thù, Ngũ vị, Nhục quế"
Ẩu thổ,Thương thực,"nôn, buồn nôn, ói, ẩu thổ","Nôn ra chất chua và chất đục của thức ăn, đau bụng tức, nôn, ợ chua, không thích ấn vào, biếng ăn, ợ hơi, nôn ra thì dễ chịu, đại tiện lỏng hoặc bón, rêu lưỡi dày nhạt, mạch Hoạt Thực",rêu lưỡi dày nhạt,mạch Hoạt Thực,Bảo hòa hoàn gia giảm,"Bạch linh, Thần khúc, Liên kiều, Chỉ thực, La bạc tử, Sơn tra, Bán hạ, Hậu phác"
Ẩu thổ,Đàm ẩm,"nôn, buồn nôn, ói, ẩu thổ","Nôn ra đàm rãi, chóng mặt, hồi hộp, mạch Hoạt",,mạch Hoạt,Ôn đởm thang gia giảm,"Trần bì, Bán hạ, Bạch linh, Cam thảo, Chỉ thực, Trúc nhự, Sinh khương"
Bạch biến,Huyết táo,,"Vùng da bị bệnh khô ráo, kèm hoa mắt, ù tai, ngủ kém, đau lưng, kinh nguyệt không đều, chất lưỡi nhạt, ít rêu, mạch Trầm Tế","chất lưỡi nhạt, ít rêu",mạch Trầm Tế,Sinh huyết nhuận phu ẩm,"Qui đầu, Thục địa, Sinh địa, Hoàng kỳ, Thiên môn, Mạch môn, Ngũ vị, Thăng ma, Hoàng cầm, Hồng hoa, Đào nhân, Qua lâu"
Bạch biến,Phong thấp,,"Da xuất hiện vết trắng hoặc tía, ban đầu không đau ngứa, lâu dần hơi ngứa",,,Hồ ma hoàn (uống trong),"Hồ ma, Phòng phong, Khổ sâm, Xương bồ, Uy linh tiên, Bạch phụ, Độc hoạt, Cam thảo"
Cường giáp (Basedow),Can khí uất trệ,,"đau ngực sườn tức, đầy bụng ăn ít, rìa lưỡi đỏ, rêu vàng, mạch Huyền","rìa lưỡi đỏ, rêu vàng",mạch Huyền,Đơn Chi Tiêu Dao Tán gia giảm,"Sài hồ, Bạch truật, Bạch thược, Qui đầu, Trần Bì, Chích thảo, Sinh khương, Bạc hà, Bạch linh, Đan bì, Chi tử, Hậu phác"
Cường giáp (Basedow),Can hỏa thịnh,,"Bứt rứt, nóng nảy, hay cáu gắt, mặt đỏ ửng, sợ nóng, miệng đắng, mồ hôi nhiều, hoa mắt chóng mặt, tay chân run, lưỡi đỏ, rêu mỏng vàng, mạch Huyền Sác","lưỡi đỏ, rêu mỏng vàng",mạch Huyền Sác,Long Đởm Tả Can Thang gia giảm,"Long đởm thảo, Hoàng cầm, Chi tử, Thiên hoa, Sinh địa, Bạch thược, Ngọc trúc. (Nếu vị nhiệt thêm: Hoàng liên, Thạch cao; nóng nảy, mặt đỏ tay run thêm: Trân châu, Từ thạch, Câu đằng, Địa long; táo bón thêm: Đại hoàng)"
Cường giáp (Basedow),Tâm âm hư,,"Bứt rứt khó ngủ, hồi hộp ra mồ hôi, mệt mỏi, ngắn hơi, chất lưỡi đỏ bóng, ít rêu hoặc rêu mỏng, mạch Tế Sác","chất lưỡi đỏ bóng, ít rêu hoặc rêu mỏng",mạch Tế Sác,Bổ Tâm Đơn gia giảm,"Sa sâm, Huyền sâm, Đan sâm, Thiên môn, Mạch môn, Đương qui, Sinh địa, Bá tử nhân, Ngũ vị, Sao Táo nhân, Viễn trí, Chu sa. (Nếu thận âm hư thêm: Nữ trinh tử, Hạn liên thảo, Quy bản, Kỷ tử; nếu âm hư hỏa vượng thêm: Tri mẫu, Hoàng bá)"
Cường giáp (Basedow),Đàm thấp ngưng kết,,"Tuyến giáp to, ngực đầy tức, không muốn ăn, nôn, buồn nôn, tiêu lỏng, lưỡi bệu, rêu dày nhớt, mạch Nhu Hoạt","lưỡi bệu, rêu dày nhớt",mạch Nhu Hoạt,Hải Tảo Ngọc Hồ Thang,"Bán hạ, Đương qui, Xuyên khung, Hải tảo, Triết bối mẫu, Thanh bì, Phục linh, Côn bố, Trạch tả, Hải đới. (Nếu ngực tức sườn đau thêm: Xuyên luyện tử, Diên hồ sách; nôn, tiêu lỏng, mệt mỏi thêm: Bạch truật, Ý dĩ, Biển đậu)"
Cường giáp (Basedow),Hung tý,,"Đau ngực do can khí uất trệ, nhiệt đàm tắc kinh lạc",,,Phương sơ can thông lạc thanh nhiệt hóa đàm,"Khương bán hạ, Qua lâu bì, Chỉ thực, Uất kim, Hồng hoa, Đan sâm, Đăng tâm, Sao Hoàng liên"
Cường giáp (Basedow),Biến chứng - Chân tay yếu mềm,,"tay chân yếu mềm do can thịnh tỳ hư, khí thoát, đàm kết",,,Phương thanh can trợ tỳ hóa đàm tán kết,"Đơn bì, Chi tử, Thái tử sâm, Bạch truật sống, Chích Hoàng kỳ, Khương bán hạ, Thanh bì, Trần bì, Xuyên ngưu tất, Tàm sa, Côn bố"
Giảm bạch cầu,Khí huyết hư,"xuất huyết, bầm tím tự phát, chảy máu, hạch, gan lách to, tiểu cầu","Bạch cầu giảm dưới 4000/ml, váng đầu, đau đầu, tay chân không có sức, ăn uống kém, thân nhiệt giảm, mất ngủ",,,Thăng Áp Thang 1,"Hoàng kỳ, Hoàng tinh, Ý dĩ, Kỉ tử, Cốt toái bổ, Trích thảo"
Bệnh bạch huyết,Nhiệt độc và huyết nhiệt,"xuất huyết, bầm tím tự phát, chảy máu, hạch, gan lách to, tiểu cầu","Sốt cao, mệt mỏi li bì, khô đau họng, phiền táo, đái đỏ, loét miệng, chảy máu chân răng và dưới da, đau đầu, đau khớp, lưỡi đỏ, rêu vàng, mạch Hoạt Sác","lưỡi đỏ, rêu vàng",mạch Hoạt Sác,Thanh nhiệt giải độc lương huyết,"Sinh địa, Huyền sâm, Địa cốt bì, Sơn đậu căn, Ngân hoa, Bồ công anh, Xích thược, Hoàng liên, Cam thảo. (Loét miệng thêm: Hoàng liên, Hoàng cầm; Chảy máu thêm: Mao căn, Đại hoàng sao đen; Đau khớp thêm: Địa long; Khát nước thêm: Sa sâm, Thiên môn)"
Bệnh bạch huyết,Huyết ứ đàm kết,"xuất huyết, bầm tím tự phát, chảy máu, hạch, gan lách to, tiểu cầu","Lách to, nổi hạch",,,Hoạt huyết hoá đàm tiêu kết,"Qui đầu, Bạch thược, Tam lăng, Nga truật, Đan sâm, Hạ khô thảo, Liên kiều, Bối mẫu, Huyền sâm, Xạ can"
Bệnh bạch huyết,Khí hư,"xuất huyết, bầm tím tự phát, chảy máu, hạch, gan lách to, tiểu cầu","Sắc mặt trắng bệch, choáng đầu, mệt mỏi, tự hãn, hồi hộp, thở gấp, lưng gối mỏi đau, chất lưỡi nhạt",chất lưỡi nhạt,,Bổ trung ích khí thang / Tứ quân tử thang / Quy tỳ thang,"(Tùy bài chọn) Nhân sâm, Hoàng kỳ, Bạch truật, Cam thảo, Đương qui, Trần bì, Thăng ma, Sài hồ, Phục linh, Long nhãn nhục, Táo nhân, Viễn trí, Mộc hương..."
Bệnh bạch huyết,Âm hư,"xuất huyết, bầm tím tự phát, chảy máu, hạch, gan lách to, tiểu cầu","Triệu chứng âm hư: gầy nóng, ngũ tâm phiền nhiệt, khô miệng, lưỡi đỏ",lưỡi đỏ,,Lục vị địa hoàng hoàn / Tả quy hoàn,"Thục địa, Hoài sơn, Sơn thù, Đan bì, Bạch linh, Trạch tả, Kỷ tử, Thỏ ti tử, Quy bản, Ngưu tất..."
Bệnh bạch huyết,Khí âm đều hư,"xuất huyết, bầm tím tự phát, chảy máu, hạch, gan lách to, tiểu cầu","Sắc mặt trắng bệch, mệt mỏi, hồi hộp, lưng gối mỏi, kèm triệu chứng âm hư",,,Bổ khí bổ âm phương,"Hoàng kỳ, Đẳng sâm, Bạch truật, Thục địa, Hà thủ ô, Qui đầu, Mạch môn, Ngũ vị, Sa sâm, Hoàng tinh, Cam thảo"
Bắp chân xung đau,Thấp nhiệt,,"Bắp chân sưng trướng, xuất hiện sợi mạch cứng như chuỗi thừng, sưng đau, nóng rát đỏ bừng, tiểu vàng, rêu vàng nhớt",rêu vàng nhớt,,Tĩnh mạch viêm khẩu phục phương,"Ngưu tất, Mộc qua, Xương truật, Kê huyết đằng, Ô dược, Xích thược, Đào nhân, Trạch tả, Trạch lan. (Gia: Ngân hoa, Tử hoa địa đinh hoặc Bồ công anh nếu cấp tính; Mộc thông hoặc Tam lăng, Nga truật nếu sưng đau nhiều; Huyền hồ, Anh túc sác nếu đau nhiều; Thái tử sâm, Hoàng kỳ, Đương qui nếu khí hư)"
Bắp chân xung đau,Huyết ứ,,"Chi dưới sưng đau dữ dội, nơi đau biến màu tía tối, cứng rắn, lưỡi tối",lưỡi tối,,Hoạt huyết tán ứ phương,"Tô mộc, Bạch thược, Tam lăng, Trần bì, Mộc hương, Xích thược, Hồng hoa, Nga truật, Quỉ tiễn vũ"
Bắp chân xung đau,Khí hư huyết trệ,,"Đau không nặng lắm nhưng chữa lâu không khỏi, kèm khí hư, đoản hơi, hồi hộp, mệt mỏi",,,Tĩnh mạch viêm phương số 1,"Đương qui, Xích thược, Một dược, Tô mộc, Hoàng kỳ, Địa long, Xuyên khung, Nhũ hương, Hồng hoa, Uất kim"
Bắp chân xung đau,Huyết thuỷ câu kết,,"Hai chi dưới sưng trướng, to như thùng, đau nhức, ấn lõm sâu, sắc da tối trệ, tinh thần ủ dột, tiểu tiện ít, chất lưỡi phù đại, tía tối, mạch trầm sắc, phụ nữ hành kinh ít hoặc bế kinh",chất lưỡi phù đại,mạch trầm sắc,Chu thị hạ chi ứ thông phương,"Linh bì, Nga truật, Qui đầu, Uy linh tiên, Mộc qua, Ý dĩ, Bào sơn giáp, Đào nhân, Vương bất lưu hành, Cam thảo"
Hỏa thương,Chung,,"Bỏng lửa, nước sôi, hóa chất, có thể dùng để thanh thử tị trọc, hòa vị chỉ ẩu",,,Thập thích thủy,"Tiên khương, Đinh hương, Đại hoàng, Lạt tiêu, Bạc hà thủy"
Thận vu viêm,Thấp nhiệt,,"Sốt cao, đau vùng thận một hoặc hai bên, tiểu đục, tiểu gắt, tiểu ra protein, bạch cầu, có thể tiểu ra máu",,,Thận Vu Thanh Giải Thang,"Bạch đầu ông, Liên kiều, Hoạt thạch, Hoàng bá, Mộc thông, Biển súc, Cù mạch, Phục linh, Hoàng liên, Cam thảo"
Thương cân,Khí trệ huyết ứ,,"Đau nhói như điện giật ở khớp bị trẹo, sau tê dại rồi đau nhức trở lại, vận động hoặc va đập gây bong gân, tụ huyết sưng bầm, khó vận động, đau nhức co giật",,,Phương uống trị bong gân,"Đại hồi, Kê huyết đằng, Ngưu tất, Nhũ hương, Một dược, Nhục quế, Đỗ trọng, Xuyên khung, Qui xuyên, Thục địa, Xích thược, Tục đoạn, Hồng hoa, Cốt toái bổ, Đại hoàng, Đào nhân, Uất kim, Tam thất"
Bế kinh,Phong hàn,"kinh nguyệt, kinh, thai, sản, âm đạo, huyết trắng, đới hạ, băng","Kinh bế vài tháng, bụng dưới đau lạnh, tay chân không ấm, ngực buồn tức, buồn nôn, rêu trắng, mạch trầm khẩn",rêu trắng,mạch trầm khẩn,Phương ôn kinh tán hàn thông trệ,"Quế chi, Tô ngạnh, Bạch chỉ, Đan sâm, Xuyên khung, Uất kim, Nga truật, Ngưu tất, Đương qui, Bạch thược, Đẳng sâm, Cam thảo, Đan bì"
Bế kinh,Vị nhiệt,"kinh nguyệt, kinh, thai, sản, âm đạo, huyết trắng, đới hạ, băng","Bế kinh, sắc mặt vàng, 2 gò má đỏ, tâm phiền nóng nảy, miệng đắng khô họng, người gầy, lưỡi đỏ rêu vàng khô, có thể loét miệng lưỡi, mạch huyền tế sác","lưỡi đỏ rêu vàng khô, có thể loét miệng lưỡi",mạch huyền tế sác,Phương tiết nhiệt tân âm,"Qui đầu, Thục địa, Bạch thược, Đại hoàng, Mang tiêu, Cam thảo, Xuyên khung"
Bế kinh,Can thận bất túc,"kinh nguyệt, kinh, thai, sản, âm đạo, huyết trắng, đới hạ, băng","Có kinh muộn hoặc có kinh vài lần rồi mất luôn, mệt mỏi, da xạm, váng đầu, ù tai, đau lưng mỏi gối, lưỡi nhạt, rêu trắng mỏng, mạch tế nhược hoặc trầm sáp","lưỡi nhạt, rêu trắng mỏng",mạch tế nhược hoặc trầm sáp,Qui thận hoàn gia vị,"Thục địa, Qui đầu, Bạch linh, Ích mẫu, Sơn thù, Đỗ trọng, Ngưu tất, Thỏ ty tử, Hoài sơn, Kỉ tử, Hương phụ, Cam thảo, Hà thủ ô, Cẩu tích"
Bế kinh,Khí hư,"kinh nguyệt, kinh, thai, sản, âm đạo, huyết trắng, đới hạ, băng","Bế kinh vài tháng, sắc mặt vàng, tinh thần mệt mỏi, tay chân lạnh, phù thũng, choáng đầu hồi hộp, hơi thở gấp, đầy bụng ăn kém, đại tiện lỏng, miệng nhạt, rêu lưỡi trắng, mạch trầm hoãn",rêu lưỡi trắng,mạch trầm hoãn,"Bổ trung ích khí thang gia giảm (hoặc Qui tỳ thang, Sâm linh bạch truật tán)","Hoàng kỳ, Sài hồ, Bạch truật, Đẳng sâm, Đương qui, Trần bì, Cam thảo, Thăng ma, Bạch thược, Đan sâm, Ngưu tất"
Bế kinh,Huyết hư,"kinh nguyệt, kinh, thai, sản, âm đạo, huyết trắng, đới hạ, băng","Bế kinh, sắc mặt vàng úa, hay hoa chóng mặt, nhức đầu, hồi hộp thở ngắn, đau lưng, ăn kém gầy mòn, khô da nhạt, mạch hư sác",,mạch hư sác,Tứ vật đào hồng gia sâm truật,"Đẳng sâm, Bạch truật, Hoài sơn, Ý dĩ, Kỉ tử, Thục địa, Hà thủ ô, Kê huyết đằng, Ngưu tất, Ích mẫu, Xuyên khung, Qui đầu, Bạch thược, Hoàng kỳ"
Bế kinh,Âm hư,"kinh nguyệt, kinh, thai, sản, âm đạo, huyết trắng, đới hạ, băng","Bế kinh vài tháng, người gầy mòn, sắc mặt trắng, hai gò má đỏ, lòng bàn tay chân nóng, khô miệng ráo, ho khan hoặc khạc ra máu, tâm phiền, ít ngủ, lưỡi đỏ rêu vàng, mạch hư tế sác",lưỡi đỏ rêu vàng,mạch hư tế sác,Phương bổ can thận hoạt huyết (hoặc bổ phế thận âm),"Bạch thược, Hoàng kỳ, Cam thảo, Ngũ vị, A giao, Bán hạ, Bạch linh, Qui đầu, Sa sâm, Thục địa"
Bế kinh,Âm hư hoả vượng,"kinh nguyệt, kinh, thai, sản, âm đạo, huyết trắng, đới hạ, băng","Gò má đỏ từng lúc, lòng bàn tay nóng, ra mồ hôi trộm, ít ngủ",,,Phương bổ huyết dưỡng âm,"Bá tử nhân, Bạch chỉ, Trạch lan, Tục đoạn, Thục địa, Đan sâm, Quế chi, Ngưu tất, Xuyên khung, Qui đầu, Bạch thược, Đan bì, Đẳng sâm, Cam thảo, Nga truật"
Bế kinh,Khí uất,"kinh nguyệt, kinh, thai, sản, âm đạo, huyết trắng, đới hạ, băng","Bế kinh, sắc mặt vàng, nóng nảy hay cáu gắt, phiền táo, choáng ù tai, ngực sườn chướng đau, ăn ít ợ hơi, rêu lưỡi vàng dày, mạch huyền hoạt",rêu lưỡi vàng dày,mạch huyền hoạt,Phương điều khí giải uất điều kinh,"Hương phụ, Trần bì, Ô dược, Tô ngạnh, Nga truật, Uất kim, Xuyên khung, Ngưu tất, Đào nhân, Bạch linh, Bán hạ, Cam thảo, Binh lang, Thanh bì, Nhũ hương"
Bế kinh,Đàm thấp,"kinh nguyệt, kinh, thai, sản, âm đạo, huyết trắng, đới hạ, băng","Bế kinh, người béo, không muốn ăn, có lúc buồn nôn, tiểu tiện nhiều, miệng nhạt, rêu trắng nhờn, mạch huyền hoạt",rêu trắng nhờn,mạch huyền hoạt,Phương trừ đàm thấp điều kinh,"Hương phụ, Trần bì, Bán hạ, Cam thảo, Ý dĩ, Đẳng sâm, Chỉ sác, Nga truật, Uất kim, Xương truật, Bạch linh, Nam tinh"
Bế kinh,Huyết ứ,"kinh nguyệt, kinh, thai, sản, âm đạo, huyết trắng, đới hạ, băng","Bế kinh vài tháng, sắc mặt xanh tối, hạ vị cứng trướng cự án, khô miệng không muốn uống, 2 bên lưỡi tía, mạch trầm huyền sáp",2 bên lưỡi tía,mạch trầm huyền sáp,Phương hoạt huyết trục ứ,"Đương qui, Huyền hồ, Xích thược, Đào nhân, Hồng hoa, Xuyên khung, Hương phụ, Đan sâm, Trạch lan, Ngưu tất, Ích mẫu, Uất kim, Tạo giác thích"
Béo phì,Tỳ hư thấp trệ,"béo, mập, thừa cân, tăng cân, quá cân, phát phì, béo phì, bụng to","Béo phì, chân phù, mặt nặng, mệt mỏi, chán ăn, tiêu lỏng, tiểu ít, thân lưỡi bệu, rêu trắng dày, mạch Hoạt hoặc Trầm Nhược","thân lưỡi bệu, rêu trắng dày",mạch Hoạt hoặc Trầm Nhược,Phòng Kỷ Hoàng Kỳ Thang hợp Linh Quế Truật Cam Thang gia giảm,"Hoàng kỳ, Xương truật, Phòng kỉ, Bạch truật, Bạch linh, Trạch tả, Xa tiền thảo, Quế chi, Cam thảo. (Gia: Đảng sâm nếu khí hư nặng; Ý dĩ nếu thấp nặng; Chỉ thực, Hậu phác nếu bụng đầy; Mạch nha, Sơn tra nếu ăn kém)"
Béo phì,Vị thấp nhiệt,"béo, mập, thừa cân, tăng cân, quá cân, phát phì, béo phì, bụng to","Người mập, tay chân nặng nề, chóng mặt, nặng đầu, ăn mau đói, khát thích uống nước mát, chất lưỡi đỏ, rêu vàng dày, mạch Trầm Sác hoặc Hoạt Sác","chất lưỡi đỏ, rêu vàng dày",mạch Trầm Sác hoặc Hoạt Sác,Phòng Phong Thông Thánh Tán gia giảm,"Phòng phong, Hoàng cầm, Chi tử, Xuyên tâm liên, Thạch cao, Hoạt thạch, Bạch truật, Liên kiều, Thảo quyết minh, Cam thảo, Đại hoàng. (Gia: Hà diệp nếu khát nước; Dã Cúc hoa nếu đầu đau)"
Béo phì,Can khí uất kết,"béo, mập, thừa cân, tăng cân, quá cân, phát phì, béo phì, bụng to","Bứt rứt dễ cáu gắt, ngực sườn đầy tức, đầy bụng ăn kém, mồm đắng lưỡi khô, kinh nguyệt không đều, mạch Huyền",mồm đắng lưỡi khô,mạch Huyền,Đại Sài Hồ Thang gia giảm,"Sài hồ, Hương phụ, Hoàng cầm, Bán hạ, Chỉ thực, Uất kim, Xuyên khung, Bạch linh. (Gia: Sinh địa, Thiên hoa phấn nếu khát; Trần bì, Hậu phác nếu bụng đầy nhiều)"
Béo phì,Khí trệ huyết ứ,"béo, mập, thừa cân, tăng cân, quá cân, phát phì, béo phì, bụng to","Béo phì, bụng ngực đầy tức, kinh nguyệt không đều, kinh đến đau bụng, sắc kinh đen có máu cục, lưỡi có điểm ứ huyết, mạch Sáp",lưỡi có điểm ứ huyết,mạch Sáp,Đào Hồng Tứ Vật Thang gia giảm,"Đào nhân, Hồng hoa, Xuyên khung, Đương qui, Đan sâm, Sinh địa, Bạch thược, Mộc hương, Trần bì. (Gia: Uất kim, Hương phụ nếu đau nhiều; Chỉ xác, Hậu phác nếu bụng đầy nhiều)"
Béo phì,Đờm trọc,"béo, mập, thừa cân, tăng cân, quá cân, phát phì, béo phì, bụng to","Thích ăn chất béo ngọt, váng đầu, đầu căng tức, ngực đầy bụng tức, tay chân nặng nề tê dại, thân lưỡi bệu có dấu răng, rêu lưỡi dày nhớt, mạch Trầm Hoạt","thân lưỡi bệu có dấu răng, rêu lưỡi dày nhớt",mạch Trầm Hoạt,Ôn Đởm Thang gia giảm,"Trần bì, Bán hạ, Chỉ thực, Trúc nhự, Bạch linh, Tỳ bà diệp, Đởm nam tinh, Sinh khương. (Gia: Trạch tả nếu tiểu ít)"
Béo phì,Tỳ Thận dương hư,"béo, mập, thừa cân, tăng cân, quá cân, phát phì, béo phì, bụng to","Béo phì, tay chân lạnh, sợ lạnh, lưng gối đau mỏi, hoặc mí mắt phù, đầy bụng, tiêu lỏng, lưỡi bệu sắc nhạt, rêu trắng, mạch Trầm Tế hoặc Trầm Trì Nhược","lưỡi bệu sắc nhạt, rêu trắng",mạch Trầm Tế hoặc Trầm Trì Nhược,Chân Vũ Thang hợp Phòng Kỷ Hoàng Kỳ Thang gia giảm,"Hoàng kỳ, Chế phụ tử, Đẳng sâm, Bạch linh, Bạch truật, Bạch thược, Xa tiền thảo. (Gia: Xuyên Ngưu tất, Đỗ trọng nếu lưng đau gối mỏi nhiều; Hương Sa Lục Quân nếu tiêu lỏng bụng đầy)"
Bàng quang viêm mạn,Âm hư thấp nhiệt,"bàng quang, tiểu buốt, tiểu rắt, tiểu khó, bí tiểu, tiểu ra máu, tiểu nhiều lần","đau lưng mỏi, chóng mặt, mệt mỏi, ù tai, tiểu nhiều hoặc tiểu giắt, vùng hạ vị đau ê ẩm, tiểu vàng, lưỡi đỏ, rêu lưỡi vàng, mạch Tế Sác","lưỡi đỏ, rêu lưỡi vàng",mạch Tế Sác,Tri bá địa hoàng hoàn gia giảm,"Đan bì, Bạch linh, Thục địa, Trạch tả, Hoài sơn, Sơn thù, Sa tiền, Ngân hoa, Liên kiều, Thạch hộc, Ngưu tất, Tri mẫu, Hoàng bá, Tỳ giải"
Bàng quang viêm mạn,Khí hư,"bàng quang, tiểu buốt, tiểu rắt, tiểu khó, bí tiểu, tiểu ra máu, tiểu nhiều lần","đau lưng mỏi, mệt mỏi, tiểu nhiều, giãn bàng quang đái vặt",,,"Tri bá địa hoàng hoàn gia giảm (bỏ Ngân hoa, Liên kiều, Tri mẫu, Hoàng bá)","Đan bì, Bạch linh, Thục địa, Trạch tả, Hoài sơn, Sơn thù, Sa tiền, Thạch hộc, Ngưu tất, Tỳ giải, Đẳng sâm, Hoàng kỳ, Bạch truật"
Bàng quang viêm mạn,Thận dương hư,"bàng quang, tiểu buốt, tiểu rắt, tiểu khó, bí tiểu, tiểu ra máu, tiểu nhiều lần","đau lưng mỏi, sợ lạnh, tay chân lạnh, tiểu nhiều",,,"Tri bá địa hoàng hoàn gia giảm (bỏ Ngân hoa, Liên kiều, Tri mẫu, Hoàng bá)","Đan bì, Bạch linh, Thục địa, Trạch tả, Hoài sơn, Sơn thù, Sa tiền, Thạch hộc, Ngưu tất, Tỳ giải, Nhục quế, Phụ tử, Ba kích, Thỏ ti tử"
Viêm bể thận mạn,Thấp nhiệt kèm huyết ứ,,"Sốt nhẹ, đau ngang thắt lưng, mệt mỏi, tiểu buốt, tiểu gắt từng đợt, có thể sốt cao, đau vùng thận, tiểu đục trong đợt cấp, nước tiểu có vi khuẩn, bạch cầu, protein",,,Thanh Hóa Thang,"Xích thược, Xuyên khung, Ngưu tất, Qui vĩ, Xuyên sơn giáp, Sa tiền, Tây thảo, Mao căn"
Viêm bể thận mạn,Thấp nhiệt,,"Sốt nhẹ, đau ngang thắt lưng, mệt mỏi, tiểu buốt, tiểu gắt từng đợt, có thể sốt cao, đau vùng thận, tiểu đục trong đợt cấp, nước tiểu có vi khuẩn, bạch cầu, protein",,,Thanh Lâm Thang,"Hoàng bá, Ngân hoa, Hoàng cầm, Ngưu tất"
Hắc lào,Huyết táo,"ngứa, mẩn, ban, mụn, ghẻ, da, phát ban, mề đay","Giai đoạn đầu: đau mỏi các đốt xương tay chân, khớp nhỏ, khô da ráp, có thể tróc vảy mùa hanh khô, vận động khó khăn tăng dần, ngại cử động. Về sau: khô da cứng toàn bộ hoặc từng vùng, cơ bắp teo, khớp khó co duỗi. Nặng: nuốt nước bọt khó, ăn uống khó khăn, suy kiệt nhanh, tiểu vàng sẻn, táo bón, chất lưỡi đỏ khô, có mảng thâm quầng trên mặt lưỡi, rêu lưỡi vàng, mạch tế sác","chất lưỡi đỏ khô, có mảng thâm quầng trên mặt lưỡi, rêu lưỡi vàng",mạch tế sác,Thần khí tả vinh thang,"Hoàng kỳ, Nhân sâm, Qui đầu, Sinh địa, Hoàng liên, Hoàng cầm, Liên kiều, Thăng ma, Cát cánh, Cam thảo, Toàn yết, Địa long, Đào nhân, Tô mộc, Manh trùng, Thủy điệt, Xạ hương"
Nhi bại liệt,Phong nhiệt phạm biểu,,"Phát sốt, nhức đầu toàn thân, không nhanh nhẹn, ho đau họng, ăn kém, nôn mửa, ỉa chảy",,,"Phương giải biểu thanh nhiệt, tân lương giải biểu","Ngân hoa, Mao căn, Bồ công anh, Liên kiều, Sa tiền, Cát cánh, Bạc hà, Cam thảo, Kinh giới, Ngưu bàng, Lô căn, Đậu xị. (Ho thêm Tiền hồ; Nôn mửa thêm Trúc nhự)"
Nhi bại liệt,Phong thấp nhiệt xâm phạm kinh mạch,,"Sau khi hạ sốt 2-3 ngày, sốt lại tăng cao, nhức đầu, lưỡi đỏ, nôn, đau khắp mình, sau 4-6 ngày xuất hiện liệt",lưỡi đỏ,,"Phương hoà thấp thanh nhiệt, khu phong thông lạc","Sinh địa, Ngân hoa, Chi tử, Huyền sâm, Hoạt thạch, Tang chi, Địa long, Xương bồ, Liên kiều, Trúc diệp, Uất kim, Hoàng cầm. (Sốt ra mồ hôi nhiều thêm Quế chi, Thạch cao; Nôn mửa thêm Hoắc hương, Hậu phác)"
Nhi bại liệt,Giai đoạn di chứng bại liệt,,"Sốt hạ, các cơ bị liệt, liệt mềm, cơ nhẽo, sau 6 tháng hoặc 1 năm có thể hồi phục toàn bộ hoặc một phần",,,"Phương bổ khí hoạt huyết, thông lạc phục hồi","Bạch truật, Đẳng sâm, Hoài sơn, Hà thủ ô, Kê huyết đằng, Ngưu tất, Ba kích, Tục đoạn, Biển đậu"
Đoạn nhũ,Ứ sữa căng tức,"vú, tuyến vú, đau vú, sưng vú, cục ở vú, núm vú, tắc sữa, áp xe vú","Vú tiết sữa, căng tức, đau, có nguy cơ viêm tuyến vú nếu không xử lý đúng cách",,,Y tông kim giám,Mạch nha
Nhi chàm,Phong thấp nhiệt độc,"ngứa, mẩn, ban, mụn, ghẻ, da, phát ban, mề đay","Ngứa ở hai má, trẻ quay đầu cọ sát hoặc gãi, mọc nốt bằng hạt gạo, biến thành mụn nước, vỡ chảy nước vàng, đóng vảy",,,Bài thuốc sơ phong lợi thấp thanh nhiệt (thể khô),"Ngưu bàng, Bạc hà, Hoàng liên, Mộc thông, Sa tiền, Khổ sâm, Sinh địa, Tiểu bì, Hoàng bá, Bạch linh, Xương truật"
Nhi chàm,Phong thấp nhiệt độc,"ngứa, mẩn, ban, mụn, ghẻ, da, phát ban, mề đay","Ngứa ở hai má, trẻ quay đầu cọ sát hoặc gãi, mọc nốt bằng hạt gạo, biến thành mụn nước, vỡ chảy nhiều nước vàng, đóng vảy",,,Bài thuốc sơ phong lợi thấp thanh nhiệt (thể ướt),"Ngưu bàng, Hoàng liên, Mộc thông, Sa tiền (gia thêm), Khổ sâm, Sinh địa, Tiểu bì, Hoàng bá, Bạch linh, Xương truật (gia thêm). (Bỏ Bạc hà so với thể khô)"
Nhi chàm,Phong thấp nhiệt độc,"ngứa, mẩn, ban, mụn, ghẻ, da, phát ban, mề đay",Thuốc dùng ngoài,,,Ngân hoa (dùng ngoài),Ngân hoa
Cảm mạo,Phong hàn,,"Sốt ít, sợ lạnh, sợ gió, nhức đầu, không có mồ hôi, ngạt mũi, chảy nước mũi, rêu lưỡi trắng mỏng, mạch phù",rêu lưỡi trắng mỏng,mạch phù,Bài thuốc tân ôn giải biểu (hoặc Ma hoàng thang nếu phong hàn đơn thuần; Kinh phòng bại độc tán nếu kèm phong thấp đau người),"Hương phụ, Tô tử, Trần bì, Cam thảo. (Phương tham khảo thêm: Ma hoàng, Quế chi, Hạnh nhân... hoặc Kinh giới, Phòng phong, Khương hoạt, Độc hoạt...)"
Cảm mạo,Phong nhiệt,,"Sốt, sợ gió, không sợ lạnh, ra mồ hôi nhiều, nặng đầu, khô miệng, mũi khô, ho ra đờm, có thể chảy máu cam, rêu vàng, mạch phù sác",rêu vàng,mạch phù sác,Tang cúc ẩm (hoặc Ngân kiều tán nếu nặng),"Tang diệp, Hạnh nhân, Cam thảo, Cúc hoa, Cát cánh, Bạc hà, Lô căn, Thạch cao (có thể), Liên kiều"
Tứ chi lãnh,Huyết hư có hàn,,"Đầu các ngón bị lạnh, đầu các ngón trở lên cứng và quắt lại, sắc mặt trắng nhợt, thể trạng yếu sức",,,Quế phượng hoạt lạc thang,"Quế chi, Đào nhân, Hi thiêm, Đan sâm, Cam thảo, Hồng hoa, Phượng tiên thảo, Qui đầu, Lão hoan thảo"
Tứ chi lãnh,Huyết hư có hàn,,"Đầu các ngón bị lạnh, đầu các ngón trở lên cứng và quắt lại, sắc mặt trắng nhợt, thể trạng yếu sức",,,Triệu thị bổ huyết ôn kinh phương,"Sinh địa, Thục địa, Cam thảo, Tế tân, Lộ lộ thông, Qui đầu, Bạch thược, Quế chi, Kê huyết đằng (Bệnh chi trên gia Khương hoàng, chi dưới gia Ngưu tất; lạnh rõ rệt gia Ma hoàng, Phụ tử; lâu ngày ngón quắt gia Hà thủ ô, Xuyên khung, Thấu cốt thảo)"
Tứ chi lãnh,Hàn ngưng,,Đầu các ngón bị lạnh và đau buốt kịch liệt,,,Tống thị chỉ thống phương,"Đan sâm, Sinh Hoàng kỳ, Quế chi, Xích thược, Thông thảo, Phụ tử, Lộ lộ thông, Giá trùng, Kê huyết đằng, Hồng hoa, Tế tân, Cam thảo, Phấn khương hoàng, Bạch truật, Trạch lan diệp, Đào nhân"
Tứ chi lãnh,Hàn ngưng,,Đầu các ngón bị lạnh và đau buốt kịch liệt,,,Thuốc ngâm rửa,"Ngải diệp, Kinh giới, Quế chi, Hồng hoa, Mộc qua, Ma hoàng"
Tứ chi lãnh,Hàn ngưng chi dưới,,"Chi dưới lạnh nhiều, đau ảnh hưởng đến đi lại, đồng thời có cảm giác tê dại trướng mỏi",,,Thoát hư phương,"Quế chi, Xích thược, Thục địa, Một dược, Kê huyết đằng, Xuyên ô, Qui đầu, Xuyên khung, Nhũ hương, Ngưu tất, Hoàng kỳ, Can khương"
Tứ chi lãnh,Dương hư hàn trệ,,"Ngón chân ngón tay lạnh đau, kiêm sợ lạnh mệt mỏi",,,Ôn bổ tỳ thận phương,"Hoàng kỳ, Bạch truật, Bạch giới tử, Huyền sâm, Nữ trinh tử, Huyền hồ, Đẳng sâm, Quế chi, Đương qui, Thỏ ty tử, Bạch thược, Thăng ma (Lạnh nhiều gia Phụ tử, Can khương, Tế tân; sưng đau gia Đan sâm, Xuyên luyện tử, Nhũ hương, Một dược)"
Tứ chi lãnh,Kinh mạch ứ trệ,,"Tay chân lạnh do kinh mạch ứ trệ, khí huyết kém lưu thông",,,Bài thuốc nghiệm phương 1,"Tơ hồng xanh, Sơn thù, Cẩu tích, Phòng sâm, Tất bát, Liên nhục, Tần giao, Đương quy, Ngải diệp khô, Trạch tả, Chích thảo, Thục địa, Tế tân, Lương khương, Dâm dương hoắc, Hoàng kỳ, Phụ tử, Sinh khương"
Tứ chi lãnh,Kinh mạch ứ trệ,,"Tay chân lạnh do tỳ dương hư, khí huyết kém",,,Bài thuốc nghiệm phương 2,"Hoài sơn, Bạch truật (sao hoàng thổ), Củ đinh lăng, Liên nhục, Trần bì, Chích thảo, Ngũ gia bì, Hoàng kỳ (sao mật), Đương quy, Thần khúc, Sa nhân, Hậu phác, Quế chi, Đại táo, Sinh khương"
Co cơ,Âm hư ứ trệ,,"Bắp thịt đột nhiên co rút, đau đớn, thường xảy ra khi vận động quá sức, ra mồ hôi nhiều, hoặc khi duỗi chân vươn vai. Tỳ âm hư, khí huyết không lưu lợi, bắp thịt không nhuận gây co rút đau",,,Dưỡng vị thang gia giảm,"Ngọc trúc, Tang bì, Biển đậu (sao), Cam thảo, Sa sâm, Bá tử nhân, Đẳng sâm, Kê huyết đằng, Hoài sơn, Sinh địa, Ngưu tất, Chỉ thực, Đào nhân, Hồng hoa, Bạch thược, Mạch môn, Bạch truật, Bạch linh"
Parkinson,Can âm suy - hư phong nội động,,"Gân cơ cứng, tay chân hoặc hàm dưới run, đau, tê, đi đứng khó khăn, mờ mắt, mắt dại, hố mắt dưới quầng đen, khó nuốt, táo bón, lưỡi đỏ, rêu trắng, mạch Huyền Tế","lưỡi đỏ, rêu trắng",mạch Huyền Tế,Nhất Quán Tiễn hợp Linh Giác Câu Đằng Thang gia giảm,"Tang kí sinh, Mẫu lệ, Thục địa, Sinh địa, Bạch thược, Thạch quyết minh, Sơn thù, Cương tằm, Thiên ma, Ngưu tất, Qui đầu, Cam thảo. (Khí hư thêm Hoàng kỳ, Nhân sâm, Hoài sơn; Can uất thêm Xuyên luyện tử; Huyết ứ thêm Đào nhân, Đan sâm; Đầu đau chóng mặt thêm Câu đằng, Cúc hoa; Mắt khô mờ thêm Câu kỷ tử, Nữ trinh tử; Tê thêm Kê huyết đằng, Ty qua lạc; Dễ tức giận thêm Hoàng cầm, Chi tử; Tiểu khó thêm Kim anh tử, Phúc bồn tử, Liên tử; Thận dương hư thêm Dâm dương hoắc, Thỏ ty tử, Nhục quế; Miệng khô thêm Thiên hoa phấn, Mạch môn)"
Parkinson,Can khí uất kết – khí trệ huyết ứ,,"Đầu, hàm dưới, tay chân run, không thể cúi ngửa, đau cố định, mất cảm giác toàn thân hoặc tay chân, dễ tức giận, lưỡi đỏ tím, có vết xuất huyết, mạch Tế Huyền Sáp",lưỡi đỏ tím,mạch Tế Huyền Sáp,Trấn Can Tức Phong Thang hợp Thông Khiếu Hoạt Huyết Thang,"Tang kí sinh, Đan sâm, Đại giả thạch, Thạch quyết minh, Bạch thược, Xuyên luyện tử, Hương phụ, Thiên ma, Câu đằng, Ngưu tất, Qui đầu, Đào nhân, Hồng hoa, Uất kim, Xương bồ, Nhũ hương, Một dược, Cam thảo. (Can uất hoá hoả thêm Đơn bì, Chi tử, Hoàng cầm; Huyết hư thêm A giao, tăng Bạch thược; Tỳ hư thêm Bạch truật, Phục linh; Can Vị bất hoà thêm Sinh địa, Bán hạ, Tuyền phúc hoa; Đau cố định thêm Đan sâm, Kê huyết đằng; Run nhiều thêm Bạch tật lê, Toàn yết, Ngô công; Khó co duỗi thêm Địa long, Cát căn, Bạch hoa xà; Chi trên tê đau thêm Khương hoạt; Chi dưới tê đau thêm Mộc qua; Khớp đau thêm Uy linh tiên)"
Parkinson,Khí huyết đều hư - kinh mạch ứ trệ,,"Da mặt xanh xạm, mệt mỏi, uể oải, không sức, sợ lạnh, ngại nói, đầu chi co giật, cứng, tê, gáy cứng, đi lại khó, phân lỏng, dễ phù, lưỡi nhạt, rêu mỏng, có vết ứ huyết, mạch Trầm Tế","lưỡi nhạt, rêu mỏng",mạch Trầm Tế,"Quy Tỳ Thang, Bổ Dương Hoàn Ngũ Thang, Thiên Ma Câu Đằng Ẩm gia giảm","Đan sâm, Phục linh, Hoàng kỳ, Thục địa, Bạch thược, Ngũ vị, Câu đằng, Nhân sâm, Bạch truật, Thiên ma, Xuyên khung, Địa long, Toàn yết. (Tỳ dương hư thêm Phụ tử, Can khương; Thận dương hư thêm Bổ cốt chi, Nhục đậu khấu, Ngô thù du; Huyết hư thêm Kê huyết đằng, Đương quy; Phù thêm Trư linh, Trạch tả, Quế chi; Run nhiều thêm Bạch tật lê, Thuyền thoái; Khó co duỗi thêm Cát căn, Bạch hoa xà; Chi trên tê đau thêm Khương hoạt; Chi dưới tê đau thêm Mộc qua)"
Parkinson,Tỳ hư thấp trệ - đờm hoả quấy động phong,,"nặng đầu, sợ lạnh, tay chân lạnh, lòng bàn tay chân và ngực nóng, thức ăn không tiêu, phân lỏng, tay chân khó cử động, run, đầu lưỡi đỏ, lưỡi bệu, rêu trắng, mạch Huyền Hoạt","đầu lưỡi đỏ, lưỡi bệu, rêu trắng",mạch Huyền Hoạt,Thiên Ma Câu Đằng Ẩm gia giảm,"Tang kí sinh, Thạch quyết minh, Bán hạ, Nam tinh, Chỉ thực, Trần bì, Thiên ma, Câu đằng, Ngưu tất, Hoàng cầm, Cương tằm, Trúc lịch, Cam thảo. (Run nhiều thêm Bạch tật lê, Thuyền thoái; Khó co duỗi thêm Cát căn, Bạch hoa xà; Chi trên tê đau thêm Khương hoạt; Chi dưới tê đau thêm Mộc qua. Nếu Tỳ hư rõ, thay bằng: Hoàng cầm, Bán hạ, Phục linh, Bạch truật, Trần bì, Hương phụ, Sa nhân, Xuyên khung, Chỉ xác, Đởm nam tinh, Quế chi, Thiên ma, Toàn yết, Ngô công)"
Chấn thương sọ não,Huyết ứ,"chấn thương, va đập, tai nạn, ngã đầu, đập đầu, ngoại thương, bị thương","đau đầu như búa bổ, ngẩn ngơ thất thần, sốt, không ngủ, không ăn, nôn, rêu lưỡi vàng dày, mạch Huyền",rêu lưỡi vàng dày,mạch Huyền,Thanh não trục ứ thang,"Sinh địa hoàng, Bạch thược, Đào nhân, Hồng hoa, Câu đằng, Thạch quyết minh, Ti lạc qua, Cúc hoa, Trúc nhự, Cam thảo"
Chấn thương sọ não,Ứ tắc não lạc - Can phong,"chấn thương, va đập, tai nạn, ngã đầu, đập đầu, ngoại thương, bị thương","Đau đầu, chóng mặt, mất ngủ",,,Khử ứ an thần thang,"Đan sâm, Qui đầu, Hồng hoa, Tam thất, Phục thần, Cốt toái bổ, Tục đoạn, Địa long, Câu đằng, Cam thảo. (Đau đầu nặng gia Huyết kiệt, Nguyên hồ; Chóng mặt gia Sinh thạch quyết minh, Tật lê; Mất ngủ nhiều gia Trân châu mẫu; Bệnh giảm bỏ Tam thất, thêm Hà thủ ô, Nữ trinh tử)"
Chấn thương sọ não,Ứ tắc kinh lạc não,"chấn thương, va đập, tai nạn, ngã đầu, đập đầu, ngoại thương, bị thương",Di chứng chấn thương sọ não do bị thương vào đầu làm ứ tắc đường kinh lạc của não,,,Gia giảm thông khiếu hoạt huyết thang,"Xuyên khung, Xích thược, Hồng hoa, Đào nhân, Xạ hương, Cát căn, Bạch chỉ, Ngưu tất, Câu đằng, Cúc hoa, Sinh khương, Hành, Rượu"
Cổ trướng,Khí độc thấp trở,"bụng to, bụng căng, bụng trướng to, báng bụng, cổ trướng","Bụng to căng, ấn mềm, sườn buồn đầy tức hoặc đau nhói, ăn ít chậm tiêu, sau khi ăn ậm ạch khó chịu, đầy hơi, ợ hơi, đại tiện nhão, rặn khó hoặc đi vặt, Tiểu tiện ngắn ít, rêu trắng nhợt, mạch huyền",rêu trắng nhợt,mạch huyền,Sài hồ sơ can tán hợp Bình vị tán gia giảm,"Xương truật, Trích thảo, Hậu phác, Xuyên khung, Sài hồ, Bạch thược, Trần bì, Hương phụ, Chỉ sác (Tiểu tiện ít gia Sa tiền, Trư linh, Trạch tả; Bụng căng đầy gia Mộc hương, Binh lang; Hàn thấp nặng đại tiện lỏng gia Phụ tử, Can khương; Thấp nhiệt nặng gia Sơn chi, Đại hoàng)"
Cổ trướng,Thấp nhiệt uất huyết ứ,"bụng to, bụng căng, bụng trướng to, báng bụng, cổ trướng","Bụng to căng chắc nặng thì nổi gân xanh, hông đau sườn nhói, mắt vàng, mặt vàng xám, khô miệng, môi đỏ, buồn nóng, tiểu vàng giắt, đại tiện khô táo, lưỡi đỏ, rêu dầy, mạch huyền sác","lưỡi đỏ, rêu dầy",mạch huyền sác,Nhân trần cao thang hợp Hoá ứ thang gia giảm,"Nhân trần, Sơn chi, Đại hoàng, Qui đầu, Xích thược, Đan bì, Đào nhân, Hồng hoa, Đan sâm, Sơn giáp, Bạch truật, Trạch tả, Thanh bì, Mẫu lệ"
Cổ trướng,Âm hư thấp nhiệt,"bụng to, bụng căng, bụng trướng to, báng bụng, cổ trướng","Sắc mặt vàng tối, người gầy, khô miệng môi đỏ, nặng thì bụng ngực nổi gân xanh, chảy máu cam, chảy máu chân răng, cổ trướng to, chân phù, sốt hâm hấp hoặc sốt cao, phiền táo, miệng khô họng, lợm giọng, tiểu tiện đỏ ít, táo bón, chất lưỡi đỏ ít rêu, mạch huyền tế sác",chất lưỡi đỏ ít rêu,mạch huyền tế sác,"Tư âm lợi thấp, lương huyết hoá ứ phương","Đan bì, Bạch linh, Trạch tả, Thục địa, Hoài sơn, Sơn thù, Phục linh, Bạch truật, Qui đầu, Địa cốt bì, Mao căn, Chi tử, Hậu phác, Sa sâm, Thạch hộc, Sa tiền, Trần bì"
Cổ trướng,Âm hư huyết ứ,"bụng to, bụng căng, bụng trướng to, báng bụng, cổ trướng","Bụng to căng chắc, người gầy, nặng thì nổi gân xanh khắp vùng bụng ngực, mặt vàng xám, khô miệng môi đỏ, buồn bực, chân răng có khi chảy máu hoặc máu cam, tiểu vàng ngắn rắt, lưỡi đỏ khô, mạch huyền sác",lưỡi đỏ khô,mạch huyền sác,Nhất quán tiễn hợp Cách hạ trục ứ thang gia giảm,"Sa sâm, Đương qui, Kỉ tử, Mạch môn, Sinh địa, Xuyên luyện tử, Ngũ linh chi, Xuyên khung, Đào nhân, Đan bì, Xích thược, Ô dược, Huyền hồ, Cam thảo, Hương phụ, Hồng hoa, Chỉ sác (Nóng trong nhiều miệng khô môi đỏ gia Huyền sâm, Thạch hộc; Sốt về chiều gia Sài hồ, Địa cốt bì; Tiểu tiện ít gia Trư linh, Hoạt thạch; Chảy máu gia Tiên hạc thảo, Mao căn)"
Cổ trướng,Tỳ thận dương hư,"bụng to, bụng căng, bụng trướng to, báng bụng, cổ trướng","Bụng to căng đầy nặng về chiều tối, mệt mỏi ăn kém, bụng trướng, chân phù, tiểu tiện ít, đại tiện lỏng, sợ lạnh, sắc mặt vàng xanh nhợt, lưỡi nhạt hoặc bệu, rêu mỏng, mạch trầm tế","lưỡi nhạt hoặc bệu, rêu mỏng",mạch trầm tế,Tế sinh thận khí hoàn hợp Ngũ linh tán gia giảm,"Thục địa, Hoài sơn, Đan bì, Bạch linh, Trạch tả, Sơn thù, Nhục quế, Phụ tử, Ngưu tất, Sa tiền, Trư linh, Quế chi, Bạch truật"
Cận thị,Dương khí hư yếu - tiên thiên bất túc,"mắt đỏ, đỏ mắt, mắt sưng, sưng mắt, đau mắt, mắt đau, nhức mắt, cộm mắt","Mắt cận, mắt mỏi, chỉ nhìn được gần",,,Phương bổ khí sáng mắt (Phòng khám Đông y Nguyễn Hữu Toàn),"Phục thần, Bạch linh, Nhân sâm, Viễn trí, Xương bồ, Long sỉ"
Cận thị,Can thận hư,"mắt đỏ, đỏ mắt, mắt sưng, sưng mắt, đau mắt, mắt đau, nhức mắt, cộm mắt","Mắt cận, nhìn xa không rõ, mắt mỏi",,,Ngũ Tử Cận thị hoàn,"Tang thầm, Kỉ tử, Hoàng kỳ, Viễn trí, Hồng hoa, Xương bồ, Phúc bồn tử, Thanh tương tử, Ngũ vị, Băng phiến, Thăng ma"
Tê bì tứ chi,Can huyết hư,"tê, ma mộc, châm chích, kiến bò, mất cảm giác","Gân bị co, co duỗi khó khăn, đau đớn, váng đầu hoa mắt, ít ngủ, kinh nguyệt ra ít, tay chân tê, móng tay không phát triển",,,Bổ can thang,"Qui đầu, Thục địa, Bạch thược, Mộc qua, Mạch môn, Trích thảo, Táo nhân, Kê huyết đằng, Tang kí sinh, Tục đoạn, Xuyên khung, Kỉ tử, Ngưu tất"
Tê bì tứ chi,Khí huyết hư,"tê, ma mộc, châm chích, kiến bò, mất cảm giác","Người gầy, mệt mỏi, sợ gió lạnh, đoản khí, hồi hộp, dễ cảm mạo, chân đau tay mỏi, tê dại, vô lực",,,Thự dự hoàn (gia giảm),"Bạch linh, Bạch truật, Cam thảo, Can khương, Biển đậu, Quế chi, Phòng phong, Bạch chỉ, Mạch môn, Sài hồ, Cát cánh, Táo, Hoài sơn, Đẳng sâm, Thần khúc, Bạch thược, Qui đầu"
Tê bì tứ chi,Đàm thấp trở lạc,"tê, ma mộc, châm chích, kiến bò, mất cảm giác","Vai, tay, cổ tay, bàn tay tê đau, tràng vị không khoẻ, cơ bụng nhão, người hơi béo",,,Nhị truật thang (hoặc Nhị trần thang gia giảm),"Bạch truật, Phục linh, Trần bì, Nam tinh, Hương phụ, Hoàng cầm, Uy linh tiên, Khương hoạt, Bán hạ, Xương truật, Cam thảo, Sinh khương. (Nhị trần gia: Mộc qua, Xương truật, Ý dĩ nhân, Chỉ thực, Điếu đằng câu)"
Tê bì tứ chi,Phong tà nhập lạc,"tê, ma mộc, châm chích, kiến bò, mất cảm giác","Thủ túc ma mộc kèm tê bì một bên mặt, có thể đột nhiên phát sinh khẩu nhãn oa tà, nói khó khăn, nặng thì chảy nước dãi, hoặc kèm sợ lạnh phát sốt, rêu lưỡi trắng, mạch phù",rêu lưỡi trắng,mạch phù,Quân chính tán gia giảm,"Toàn yết, Bạch phụ tử, Thiên ma, Khương hoạt, Thương nhĩ tử, Khương trùng, Cam thảo, Phòng phong, Độc hoạt"
Tê bì tứ chi,Khí hư ma mộc,"tê, ma mộc, châm chích, kiến bò, mất cảm giác","tay chân dần dần tê bì, nằm co, ăn ít, thở ngắn, lười nói, tiếng nói nhỏ nhẹ, đại tiện nát, nước tiểu trắng xanh, chất lưỡi đạm, mạch nhược",chất lưỡi đạm,mạch nhược,"Tứ quân tử thang gia vị (gia Hoàng kỳ, Quế chi, Tang chi...)","Chích cam thảo, Hoàng kỳ, Phòng phong, Nhân sâm, Phục linh, Bạch truật, Quế chi, Tang chi"
Tê bì tứ chi,Huyết hư ma mộc,"tê, ma mộc, châm chích, kiến bò, mất cảm giác","tay chân co rút mà tê bì, người co vai hoặc lưng eo đều tê bì, sắc mặt môi trắng nhạt, hoa mắt chóng mặt, lưỡi nhạt, mạch tế",lưỡi nhạt,mạch tế,Tứ vật thang gia giảm,"Bạch thược, Xích thược, Ngưu tất, Thục địa, Đương quy, Xuyên khung, Độc hoạt, Tang kí sinh"
Tê bì tứ chi,Khí trệ ma mộc,"tê, ma mộc, châm chích, kiến bò, mất cảm giác","tay chân nặng nề mà tê bì, khi hoạt động thì đỡ, kèm ngực sườn đầy tức, hay thở dài, rêu lưỡi trắng mỏng, mạch huyền",rêu lưỡi trắng mỏng,mạch huyền,Tiêu dao tán gia giảm,"Bạch thược, Nhân sâm, Cam thảo, Sài hồ, Đương quy, Phục linh, Tang kí sinh, Bạch truật, Thông thảo"
Tê bì tứ chi,Ứ huyết trở lạc,"tê, ma mộc, châm chích, kiến bò, mất cảm giác","tay chân tê bì kèm môi miệng xanh tím, cơ nhục tê bì, chất lưỡi tím tối có điểm ứ huyết, mạch sáp",chất lưỡi tím tối có điểm ứ huyết,mạch sáp,Tứ vật đào hồng gia giảm,"Hồng hoa, Đương quy, Xích thược, Đào nhân, Xuyên khung, Sinh địa, Lạc thạch đằng, Kê huyết đằng"
Tê bì tứ chi,Thấp đàm trở lạc,"tê, ma mộc, châm chích, kiến bò, mất cảm giác","tay chân tê bì kèm tứ chi nặng nề, nặng đầu như quả tạ, buồn nôn và nôn, lưỡi bệu, rêu trắng bẩn, mạch hoạt","lưỡi bệu, rêu trắng bẩn",mạch hoạt,Đạo đàm thang gia giảm,"Bán hạ, Phục linh, Trần bì, Chế nam tinh, Chỉ thực, Thiên ma, Ý dĩ nhân"
Cốt lao,Hàn đàm ứ trở,,"Khớp xương đau ê ẩm, có lúc không đau, vận động hơi bị hạn chế và đau tăng, hơi sưng hoặc không sưng, không nóng, không đỏ, không có chứng trạng toàn thân rõ rệt",,,Dương hoà thang gia giảm (hoặc Thác lý tán),"Dương hoà thang: Thục địa, Ban long (Lộc giác giao), Bạch giới tử, Ma hoàng, Quế chi, Tục đoạn, Ngưu tất, Cam thảo. (Nếu sợ lạnh, lưỡi đạm, mạch trì thêm Phụ tử chế; Ăn kém, ỉa lỏng thêm Đẳng sâm, Hoàng kỳ, Bạch truật). Thác lý tán: Sinh Hoàng kỳ, Đẳng sâm, Qui đầu, Bạch thược, Xuyên sơn giáp, Tạo giác thích, Trần bì, Bạch linh, Cam thảo, Bạch giới tử"
Cốt lao,Âm hư hoả vượng,,"Các chứng trạng tại khớp xương khá rõ ràng, kèm sốt hâm hấp về chiều, ra mồ hôi trộm, ăn kém, gầy, khô miệng, lưỡi đỏ, rêu ít, mạch tế sác","lưỡi đỏ, rêu ít",mạch tế sác,Cốt lao thang,"Thanh hao, Miết giáp, Sài hồ, Địa cốt bì, Đan bì, Tục đoạn, Ngưu tất, Đào nhân, Hồng hoa. (Nếu mồ hôi trộm thêm Mẫu lệ, Ngân hoa; thấy ổ áp xe lạnh thêm Liên kiều, Bối mẫu)"
Cốt lao,Khí huyết đều hư,,"Các chứng trạng biến dạng khớp và xương, rỉ mủ lao không ngừng, toàn thân gầy yếu, tinh thần mệt mỏi, sắc mặt trắng bệch, sốt, ăn kém, hồi hộp, ra mồ hôi trộm, chất lưỡi đỏ, mạch tế sác",chất lưỡi đỏ,mạch tế sác,Thập toàn đại bổ thang (hoặc Đại bổ âm hoàn nếu thiên về âm hư hỏa vượng),"Thập toàn đại bổ: Đẳng sâm, Bạch truật, Bạch linh, Cam thảo, Xuyên khung, Đương qui, Thục địa, Bạch thược, Kê nội kim, Kỉ tử, Hoài sơn, Hoàng kỳ, Viễn trí, Ngũ vị, Nhục quế, Trần bì. Đại bổ âm hoàn: Long cốt, Mẫu lệ, Bá tử nhân, Qui bản, Tri mẫu, Hoàng bá, Thục địa"
Mạch nhãn,Phong nhiệt độc,"mắt đỏ, đỏ mắt, mắt sưng, sưng mắt, đau mắt, mắt đau, nhức mắt, cộm mắt","Mắt cảm thấy kệnh vướng, hơi sưng, mi mắt mọc mụn dính vào mi, sưng nóng đỏ, đau, tiến triển nhanh",,,Bài thập vị bại độc thang (Thanh nhiệt giải độc hoạt huyết tiêu viêm),"Thổ phục linh, Ké (có thể là Ké đầu ngựa), Bồ công anh, Kinh giới, Ngân hoa, Liên kiều, Xích thược"
Mạch nhãn,Chính hư tà lưu,"mắt đỏ, đỏ mắt, mắt sưng, sưng mắt, đau mắt, mắt đau, nhức mắt, cộm mắt","Mi mắt sưng kệnh, kèm theo có nhân mủ, đầu mụn đã mềm",,,Bài thuốc thác độc bài nùng,"Ngân hoa, Liên kiều, Trần bì, Bối mẫu, Đẳng sâm, Tạo giác thích, Bồ công anh, Cam thảo, Hoàng kỳ, Qui xuyên (Đương quy), Xuyên sơn giáp"
Thận quặn thống,Thấp nhiệt uất kết,,"Đột nhiên đau quặn bụng dưới dữ dội, đau lan ra sau lưng và lan xuống mé trong đùi, vùng bẹn, đường tiểu đau, tức, muốn tiểu không tiểu được, mặt tái, ra mồ hôi, muốn nôn hoặc nôn mửa, tiểu ra máu. Đau đứng ngồi không yên",,,Thạch Vi Tán gia vị (hoặc Tam Kim Bài Thạch Thang),"Kim tiền thảo, Hải kim sa, Kê nội kim, Thạch vi, Cù mạch, Biển súc, Hoạt thạch, Xa tiền tử, Mộc thông, Chi tử, Xuyên Ngưu tất, Tiểu kế, Bạch thược, Cam thảo"
Thanh quang,Âm hư dương cang,,"Đau nửa đầu, nhức mắt, mắt căng, võng mạc viêm tắc, nhãn áp tăng, thị lực giảm mạnh, miệng khô họng ráo, lưỡi đỏ ít rêu, người gầy, mạch sác",lưỡi đỏ ít rêu,mạch sác,Dục âm tiềm dương thông mạch thang,"Sinh địa, Trân châu, Hoài sơn, Mạch môn, Tri mẫu (tẩm muối), Hoàng bá (tẩm muối), Long cốt, Ngưu tất, Đan sâm, Xích thược, Thuyền thoái, Mộc tặc, Kỉ tử, Bạch thược, Sa sâm"
Thanh quang,Can uất,,"Đau nửa đầu, nhức mắt, giảm thị lực, tăng nhãn áp, tinh thần uất ức không vui, mạch huyền hoặc huyền sác",,mạch huyền hoặc huyền sác,Tiêu dao tán hợp Tả can giải uất thang,"Cát cánh, Sung úy tử, Sa tiền, Đình lịch tử, Phòng phong, Hoàng cầm, Hương phụ, Hạ khô thảo, Lô căn, Cam thảo, (kết hợp bột Tiêu dao tán)"
Nha dĩ xuất huyết,Vị hoả,,"Máu đỏ tươi, hôi miệng, khát nước, chân răng sưng, táo bón",,,Thanh tả vị nhiệt (trà thuốc),"Hoàng cầm, Đại hoàng, Hoàng liên, Cam thảo"
Nha dĩ xuất huyết,Âm hư,,"Chân răng chảy máu đỏ tối, hôi miệng tanh, chân răng không sưng, khô miệng họng ráo, lưỡi đỏ bóng ít rêu, mạch tế sác",lưỡi đỏ bóng ít rêu,mạch tế sác,Tư âm giáng hoả,"Tế Sinh địa, Hoàng liên, Tri mẫu, Bồ hoàng sao, Thanh đại, Đan bì, Hoàng bá sao, Địa cốt bì, Nhân trung bạch, Hoè sao đen"
Nha dĩ xuất huyết,Can hoả,,"Kẽ răng chảy máu, miệng đắng dính, táo bón, mất ngủ, nhổ ra đờm vàng dính, mặt mắt đỏ, mạch huyền",,mạch huyền,Thanh can lương huyết chỉ huyết,"Mao căn, Mạch môn, Sinh địa, Dạ giao đằng, Hạ khô thảo, Địa cốt bì, Long đởm thảo, Đởm nam tinh, Thanh đại, Ô mai, Hải cáp phấn, Cam thảo. (Uống kèm Huyền minh phấn sáng sớm; khi đỡ giảm lượng thuốc, thêm Hoài sơn)"
Nha dĩ xuất huyết,Dương hư,,"Chảy máu chân răng lâu ngày, lượng ít, sắc nhạt, mặt nhợt, tay chân không ấm, mạch nhược",,mạch nhược,Ôn dương chỉ huyết,"Chế phụ phiến, Sinh Long cốt, Sơn thù, Nhục quế, Sinh Mẫu lệ, Tam thất bột"
Tỵ nục,Huyết nhiệt,"chảy máu cam, chảy máu mũi, máu cam, máu mũi, chảy máu, xuất huyết, nục huyết, tỵ nục","Chảy máu mũi lượng nhiều, đỏ tươi, chảy máu chân răng rỉ rả có khi chảy cả máu tai, lưỡi khô, đỏ, khô miệng, mũi ráo. Nặng thì răng lung lay, háo khát, bứt rứt, hôi miệng, táo bón. Mạch tế sác",lưỡi khô,,Phương lương huyết chỉ huyết,"Sinh địa, Địa cốt bì, Hòe hoa sao, Mộc thông, Huyền sâm, Trắc bách diệp, Nhọ nồi"
Tỵ nục,Huyết nhiệt,"chảy máu cam, chảy máu mũi, máu cam, máu mũi, chảy máu, xuất huyết, nục huyết, tỵ nục","Chảy máu mũi lượng nhiều, đỏ tươi, chảy máu chân răng rỉ rả có khi chảy cả máu tai, lưỡi khô, đỏ, khô miệng, mũi ráo. Nặng thì răng lung lay, háo khát, bứt rứt, hôi miệng, táo bón. Mạch tế sác",lưỡi khô,,Chu thị thanh hoả nhị diệu,"Sinh địa, Mạch môn"
Tỵ nục,Phế nhiệt,"chảy máu cam, chảy máu mũi, máu cam, máu mũi, chảy máu, xuất huyết, nục huyết, tỵ nục","Lượng huyết ra đằng mũi khá nhiều, sắc đỏ tươi, có thêm các chứng mũi khô ráo và đau, miệng khát tâm phiền",,,Tang cúc ẩm khứ bạc hà gia Đan bì Mao căn (thực tế gồm Đào nhân Mao căn),"Tang diệp, Cúc hoa, Hạnh nhân, Liên kiều, Cát cánh, Cam thảo, Đào nhân, Mao căn"
Tỵ nục,Vị nhiệt,"chảy máu cam, chảy máu mũi, máu cam, máu mũi, chảy máu, xuất huyết, nục huyết, tỵ nục","Lượng huyết ra đằng mũi khá nhiều, sắc đỏ tươi, có thêm các chứng mũi khô ráo và đau, miệng khát tâm phiền",,,Ngọc nữ tiễn,"Thạch cao, Thục địa, Mạch môn, Tri mẫu, Ngưu tất"
Tỵ nục,Nhiệt kết,"chảy máu cam, chảy máu mũi, máu cam, máu mũi, chảy máu, xuất huyết, nục huyết, tỵ nục","Đại tiện bí kết, mặt mắt đỏ",,,Nhiếp thị tam hoàng thang,"Hoàng cầm, Hoàng liên, Đại hoàng"
Tỵ nục,Can uất,"chảy máu cam, chảy máu mũi, máu cam, máu mũi, chảy máu, xuất huyết, nục huyết, tỵ nục","Bị dụ phát do tình chí kích thích, sắc huyết đỏ, tâm phiền dễ giận, váng đầu, mắt đỏ, miệng đắng khô họng",,,Chu thị chỉ nục phương,"Linh dương giác phấn, Chân châu, Bạch Tật lê, Thạch quyết minh, Câu đằng (gia Hạ khô thảo, Cúc hoa, Hoàng cầm nếu kiêm nhiệt; khi xuất huyết ồ ạt gia Hạn liên thảo, Hoè mễ, Xuyến thảo, Sơn trà hoa)"
Tỵ nục,Âm hư hỏa vượng,"chảy máu cam, chảy máu mũi, máu cam, máu mũi, chảy máu, xuất huyết, nục huyết, tỵ nục","Chảy máu cam tái phát nhiều lần, kiêm chứng sốt nhẹ dai dẳng, lưng gối đau mỏi",,,Long đởm tả can thang gia giảm,"Long đởm thảo, Hoàng cầm, Chi tử (sao đen), Trạch tả, Mộc thông, Qui đầu, Sinh địa, Cam thảo, Huyền sâm, Mạch môn"
Tỵ nục,Khí huyết hư,"chảy máu cam, chảy máu mũi, máu cam, máu mũi, chảy máu, xuất huyết, nục huyết, tỵ nục","Có hiện tượng khí huyết hư và không có hiện tượng nhiệt, xuất huyết sắc nhạt, tái phát nhiều lần, lâu ngày không khỏi, tinh thần mệt mỏi yếu sức, đoản khí ngại nói, ăn kém, đại tiện lỏng, hồi hộp mất ngủ",,,Chỉ nục qui tỳ thang,"Hoàng kỳ, Bạch truật, Đẳng sâm, Thục địa, Qui đầu, Trần tụng than, Cam thảo, Hoài sơn, Huyết dụ thán, Táo"
Tỵ nục,Thận dương hư,"chảy máu cam, chảy máu mũi, máu cam, máu mũi, chảy máu, xuất huyết, nục huyết, tỵ nục","Như chứng khí huyết hư có kèm chứng trạng mặt nhạt, tiểu tiện trong, tay chân không ấm, hoặc sau khi ốm bị chảy máu cam",,,Trượng thị thận thập nhất thang,"Thỏ ty tử, Ba kích, Phục linh, Hoàng kỳ, Viễn trí, Cam thảo, Bán hạ, Nhục thung dung, Bạch truật, Nhân sâm, Qui đầu, Táo nhân, Trần bì"
Hung thống,Khí trệ huyết ứ,,"Đau sau xương ức đột ngột, tức ngực như vật đè, đau lan lên vai, quai hàm, tay trái, cổ, cảm giác bồn chồn lo sợ, cơn kéo dài vài giây đến vài phút, mạch Trầm Tế Sác. Cơn không điển hình: chỉ tức sau xương ức, hoặc đau ở tay, thượng vị",,mạch Trầm Tế Sác. Cơn không điển hình: chỉ tức sau xương ức,Phương hành khí hoạt huyết thông dương hoá trọc,"Hồng hoa, Sài hồ, Trần bì, Cát cánh, Phỉ bạch, Chỉ sác, Qua lâu, Xuyên khung, Qui đầu, Thục địa, Xích thược, Đan sâm, Bán hạ, Huyền hồ, Uất kim"
Viêm cầu thận cấp,Phong thủy,"phù, tiểu ít, tiểu đục, tiểu ra máu, phù mặt, phù chân, albumin, protein niệu","Phù mặt và nửa người trên, sau đó phù toàn thân, kèm biểu chứng: gai rét, sốt, rêu lưỡi trắng dày, tiểu tiện ít, mạch phù",rêu lưỡi trắng dày,mạch phù,Việt tỳ thang gia giảm,"Táo, Cát căn, Quế chi, Sa tiền, Sinh khương, Mã đề, Bạch truật, Ma hoàng, Mộc thông, Thạch cao"
Viêm cầu thận cấp,Thủy thấp,"phù, tiểu ít, tiểu đục, tiểu ra máu, phù mặt, phù chân, albumin, protein niệu","Phù toàn thân, đi giải ít, sốt nhẹ, rêu lưỡi trắng dày, mạch trầm hoãn hoặc đới sác",rêu lưỡi trắng dày,mạch trầm hoãn hoặc đới sác,Ngũ linh tán gia giảm (kết hợp Ngũ bì ẩm),"Tang bì, Đại phúc bì, Ngũ gia bì, Bạch truật, Quế chi, Mã đề, Bồ công anh, Khương bồ (có thể là Thương truật), Trư linh, Trạch tả, Bạch linh, Trần bì"
Viêm cầu thận cấp,Thấp nhiệt,"phù, tiểu ít, tiểu đục, tiểu ra máu, phù mặt, phù chân, albumin, protein niệu","Phù toàn thân, khát nước nhiều, nước tiểu đỏ, ít",,,Đạo xích tán gia giảm,"Mao căn, Sinh địa, Lá cối xay, Mã đề, Mộc thông, Trúc diệp, Bạch linh, Cam thảo, Thổ phục (có thể là Thổ phục linh)"
Tắc lệ đạo,Phong kết hợp Can thận âm hư,,"Nước mắt tự nhiên chảy ra, gặp gió chảy nhiều hơn, có thể kèm viêm, sưng nề, đỏ ở góc mắt trong, nhiễm trùng mắt tái đi tái lại, xuất tiết nhầy mắt, nhìn mờ",,,Khu phong bổ Can thận,"Bạch chỉ, Xuyên khung, Ô tặc cốt, Tế tân, Uy linh tiên, Sinh địa, Kỉ tử, Bạch thược"
Viêm cầu thận mạn,Tỳ dương hư,"phù, tiểu ít, tiểu đục, tiểu ra máu, phù mặt, phù chân, albumin, protein niệu","Phù ít không rõ ràng, phù ở mí mắt, sắc mặt trắng xanh, thở gấp, tay chân mệt mỏi, hay đầy bụng, phân nhão, tiểu tiện ít, chất lưỡi bệu, có vết răng, tay chân lạnh, mạch hoãn",chất lưỡi bệu,mạch hoãn,Thực tỳ ẩm hợp Vị linh thang,"Bạch linh, Can khương, Thảo quả, Chích thảo, Hậu phác, Phụ tử, Sinh khương, Mộc hương, Đại phúc bì, Bạch truật, Binh lang, Mộc qua, Trư linh, Trạch tả, Táo"
Viêm cầu thận mạn,Tỳ thận dương hư,"phù, tiểu ít, tiểu đục, tiểu ra máu, phù mặt, phù chân, albumin, protein niệu","Phù không rõ ràng, phù ít kéo dài, bụng trướng, ỉa lỏng, nước tiểu ít, sắc mặt trắng xanh, lưỡi bệu, mệt mỏi, lưng mỏi, tay chân lạnh, sợ lạnh, mạch trầm tế",lưỡi bệu,mạch trầm tế,Chân vũ thang gia giảm (hoặc phương ôn dương lợi thuỷ),"Phụ tử, Bạch linh, Bạch truật, Sinh khương, Bạch thược, Trạch tả, Xa tiền tử, Trư linh, Nhục quế, Thổ phục (linh), Mã đề, Tỳ giải"
Viêm cầu thận mạn,Âm hư dương xung,"phù, tiểu ít, tiểu đục, tiểu ra máu, phù mặt, phù chân, albumin, protein niệu","Phù ít, đau đầu, chóng mặt, hồi hộp, miệng khát, môi đỏ, khô họng, chất lưỡi đỏ, mạch huyền sác",chất lưỡi đỏ,mạch huyền sác,Kỷ cúc địa hoàng hoàn gia giảm,"Hoài sơn, Đan bì, Bạch linh, Trạch tả, Sơn thù, Kỉ tử, Cúc hoa, Qui đầu, Bạch thược, Ngưu tất, Thục địa, Xa tiền tử, Đan sâm, Tang kí sinh"
Viêm cầu thận mạn,Tỳ thận dương hư kèm trọc độc,"phù, tiểu ít, tiểu đục, tiểu ra máu, phù mặt, phù chân, albumin, protein niệu","Ure máu cao, lợm giọng buồn nôn, sắc mặt đen, tức ngực, trướng bụng, đại tiện lỏng, tiểu tiện ngắn ít, chất lưỡi bệu, rêu trắng dày, mạch huyền tế, nhu tế","chất lưỡi bệu, rêu trắng dày",mạch huyền tế,Phương ôn dương giáng trọc,"Phụ tử chế, Đại hoàng, Trần bì, Bạch linh, Bạch truật, Hậu phác, Bán hạ, Sinh khương, Đẳng sâm"
Chiến chấn (Chấn điệu),Phong Dương Nội Động,,"Chóng mặt, đầu căng, mặt đỏ, miệng lưỡi khô, dễ tức giận, đau lưng, chân yếu, đầu lắc, tay run, không thể tự làm được việc gì, lưỡi đỏ, rêu lưỡi vàng nhạt, mạch Huyền Sác","miệng lưỡi khô, lưỡi đỏ, rêu lưỡi vàng nhạt",mạch Huyền Sác,Tư Sinh Thanh Dương Thang,"Sinh địa, Sinh thạch quyết minh, Từ thạch, Thạch hộc, Mạch môn, Đan bì, Bạch thược, Cam Cúc hoa, Bạc hà, Sài hồ, Thiên ma, Tang diệp"
Chiến chấn (Chấn điệu),Tuỷ Hải Bất Túc,,"váng đầu, hoa mắt, ù tai, hay quên, đầu lắc, tay run, đi tiểu khó, nằm xuống là ngã lăn ra, nặng hơn thì dại khờ, khóc cười thất thường, nói năng lộn xộn, lưỡi đỏ nhạt kèm nhờn nhiều, rêu lưỡi trắng nhạt, mạch thường Trầm Huyền không lực hoặc Huyền Tế mà Sác","lưỡi đỏ nhạt kèm nhờn nhiều, rêu lưỡi trắng nhạt",mạch thường Trầm Huyền không lực hoặc Huyền Tế mà Sác,Quy Bản Nhị Tiên Cao (hoặc Ích Tuỷ Cường Thân Hoàn),"Quy Bản Nhị Tiên Cao: Lộc giác, Quy bản, Nhân sâm, Câu kỷ tử. Ích Tuỷ Cường Thân Hoàn: Lộc giác giao, Ô mai, Qui bản giao, Yến thái, Tây Hồng hoa, Thạch Xương bồ, Ngũ vị, Xạ hương, Đại mạo, Kỉ tử, Hà thủ ô, Hoàng tinh, Hi thiêm, Hòe mễ, Sơn thù, Thục địa, Đào nhân"
Chiến chấn (Chấn điệu),Khí Huyết Đều Hư,,"Chóng mặt, hồi hộp, phiền muộn, hễ cử động thì mệt, ngại nói, đầu lắc, tay run, uể oải, sợ lạnh, tay chân lạnh, ra mồ hôi, tiêu tiểu thất thường, gốc lưỡi to, mầu hồng nhạt, rêu lưỡi trắng, nhờn, mạch Trầm Nhu không lực hoặc Trầm Tế","gốc lưỡi to, rêu lưỡi trắng",mạch Trầm Nhu không lực hoặc Trầm Tế,Bổ Trung Ích Khí Thang hợp Thiên Vương Bổ Tâm Đơn,"Hoàng kỳ, Nhân sâm, Bạch truật, Chích thảo, Đương qui, Trần bì, Thăng ma, Sài hồ, Huyền sâm, Đan sâm, Phục thần, Bá tử nhân, Viễn trí, Thiên môn, Mạch môn, Ngũ vị tử, Toan táo nhân, Sinh địa, Cát cánh"
Chiến chấn (Chấn điệu),Đờm Nhiệt Động Phong,,"váng đầu, hoa mắt, đầu lắc, tay run, tay mất cảm giác, không cầm được vật gì, có khi không còn cảm giác đau, ngứa gì nữa, ngực đầy, khó chịu, nôn mửa đờm dãi, ho suyễn, đờm dính như sợi, khạc nhổ liên tục, lưỡi sưng to, có ngấn, mầu đỏ sẫm, rêu lưỡi trắng nhờn, mạch Trầm Hoạt hoặc Trầm Nhu","lưỡi sưng to, rêu lưỡi trắng nhờn",mạch Trầm Hoạt hoặc Trầm Nhu,Đạo Đờm Thang gia giảm,"Trần bì, Bán hạ, Phục linh, Cam thảo, Nam tinh, Chỉ sác, Tạo giác, Bằng sa"
Cuồng,Đàm hỏa nghịch,"kích động, la hét, hưng phấn, nói nhảm, hoang tưởng, đập phá, cuồng, điên","Bệnh phát ra cấp, cuồng táo bạo, hai mắt giận dữ, mắt đỏ, mặt đỏ, lúc cười lúc hát, nói loạn xạ, có khi cởi quần áo trần truồng, đánh người đập phá, chất lưỡi đỏ, rêu lưỡi vàng dày, mạch hoạt sác","chất lưỡi đỏ, rêu lưỡi vàng dày",mạch hoạt sác,Phương tả can chấn tâm tả hỏa thông đàm,"Ngưu bàng, Chi tử, Viễn trí, Xương bồ, Cam thảo, Đởm nam tinh, Phục thần, Toan táo nhân, Mạch môn, Hoàng liên, Bá tử nhân, Thiên môn, Tâm sen"
Cuồng,Hỏa thương âm,"kích động, la hét, hưng phấn, nói nhảm, hoang tưởng, đập phá, cuồng, điên","Sau cơn kịch phát, người bệnh mệt mỏi gầy yếu, mặt đỏ, chất lưỡi đỏ, rêu ít, mạch tế sác","chất lưỡi đỏ, rêu ít",mạch tế sác,Phương tư âm giáng hỏa an thần định chí,"Sinh địa, Huyền sâm, Mạch môn, Toan táo nhân, Mộc thông, Hoàng cầm, Hoàng liên, Cam thảo, Đăng tâm thảo, Sơn thù, Bạch thược, Tâm sen, Hương phụ"
Cuồng,Huyết ứ,"kích động, la hét, hưng phấn, nói nhảm, hoang tưởng, đập phá, cuồng, điên","Nói lung tung, mất ngủ, phiền muộn, hay giận, lưỡi đỏ hoặc tía tối, hình thái xấu xa, mạch xúc",lưỡi đỏ hoặc tía tối,mạch xúc,Phương hành khí tiêu ứ (Điên cuồng mộng tình thang gia giảm),"Đào nhân, Sài hồ, Hương phụ, Mộc thông, Trần bì, Tô tử, Xích thược, Bán hạ, Đại phúc bì, Thanh bì, Tang bì, Cam thảo"
Chàm (Eczema),Cấp tính - Thấp nhiệt,"ngứa, mẩn, ban, mụn, ghẻ, da, phát ban, mề đay","Da hồng, đỏ ngứa, có mụn nước, loét, chảy nước vàng, mùa hanh khô, chảy máu tươi, để lâu ngày có thể gây viêm họng",,,Phương thanh nhiệt táo thấp (uống trong),"Hoàng cầm, Hoàng bá, Bạch tiễn bì, Linh bì, Hoạt thạch, Khổ sâm, Sinh địa, Ngân hoa, Thổ phục linh, Hoàng đằng"
Chàm (Eczema),Cấp tính - Phong nhiệt,"ngứa, mẩn, ban, mụn, ghẻ, da, phát ban, mề đay","Da hơi đỏ có mụn nước phát toàn thân, ngứa gãi chảy nước, ít loét",,,Long đởm tả can thang gia giảm (uống trong),"Hoàng cầm, Chi tử, Qui đầu, Sài hồ, Mộc thông, Cam thảo, Sinh địa, Trạch tả, Sa tiền, Thuyền thoái, Kinh giới, Xương truật, Ngưu bàng, Khổ sâm, Hoàng bá, Long đởm thảo"
Chàm (Eczema),Mãn tính - Phong huyết táo,"ngứa, mẩn, ban, mụn, ghẻ, da, phát ban, mề đay","Da dày khô, ngứa, nổi cục, có mụn nước, hay gặp ở đầu, mặt, cổ chân, cổ tay, khuỷu tay, đầu gối",,,Phương khu phong dưỡng huyết nhuận táo (uống trong),"Qui đầu, Thục địa, Bạch thược, Xuyên khung, Kinh giới, Xương truật, Khổ sâm, Thuyền thoái, Phòng phong, Bạch tiễn bì, Tật lê, Địa phụ tử, Hoàng bá, Hi thiêm"
Âm nang chàm,Thấp nhiệt phong đàm,"ngứa, mẩn, ban, mụn, ghẻ, da, phát ban, mề đay","Nóng bỏng ở tai, nổi mụn nước, da ống tai sưng hẹp, nhiều vết xuất tiết lẫn vảy da, màng nhĩ đỏ",,,Nhị Trần Thang gia giảm,"Bạch linh, Bán hạ, Cam thảo, Trần bì, Trúc nhự, Chỉ thực, Đởm nam tinh, Cương tàm, Địa long, Sài hồ, Ty qua lạc, Đương qui, Đan sâm, Uất kim"
Cao Chỉ Huyết Chỉ,Đờm Trọc Ngăn Trở,"cholesterol, mỡ máu, máu nhiễm mỡ, lipid","Cholesterol trong máu tăng cao, váng đầu, nặng đầu, cơ thể béo phì, ngực đầy bụng trướng khó chịu, người nặng nề không muốn hoạt động, rêu lưỡi vàng bệu, mạch Hoạt Thực",rêu lưỡi vàng bệu,mạch Hoạt Thực,Ôn Đởm Thang gia giảm,"Trần bì, Bán hạ, Bạch linh, Qua lâu, Chỉ thực, Hải tảo, Hoàng cầm"
Cao Chỉ Huyết Chỉ,Tỳ Hư Thấp Khốn,"cholesterol, mỡ máu, máu nhiễm mỡ, lipid","Cholesterol trong máu tăng cao, hoạt động thì mệt, ăn ít, đầy bụng, hụt hơi, sắc mặt không tươi, chân hơi sưng phù, phân lỏng nát, lưỡi nhạt, rêu lưỡi trắng, mạch Hoãn Nhược","lưỡi nhạt, rêu lưỡi trắng",mạch Hoãn Nhược,Sâm Linh Bạch Truật Tán gia giảm,"Đẳng sâm, Bạch truật, Xa nhân (có thể là Sa nhân), Bạch linh, Cam thảo, Hoài sơn, Cát cánh, Ý dĩ, Trần bì, Thần khúc, Sơn tra"
Cao Chỉ Huyết Chỉ,Can Uất Khí Trệ,"cholesterol, mỡ máu, máu nhiễm mỡ, lipid","Cholesterol máu tăng, hai bên hông sườn trướng đau, nấc, ợ hơi, phiền táo, dễ tức giận, váng đầu, đau đầu, miệng đắng, khô họng, lưỡi hơi đỏ, rêu lưỡi hơi vàng, mạch Huyền","lưỡi hơi đỏ, rêu lưỡi hơi vàng",mạch Huyền,Sài Hồ Sơ Can Tán gia giảm,"Sài hồ, Bạch thược, Chỉ sác, Trích thảo, Xuyên khung, Sơn tra, Hạ khô thảo, Huyền hồ"
Cao Chỉ Huyết Chỉ,Can Thận Hư Tổn,"cholesterol, mỡ máu, máu nhiễm mỡ, lipid","Cholesterol trong máu cao, váng đầu, hoa mắt, cử động thì hụt hơi, đau lưng, chân yếu, mờ mắt, ù tai, tai kêu, mất ngủ, hay mơ, trí nhớ giảm, lưỡi hơi đỏ, mạch Huyền Tế",lưỡi hơi đỏ,mạch Huyền Tế,Kỷ Cúc Địa Hoàng Hoàn gia giảm,"Đan bì, Cúc hoa, Trạch tả, Thục địa, Sơn thù, Hà thủ ô, Kỉ tử, Nữ trinh tử, Tang kí sinh, Hoàng tinh, Đan sâm"
Cao Chỉ Huyết Chỉ,Huyết Ứ Ngăn Trở,"cholesterol, mỡ máu, máu nhiễm mỡ, lipid","Cholesterol máu cao, đau ngực lan ra sau lưng, phiền muộn, váng đầu, đau đầu, đau không di chuyển, tay chân và cơ thể tê dại, lưỡi đỏ tím hoặc có vết ứ huyết, mạch Tế Sáp",lưỡi đỏ tím hoặc có vết ứ huyết,mạch Tế Sáp,Huyết Phủ Trục Ứ Thang gia giảm,"Qui xuyên (Đương quy), Xích thược, Bồ hoàng, Đào nhân, Xuyên khung, Cát cánh, Cam thảo, Hồng hoa, Sinh địa, Sơn tra, Chỉ sác"
Cân quyết,Huyết hư,,"Gân bị co, co duỗi khó khăn, đau đớn, váng đầu hoa mắt, ít ngủ, kinh nguyệt ra ít, tay chân tê, móng tay không phát triển, da thịt máy động, mặt môi nhạt",,,Bổ can thang (hoặc Khâu thị thư cân chỉ thống thang),"Qui đầu, Thục địa, Bạch thược, Táo nhân, Kê huyết đằng, Tang kí sinh, Tục đoạn, Kỉ tử, Ngưu tất, Xuyên khung, Trích thảo, Mộc qua, Mạch môn, Thấu cốt thảo, Ngô công, Nhũ hương, Một dược, Tế tân, Chế phụ phiến, Chế xuyên ô, Chế thảo ô, Đỗ Trọng, Cẩu tích"
Cân quyết,Hàn ngưng,,"tay chân khó co duỗi, gặp lạnh nặng hơn, đau nhức, rêu trắng, cước khí",rêu trắng,,Ô đầu thang (hoặc Quế chi gia phụ tử thang),"Chế xuyên ô, Ma hoàng, Bạch thược, Hoàng kỳ, Chích cam thảo, Mật ong"
Cân quyết,Nhiệt thương tân dịch,,"Sau khi mắc bệnh nhiệt, âm dịch tổn thương, gân mạch mất nuôi dưỡng làm gân mạch co cứng, tay chân co quắp đau nhức, khát nước khô họng, choáng đầu, đại tiện khô, tiểu vàng",,,Môn thị thược dược Câu đằng mộc nhĩ thang,"Bạch thược, Trích thảo, Bạch cự tử, Thiên ma, Toàn yết, Câu đằng, Uất lý nhân, Hắc mộc nhĩ, Cương tàm, Sài hồ, Một dược"
Thai phù,Tỳ khí suy yếu,,"Thai nhiều nước quá, bụng sưng to khác thường, da bụng căng to lên, chân và bộ phận sinh dục sưng to, nặng thì toàn thân sưng phù, ăn ít, bụng trướng, tinh thần uể oải, tay chân mềm yếu, sắc mặt vàng nhạt, lưỡi nhạt, rêu lưỡi trắng, mạch Trầm Hoạt không lực","lưỡi nhạt, rêu lưỡi trắng",mạch Trầm Hoạt không lực,Lý Ngư Thang,"Lý ngư (cá chép), Bạch truật, Bạch thược, Qui đầu, Phục linh, Sinh khương"
Thai phù,Khí trệ thấp uất,,"Có thai mà thai nhiều nước quá, bụng to khác thường, ngực đầy trướng, khó thở, không nằm được, tay chân và cơ thể sưng phù, mầu khô dang thay đổi, ấn vào lõm sâu, lưỡi nhạt, bệu, mạch Huyền, Hoạt",lưỡi nhạt,mạch Huyền,Phục Linh Đạo Thủy Thang bỏ Binh lang (hoặc Thiên Tiên Đằng Tán),"Phục linh, Trư linh, Bạch truật, Trạch tả, Mộc hương, Tô diệp, Đại phúc bì, Xa nhân (Sa nhân), Tang bì, Mộc qua (Hoặc dùng Thiên Tiên Đằng Tán: Thiên tiên đằng, Hương phụ, Trần bì, Cam thảo, Ô dược, Sinh khương, Mộc qua, Tô diệp)"
Thai phù,Thận hư,,"Mặt phù, tay chân sưng, ấn vào lõm sâu, váng đầu, ù tai, đau lưng, chân mỏi, chân lạnh, hồi hộp, hơi thở ngắn, tiểu không thông, da mặt sạm tối, lưỡi nhạt, rêu lưỡi trắng hoạt, mạch Trầm Trì","lưỡi nhạt, rêu lưỡi trắng hoạt",mạch Trầm Trì,Chân Vũ Thang (hoặc Phục Linh Tán gia giảm),"Quế chi, Bạch truật, Phục linh, Trư linh, Trạch tả, Hoài sơn, Thỏ ti tử (Chân Vũ Thang thường có: Phụ tử, Bạch linh, Bạch truật, Bạch thược, Sinh khương)"
Ngư lân bệnh,Huyết táo,,"khô da ráp, bong vảy, nứt nẻ, nặng thì toàn thân khô da ráp, nổi vảy hình tròn hoặc trám, giữa các khe ngang dọc như da rắn màu nâu xám, nặng nhất ở vùng da dày như lưng, mông, mặt ngoài các chi",,,Sinh huyết nhuận phu ẩm gia giảm,"Qui xuyên (Đương quy), Thục địa, Sinh địa, Hoàng kỳ, Thiên môn, Mạch môn, Ngũ vị, Thăng ma, Hoàng cầm, Hồng hoa, Đào nhân, Qua lâu, Kê huyết đằng, Tang bì"
Vị quản thống,Khí trệ,"đau thượng vị, đau vùng thượng vị, đau dạ dày, đau bao tử, đau bụng, vị quản thống, bụng đau, ợ chua","Đau vùng thượng vị lan ra sườn, xuyên ra sau lưng, đầy bụng trướng, cự án, ợ hơi, ợ chua, lưỡi đỏ, rêu trắng hoặc vàng mỏng, mạch huyền","lưỡi đỏ, rêu trắng hoặc vàng mỏng",mạch huyền,Sơ can hoà vị phương,"Sài hồ, Bạch thược, Chỉ thực, Thanh bì, Mai mực, Huyền hồ, Hương phụ, Trích thảo, Xuyên khung"
Vị quản thống,Hoả uất,"đau thượng vị, đau vùng thượng vị, đau dạ dày, đau bao tử, đau bụng, vị quản thống, bụng đau, ợ chua","Vùng thượng vị đau nhiều, đau nóng rát, cự án, khô miệng, ợ chua, miệng đắng, chất lưỡi đỏ, rêu lưỡi vàng, mạch huyền sác","chất lưỡi đỏ, rêu lưỡi vàng",mạch huyền sác,Sơ can tiết nhiệt phương,"Sài hồ, Bạch thược, Chỉ thực, Thanh bì, Trích thảo, Xuyên khung, Hương phụ, Mai mực, Huyền hồ"
Vị quản thống,Ứ huyết,"đau thượng vị, đau vùng thượng vị, đau dạ dày, đau bao tử, đau bụng, vị quản thống, bụng đau, ợ chua","Đau dữ dội ở vị trí nhất định, cự án, ấn vào đau tăng, nôn ra máu, ỉa phân đen, môi đỏ, lưỡi đỏ, rêu lưỡi đỏ, mạch huyền sác hữu lực","lưỡi đỏ, rêu lưỡi đỏ",mạch huyền sác hữu lực,Lương huyết chỉ huyết phương (thực chứng),"Sinh địa, Trắc bách diệp, A giao, Cam thảo, Bồ hoàng, Chi tử"
Vị quản thống,Ứ huyết,"đau thượng vị, đau vùng thượng vị, đau dạ dày, đau bao tử, đau bụng, vị quản thống, bụng đau, ợ chua","Đau dữ dội ở vị trí nhất định, cự án, ấn vào đau tăng, sắc mặt xanh nhợt, người mệt, tay chân lạnh, môi nhạt, chất lưỡi bệu có điểm ứ huyết, rêu lưỡi nhuận, mạch hư đại hoặc tế sác","chất lưỡi bệu có điểm ứ huyết, rêu lưỡi nhuận",mạch hư đại hoặc tế sác,Bổ huyết chỉ huyết phương (hư chứng),"Đẳng sâm, Bạch truật, Bạch linh, Cam thảo, Hoàng kỳ, A giao, Qui đầu, Xuyên khung, Ngũ vị, Táo nhân, Bạch thược, Đại táo, Trần bì, Kỉ tử, Sinh khương"
Vị quản thống,Hư hàn,"đau thượng vị, đau vùng thượng vị, đau dạ dày, đau bao tử, đau bụng, vị quản thống, bụng đau, ợ chua","Đau vùng thượng vị liên miên, nôn nhiều, mệt mỏi, thích xoa bóp, chườm nóng, đầy bụng, nôn ra nước trong, sợ lạnh, tay chân lạnh, phân nát có lúc táo, rêu lưỡi trắng, chất lưỡi nhạt, mạch hư tế","rêu lưỡi trắng, chất lưỡi nhạt",mạch hư tế,Ôn trung kiện vị phương,"Hoàng kỳ, Quế chi, Táo, Bạch thược, Cam thảo, Sinh khương, Di đường, Lá khôi"
Vị quản thống,Hàn thấp,"đau thượng vị, đau vùng thượng vị, đau dạ dày, đau bao tử, đau bụng, vị quản thống, bụng đau, ợ chua","Vị quản đầy đau khó chịu, ăn không thấy ngon, miệng dính nhớt, đầu mình nặng nề, đại tiện lỏng nhão hoặc tiết tả, rêu lưỡi trắng nhớt, mạch nhu",rêu lưỡi trắng nhớt,mạch nhu,Vị linh thang,"Xương truật, Hậu phác, Tang bì, Trạch tả, Trư linh, Cam thảo, Nhục quế, Bạch truật, Phục linh, Sinh khương"
Diện du phong,Phế Vị Nhiệt Thịnh,,"Phát bệnh cấp, da vùng tổn thương đỏ, ướt, lở loét, thành sẹo, ngứa, kèm tâm phiền, khát, táo bón, lưỡi đỏ, rêu vàng, mạch Hoạt Sác","lưỡi đỏ, rêu vàng",mạch Hoạt Sác,Tỳ Bà Thanh Phế Ẩm gia giảm,"Tỳ bà diệp, Sinh địa, Xích thược, Tang bì, Địa cốt bì, Đan bì, Hoàng cầm, Thạch cao, Bạch hoa xà thiệt thảo, Tri mẫu, Thiên hoa phấn"
Diện du phong,Tỳ Hư Thấp Khốn,,"Phát bệnh chậm, da vùng tổn thương đỏ nhạt hoặc vàng, có vẩy trắng, kèm tiêu lỏng, lưỡi đỏ nhạt, rêu trắng nhờn, mạch Hoạt","lưỡi đỏ nhạt, rêu trắng nhờn",mạch Hoạt,Sâm Linh Bạch Truật Tán gia giảm,"Đẳng sâm, Bạch truật, Xa nhân, Bạch linh, Cam thảo, Hoài sơn, Biển đậu, Ý dĩ, Trần bì, Cát cánh, Liên nhục"
Diện du phong,Huyết Hư Phong Táo,,"khô da, có vẩy, ngứa, đầu mụn khô, không nhuận, thường kèm tóc rụng, lưỡi đỏ, rêu trắng nhạt, mạch Huyền","lưỡi đỏ, rêu trắng nhạt",mạch Huyền,Sinh huyết nhuận phu ẩm,"Qui xuyên, Thục địa, Sinh địa, Hoàng kì, Thiên môn, Mạch môn, Ngũ vị, Thăng ma, Hoàng cầm, Hồng hoa, Đào nhân, Qua lâu"
Vị hạ sa,Khí hư,"sa tử cung, tử cung sa, khối sa, sa xuống, trằn nặng, sa dạ con, âm đĩnh, lòi dom","Ăn vào đầy tức, ăn no khó chịu, dạ dày sa, dãn",,,Bổ trung ích khí thang gia giảm,"Đẳng sâm, Bạch truật, Hoàng kỳ, Sài hồ, Thăng ma, Trần bì, Qui xuyên, Trích thảo, Mao căn, Chỉ thực, Hậu phác"
Vị hạ sa,Thủy ẩm,"sa tử cung, tử cung sa, khối sa, sa xuống, trằn nặng, sa dạ con, âm đĩnh, lòi dom","Sa dạ dày, kèm lượng tiểu tiện giảm, ăn xong một lúc thì nôn, khát nước",,,Phục linh Trạch tả thang,"Phục linh, Trạch tả, Bạch truật, Quế chi, Sinh khương, Cam thảo"
Vị hạ sa,Đờm thấp,"sa tử cung, tử cung sa, khối sa, sa xuống, trằn nặng, sa dạ con, âm đĩnh, lòi dom","Sa dạ dày, lưng cảm thấy lạnh, mạch hoạt, cơ thể hay bị đau vị đờm thấp, đau ngực sườn, đau thần kinh, đau cơ, đau khớp, trương lực cơ giảm sút",,mạch hoạt,Thanh thấp hoá đàm thang,"Bán hạ, Bạch linh, Trần Bì, Cam thảo, Sinh khương, Thiên nam tinh, Khương hoạt, Bạch chỉ, Bạch giới tử, Xương truật, Hoàng cầm"
Vị hạ sa,Hư hàn,"sa tử cung, tử cung sa, khối sa, sa xuống, trằn nặng, sa dạ con, âm đĩnh, lòi dom","Sa dạ dày, sợ lạnh, viêm đại tràng co thắt, đầy bụng trướng ở người hư nhược, kiết lị, thoát vị âm nang, thoát vị bẹn",,,Quế chi gia thược dược thang,"Quế chi, Bạch thược, Táo, Sinh khương, Cam thảo"
Di tinh,Âm Hư Hỏa Vượng,"liệt dương, dương nuy, di tinh, mộng tinh, tảo tiết, hoạt tinh, xuất tinh, dương vật","Ngủ không yên, mơ nhiều, dễ tỉnh giấc, dương vật dễ cương, mộng di hoặc tảo tiết tinh, choáng váng, tim đập nhanh, tinh thần mệt mỏi, chất lưỡi đỏ nhiều, mạch Tế Sác",chất lưỡi đỏ nhiều,mạch Tế Sác,Tri Bá Địa Hoàng Hoàn gia giảm,"Thục địa, Hoài sơn, Sơn thù, Đan bì, Bạch linh, Trạch tả, Tri mẫu, Hoàng bá, Ngũ vị, Long cốt, Mẫu lệ. (Bệnh lâu ngày không khỏi thêm Kim anh tử, Khiếm thực)"
Di tinh,Thận hư không bền,"liệt dương, dương nuy, di tinh, mộng tinh, tảo tiết, hoạt tinh, xuất tinh, dương vật","Luôn bị mộng tinh, hoạt tinh, liệt dương, chóng mặt, ù tai, mỏi lưng, tinh thần uể oải, sắc mặt xanh nhợt, sợ lạnh, tay chân lạnh, chất lưỡi nhạt, mạch Trầm Tế hoặc trầm trì",chất lưỡi nhạt,mạch Trầm Tế hoặc trầm trì,Bát vị hoàn gia giảm,"Thục địa, Hoài sơn, Đan bì, Bạch linh, Trạch tả, Sơn thù, Nhục quế, Phụ tử, Phá cố chỉ, Khiếm thực"
Di tinh,Thấp Nhiệt,"liệt dương, dương nuy, di tinh, mộng tinh, tảo tiết, hoạt tinh, xuất tinh, dương vật","Di tinh không cầm, miệng đắng hoặc khát, nước tiểu nóng đỏ, rêu lưỡi vàng nhớt, mạch Nhu Sác",rêu lưỡi vàng nhớt,mạch Nhu Sác,Thanh nhiệt lợi thấp phương,"Tỳ giải, Ý dĩ, Hoàng bá, Bồ công anh, Mẫu lệ, Hoài sơn, Nhọ nồi, Bạch truật, Khổ sâm, Dạ dày lợn"
Dương nuy,Tâm tỳ hư,"liệt dương, dương nuy, rối loạn cương, yếu sinh lý, bất lực, xuất tinh, di tinh, tinh trùng","Da xanh, mặt vàng, ăn kém, ít ngủ, di tinh liệt dương, rêu lưỡi trắng, chất lưỡi nhợt, mạch trầm tế","rêu lưỡi trắng, chất lưỡi nhợt",mạch trầm tế,Ôn bổ tâm tỳ phương,"Sinh khương, Bạch truật, Phục thần, Mộc hương, Viễn trí, Táo nhân, Cao b long, Đương qui, Long nhãn, Đẳng sâm, Hà thủ ô, Hoài sơn, Xa nhân, Hoàng kỳ, Thục địa, Kỉ tử, Ý dĩ"
Dương nuy,Thận hư,"liệt dương, dương nuy, rối loạn cương, yếu sinh lý, bất lực, xuất tinh, di tinh, tinh trùng","Mệt mỏi, đau lưng, mỏi gối, sắc mặt xạm đen, hoa mắt, ù tai, hoạt tinh hoặc xuất tinh sớm, lưỡi sắc nhợt, mạch Trầm Tế hoặc Trầm Nhược, vô lực",lưỡi sắc nhợt,mạch Trầm Tế hoặc Trầm Nhược,Tả Quy Hoàn gia giảm,"Kỉ tử, Qui bản giao, Thỏ ti tử, Lộc giác giao, Hoài sơn, Thục địa, Ngưu tất, Sơn thù. (Chân tay lạnh thêm: Tắc kè, Tiên linh tỳ, Nhục thung dung, Hắc Phụ tử, Quế nhục; khí kém thêm: Nhân sâm, Hoàng kỳ)"
Dương nuy,Khí trệ huyết ứ,"liệt dương, dương nuy, rối loạn cương, yếu sinh lý, bất lực, xuất tinh, di tinh, tinh trùng","Tinh thần bứt rứt, ngực sườn đầy tức, tính tình nóng nảy, sắc mặt xạm, môi tím, lưỡi có điểm ứ huyết sắc tím, mạch Huyền hoặc Sáp",lưỡi có điểm ứ huyết sắc tím,mạch Huyền hoặc Sáp,Huyết Phủ Trục Ứ Thang gia giảm,"Sài hồ, Cam thảo, Cát cánh, Xuyên khung, Chỉ sác, Đào nhân, Đương qui, Hồng hoa, Ngưu tất, Sinh địa, Dâm dương hoắc, Phá cố chỉ, Ba kích, Kỉ tử, Hương phụ"
Dương nuy,Thấp nhiệt,"liệt dương, dương nuy, rối loạn cương, yếu sinh lý, bất lực, xuất tinh, di tinh, tinh trùng","Khát nước, liệt dương, tiểu tiện đỏ, rêu lưỡi vàng dầy, mạch nhu sác",rêu lưỡi vàng dầy,mạch nhu sác,Tư âm thanh nhiệt phương,"Đan bì, Bạch linh, Trạch tả, Tri mẫu, Hoài sơn, Sơn thù, Hoàng bá, Hoắc hương, Sà sàng"
Cước căn thống,Can thận hư,"gót chân, đau gót, gót, cước căn, đau bàn chân, đau chân","Gót đau chân, không sưng không đỏ, hoặc hơi sưng nhẹ, không thể đi đứng nhiều, có thể kèm mỏi lưng, ù tai, chất lưỡi tối xạm",chất lưỡi tối xạm,,Lộc giác giao hoàn,"Lộc giác, Lộc giác xương, Thục địa, Nhân sâm, Hổ cốt, Ngưu tất, Phục linh, Thỏ ti tử, Bạch truật, Đỗ trọng, Qui bản, Đương qui"
Cước căn thống,Huyết ứ,"gót chân, đau gót, gót, cước căn, đau bàn chân, đau chân","Đau gót chân kéo dài, mó vào càng đau tăng, nhưng sau khi đi lại chốc lát lại cảm thấy đỡ đau, mạch huyền sắc, lưỡi đỏ tối",lưỡi đỏ tối,mạch huyền sắc,Đan sâm ngưu tất thang,"Đan sâm, Ngưu tất"
Cước căn thống,Hàn ngưng huyết ứ,"gót chân, đau gót, gót, cước căn, đau bàn chân, đau chân","Gót đau chân dữ dội hoặc sưng to ảnh hưởng đến đi lại, vì lạnh hoặc thời tiết thay đổi đau tăng, mạch trở sắc, lưỡi tía tối, bệnh trở ngại khỏi dài",lưỡi tía tối,mạch trở sắc,Đương quy tứ nghịch thang gia vị,"Đương quy, Quế chi, Xích thược, Tế tân, Chích cam thảo, Thông thảo, Đại táo, Ngải diệp, Ngưu tất, Mộc qua, Nhũ hương, Một dược"
	Đầu thống,Phong hàn,"đau đầu, nhức đầu, đầu thống, đau nửa đầu, nặng đầu, đầu đau, váng đầu, đau vùng đầu","Đau đau đầu xuống gáy cổ, hay lấy khăn bịt đầu, sợ lạnh ngạt mũi, chảy nước mũi, rêu lưỡi trắng mỏng, mạch phù khẩn",rêu lưỡi trắng mỏng,mạch phù khẩn,Phương bổ khí tán hàn,"Đẳng sâm, Bạch truật, Hoàng kỳ, Sài hồ, Thăng ma, Trần bì, Qui xuyên, Trích thảo, Sinh khương, Phụ tử, Tang diệp, Xuyên khung, Bạch chỉ, Khương hoạt, Tế tân, Phòng phong, Kinh giới"
	Đầu thống,Phong nhiệt,"đau đầu, nhức đầu, đầu thống, đau nửa đầu, nặng đầu, đầu đau, váng đầu, đau vùng đầu","đau đầu căng, nặng thì đau như búa bổ, sốt sợ gió, mặt và mắt đỏ, khát nước, tiểu vàng, đại tiện bí, rêu vàng mỏng, mạch phù sác",rêu vàng mỏng,mạch phù sác,Phương sơ phong thanh nhiệt,"Bạch linh, Hoàng cầm, Đương qui, Thạch cao, Sài hồ, Trần bì, Trích thảo, Đan bì, Chi tử, Bạc hà, Mạn kinh tử, Cúc hoa, Bạch chỉ, Xuyên khung, Đại hoàng"
	Đầu thống,Phong thấp,"đau đầu, nhức đầu, đầu thống, đau nửa đầu, nặng đầu, đầu đau, váng đầu, đau vùng đầu","đau đầu như bị bó lại, đau như dùi, người nặng, hông đầy bụng, chán ăn, lưỡi nhạt, rêu trắng cáu, mạch nhu","lưỡi nhạt, rêu trắng cáu",mạch nhu,Phương trừ phong thấp,"Kinh giới, Phòng phong, Khương hoạt, Độc hoạt, Xuyên khung, Sài hồ, Trần bì, Chỉ sác, Cát cánh, Bạch linh, Cam thảo, Mộc hương, Xương truật, Mạn kinh tử"
	Đầu thống,Thử thấp,"đau đầu, nhức đầu, đầu thống, đau nửa đầu, nặng đầu, đầu đau, váng đầu, đau vùng đầu","Người nóng có mồ hôi, buồn bực",,,Hương nhu ẩm gia giảm,"Hương nhu, Hoắc hương, Thạch hộc, Mạn kinh tử, Lá sen (bỏ Biển đậu)"
	Đầu thống,Huyết hư,"đau đầu, nhức đầu, đầu thống, đau nửa đầu, nặng đầu, đầu đau, váng đầu, đau vùng đầu","Đau đầu, chóng mặt, đau ê ẩm, mệt đau tăng, hồi hộp mất ngủ, tinh thần mệt mỏi, yếu sức, ăn uống kém",,,Bát trân thang gia giảm,"Ngũ vị, Bạch linh, Bạch truật, Mẫu lệ, Cam thảo, Đẳng sâm, Long nhãn, Xuyên khung, Tang kí sinh, Hà thủ ô, Bạch thược, Địa long, Mạn kinh tử, Ngưu tất, Đương qui, Cúc hoa, Thục địa, Kỉ tử"
	Đầu thống,Can dương thượng cang,"đau đầu, nhức đầu, đầu thống, đau nửa đầu, nặng đầu, đầu đau, váng đầu, đau vùng đầu","Đau từng cơn nhấm nhói, đau căng đầu, nặng đầu chân nhẹ, hoa mắt sợ sáng, chóng mặt, đau nhiều vùng thái dương, ngủ không yên, phiền táo, dễ cáu giận, sườn trướng đau, ù tai, mắt đỏ khô miệng, mạch huyền/huyền tế sác, lưỡi đỏ rêu vàng mỏng, có chiều hướng bị cao huyết áp",lưỡi đỏ rêu vàng mỏng,mạch huyền/huyền tế sác,Phương bình can tiềm dương (Thiên ma Câu đằng ẩm gia giảm hoặc Long đởm tả can thang nếu can hoả vượng mạnh),"Thiên ma, Câu đằng, Thạch quyết minh, Chi tử, Hoàng cầm, Ngưu tất, Ích mẫu, Tang kí sinh, Dạ giao đằng, Bạch linh, Cúc hoa, Kỉ tử, Hạ khô thảo, Mật gấu. (Âm hư gia: Sinh địa, Kỉ tử; Can hoả vượng mạnh dùng: Long đởm thảo, Hoàng cầm, Chi tử, Trạch tả, Mộc thông, Sài hồ, Sinh địa, Đương quy, Cam thảo...)"
	Đầu thống,Đàm thấp,"đau đầu, nhức đầu, đầu thống, đau nửa đầu, nặng đầu, đầu đau, váng đầu, đau vùng đầu","Đầu luôn căng, mặt mày sây sẩy, tức ngực đầy bụng, nôn mửa ra đờm dãi, rêu lưỡi trắng nhờn, mạch huyền hoạt",rêu lưỡi trắng nhờn,mạch huyền hoạt,Phương kiện tỳ tiêu đờm (Bán hạ bạch truật thiên ma thang gia giảm),"Bán hạ, Bạch truật, Trần bì, Hậu phác, Thiên ma, Sinh khương, Mạn kinh tử, Cam thảo, Táo, Bạch linh, Tật lê, Bạch chỉ, Mộc hương, Xuyên khung, Mật gấu"
	Đầu thống,Huyết ứ,"đau đầu, nhức đầu, đầu thống, đau nửa đầu, nặng đầu, đầu đau, váng đầu, đau vùng đầu","Đau liên miên không khỏi, điểm đau cố định, có lúc đau như dùi đâm, lưỡi có đám ứ đỏ, mạch sác",lưỡi có đám ứ đỏ,mạch sác,Huyết phủ trục ứ thang gia giảm,"Sinh địa, Sài hồ, Qui đầu, Xuyên khung, Đào nhân, Chỉ sác, Cát cánh, Hồng hoa, Xích thược, Cam thảo, Ngưu tất, Hành, Hương phụ, Mạn kinh tử, Bạch chỉ"
	Đầu thống,Khí hư,"đau đầu, nhức đầu, đầu thống, đau nửa đầu, nặng đầu, đầu đau, váng đầu, đau vùng đầu","Đau đầu âm ỉ liên miên, làm việc quá sức thì đau tăng, đau nhiều về buổi sáng hoặc khi mới ngủ dậy, cảm giác long óc, người mệt, ăn kém, thiểu khí, mạch tế vô lực",,mạch tế vô lực,Bổ trung ích khí thang gia giảm,"Hoàng kỳ, Nhân sâm, Bạch truật, Trần bì, Qui đầu, Bạch thược, Trích thảo, Thăng ma, Sài hồ, Mạn kinh tử, Xuyên khung, Tế tân, Bạch chỉ"
Đái tháo nhạt,Phế vị âm hư,"khát nước, khát nhiều, uống nhiều, uống nước nhiều, đa niệu, tiểu nhiều, đái nhiều, tiểu tiện nhiều","Khát nhiều thích uống nước lạnh, miệng lưỡi khô, tiểu nhiều lần, lượng nước tiểu nhiều, lưỡi đỏ rêu vàng, mạch Hoạt Sác","miệng lưỡi khô, lưỡi đỏ rêu vàng",mạch Hoạt Sác,Bạch hổ nhân sâm thang gia giảm (hoặc Mạch Môn Đông Thang gia giảm),"Nhân sâm, Sinh địa, Thiên hoa phấn, Ngọc trúc, Thiên môn, Mạch môn, Địa cốt bì, Đan sâm, Đan bì, Thạch cao, Tri mẫu, Sinh Cam thảo. (Hoặc dùng Mạch Môn Đông Thang: Hoàng cầm, Mạch môn, Cát căn, Tri mẫu, Trúc diệp, Ô mai, Lô căn, Thiên hoa phấn, Sa sâm)"
Đái tháo nhạt,Thận âm hư,"khát nước, khát nhiều, uống nhiều, uống nước nhiều, đa niệu, tiểu nhiều, đái nhiều, tiểu tiện nhiều","Khát uống nhiều, tiểu nhiều và nhiều lần, lòng bàn tay chân nóng, váng đầu, mệt mỏi, đau lưng, mỏi gối, lưỡi đỏ, mạch Tế Sác",lưỡi đỏ,mạch Tế Sác,Lục Vị Địa Hoàng Hoàn gia giảm,"Sinh địa, Hoài sơn, Đan bì, Bạch linh, Mạch môn, Thiên hoa phấn, Huyền sâm, Tang phiêu tiêu, Sơn thù, Ngũ vị, Cam thảo"
Đái tháo nhạt,Thận dương hư,"khát nước, khát nhiều, uống nhiều, uống nước nhiều, đa niệu, tiểu nhiều, đái nhiều, tiểu tiện nhiều","Bệnh lâu ngày, mệt mỏi, sợ lạnh, uống nhiều, tiểu nhiều, sắc mặt xạm khô, kém tươi nhuận, đau lưng, váng đầu chóng mặt, lưỡi nhợt rêu dày trắng, mạch Trầm Tế",lưỡi nhợt rêu dày trắng,mạch Trầm Tế,Kim Quĩ Thận Khí Hoàn gia giảm,"Sinh địa, Thục địa, Hoài sơn, Nữ trinh tử, Đan bì, Bạch linh, Trạch tả, Phụ tử, Nhục quế, Đỗ trọng, Xương bồ, Tang phiêu tiêu"
Kiên tý,Phong hàn thấp,,"Vai và cánh đau tay tập trung, vận động hạn chế, đau rát cứng đơ lên lưng gáy, cổ xoay chuyển khó khăn, rêu trắng, mạch khẩn",rêu trắng,mạch khẩn,Phương khu phong chỉ thống,"Tang kí sinh, Ngân hoa, Ngưu tất, Phòng kỉ, Tần giao, Tiểu tang chi, Quế chi, Cam thảo"
Kiên tý,Phong hàn thấp,,"Vai và cánh đau tay tập trung, vận động hạn chế, cứng đơ, cổ xoay chuyển khó, rêu trắng, mạch khẩn",rêu trắng,mạch khẩn,Phương trừ hàn thấp hoạt huyết,"Hoàng kỳ, Qui đầu, Hải đồng bì, Phòng phong, Cam thảo, Sinh khương, Uy linh tiên, Khương hoạt, Xích thược, Uất kim, Hi thiêm, Táo. (Gân cổ đau cứng gia Tần giao, Cát căn; hàn thấp thiên thịnh gia Phụ phiến, Quế chi, Ý dĩ, Phòng kỷ)"
Kiên tý,Kinh nghiệm,,"Một bên hoặc cả hai cánh tay tê đau đến nỗi không giơ cao, xoay chuyển hạn chế",,,Phương kinh nghiệm dưỡng huyết thư cân,"Ngọc trúc, Lộc hàm thảo (Lộ chàm thảo), Phục linh, Bạch thược, Tang kí sinh, Bạch truật, Ngưu tất, Trích thảo"
Kiên tý,Huyết ứ hàn đàm,,"đau vai lâu, liên tục tái phát, co duỗi khó, mình mẩy tay chân tê dại, lưng đùi và toàn thân đau nhức",,,Phương hoạt huyết hóa ứ ôn kinh,"Đan sâm, Nhũ hương, Khương hoàng, Uy linh tiên, Xuyên ô, Liên kiều, Đương qui, Một dược, Kê huyết đằng, Địa long, Nam tinh. (Bệnh ở vai gáy gia: Cát căn, Khương hoạt, Quế chi, Tang chi; ở vai lưng gia: Đỗ Trọng, Tục đoạn, Cẩu tích)"
Kiên tý,Ngoại thương huyết ứ,,"đau vai do vấp ngã, hay tái phát lâu ngày, khó cử động do ứ huyết trì trệ",,,Phương hoạt huyết hóa ứ chỉ thống,"Qui đầu, Kê huyết đằng, Chế Một dược, Huyền hồ, Đan sâm, Nhũ hương, Hương phụ, Thấu cốt thảo. (Thiên hàn gia: Quế chi, Tế tân, Chế Xuyên ô, Chế Thảo ô; thiên nhiệt gia: Bại tương thảo, Mẫu Đan bì; khí hư gia: Hoàng kỳ; lâu ngày khớp biến dạng gia: Xuyên sơn giáp, Toàn trùng, Ô tiêu xà)"
Nhĩ lung ,Khí hư hạ hãm,"ù tai, tai, điếc, nghe kém, nhĩ minh, nhĩ lung","Mắt nhìn không rõ, sắc mặt kém tươi, tiếng nói thấp nhỏ, đoản hơi, ăn kém, mệt mỏi đại tiện lỏng, lưỡi bệu, rêu dầy, mạch nhu tế, tai điếc dần","lưỡi bệu, rêu dầy",mạch nhu tế,Ích khí thông minh thang,"Nhân sâm, Hoàng kỳ, Cam thảo, Thăng ma, Cát căn, Mạn kinh tử, Hoàng bá, Bạch thược"
Nhĩ lung ,Huyết ứ,"ù tai, tai, điếc, nghe kém, nhĩ minh, nhĩ lung",Tai điếc do huyết ứ lâu ngày làm tắc các đường mạch ở tai,,,Thông khiếu hoạt huyết thang,"Xích thược, Xuyên khung, Đào nhân, Rượu, Hồng hoa, Sinh khương, Hành, Xạ hương, Táo"
Nhĩ lung ,Can nhiệt,"ù tai, tai, điếc, nghe kém, nhĩ minh, nhĩ lung","Ù tai, sau đó tai điếc, huyễn vựng, miệng đắng tâm phiền, nhiều đàm ngực khó chịu, đại tiện bí kết, tiểu vàng đỏ, chất lưỡi đỏ, rêu vàng nhớt, mạch huyền sác hoặc huyền hoạt","chất lưỡi đỏ, rêu vàng nhớt",mạch huyền sác hoặc huyền hoạt,Long đởm tả can thang hợp Thanh khí hoá đàm hoàn gia giảm,"Hoàng cầm, Chi tử, Qui đầu, Sài hồ, Mộc thông, Cam thảo, Sinh địa, Long đởm thảo, Sa tiền, Trạch tả, Qua lâu, Bạch linh, Nam tinh, Khương (có thể là Can khương), Chỉ thực, Hạnh nhân, Trần bì, Bán hạ"
Tiêu khát,Âm hư táo nhiệt,"khát nước, khát nhiều, uống nhiều, uống nước nhiều, đa niệu, tiểu nhiều, đái nhiều, tiểu tiện nhiều","Uống nhiều, tiểu nhiều, đói nhiều, đường huyết và đường niệu tăng cao",,,Dưỡng âm thanh nhiệt sinh tân,"Đan bì, Thiên môn, Trạch tả, Thiên hoa, Hoài sơn, Sơn thù, Ý dĩ, Sa sâm, Kỉ tử, Thạch cao, Biển đậu, Sinh địa, Mạch môn, Thạch hộc, Tang bì, Hoàng liên. (Khát gia Thạch cao, Tang bì, Thiên hoa; Đói gia Hoàng liên; Đái nhiều gia Ích trí nhân, Tang phiêu tiêu, Ngũ vị; Thận dương hư gia Phụ tử, Nhục quế)"
Tiêu khát,Phế nhiệt,"khát nước, khát nhiều, uống nhiều, uống nước nhiều, đa niệu, tiểu nhiều, đái nhiều, tiểu tiện nhiều","Khát nước, khô họng, lưỡi đỏ ít rêu, mạch sác",lưỡi đỏ ít rêu,mạch sác,Dưỡng âm nhuận phế phương,"Thiên hoa, Sinh địa, Mạch môn, Cam thảo, Ngũ vị, Gạo nếp"
Tiêu khát,Vị nhiệt,"khát nước, khát nhiều, uống nhiều, uống nước nhiều, đa niệu, tiểu nhiều, đái nhiều, tiểu tiện nhiều","Đói nhiều, ăn nhiều, người gầy, táo bón, lưỡi đỏ rêu vàng, mạch hoạt sác",lưỡi đỏ rêu vàng,mạch hoạt sác,Tăng dịch thang gia giảm,"Huyền sâm, Sinh địa, Mạch môn, Đại hoàng, Thiên hoa, Hoàng liên"
Tiêu khát,Thận âm hư,"khát nước, khát nhiều, uống nhiều, uống nước nhiều, đa niệu, tiểu nhiều, đái nhiều, tiểu tiện nhiều","Tiểu tiện nhiều lần, lượng nhiều, nước tiểu như cao mỡ, khô miệng khát, gầy còm, hồi hộp, lòng bàn tay chân nóng, lưỡi đỏ ít rêu, mạch tế sác",lưỡi đỏ ít rêu,mạch tế sác,Dưỡng âm thanh nhiệt sinh tân,"Đan bì, Thiên môn, Trạch tả, Thiên hoa, Hoài sơn, Sơn thù, Ý dĩ, Sa sâm, Kỉ tử, Thạch cao, Biển đậu, Sinh địa, Mạch môn, Thạch hộc, Tang bì, Hoàng liên"
Tiêu khát,Thận dương hư,"khát nước, khát nhiều, uống nhiều, uống nước nhiều, đa niệu, tiểu nhiều, đái nhiều, tiểu tiện nhiều","Tiểu nhiều, nước tiểu trong, gầy còm, sợ lạnh, tay chân lạnh, lưng gối mỏi",,,Bổ dương cố sáp phương,"Thục địa, Đan bì, Bạch linh, Đại hồi, Hoài sơn, Sơn thù, Trạch tả, Tang phiêu tiêu, Kim anh tử, Khiếm thực, Nhục quế"
Đỉnh đầu thống,Phong tà,"đau đầu, nhức đầu, đầu thống, đau nửa đầu, nặng đầu, đầu đau, váng đầu, đau vùng đầu","Đau vùng đỉnh hoặc lan toả về phía sau đầu và gáy, kiêm chứng đau hàm răng, sợ gió, mạch phù, phát bệnh nhanh gấp",,mạch phù,Lô thị chỉ đầu thống phương,"Xuyên khung, Khương hoạt, Cảo bản, Bạch chỉ, Cúc hoa, Tất bát"
Đỉnh đầu thống,Huyết ứ,"đau đầu, nhức đầu, đầu thống, đau nửa đầu, nặng đầu, đầu đau, váng đầu, đau vùng đầu","Đau đỉnh đầu lâu ngày, lúc phát lúc ngừng, nơi đau cố định hoặc lan toả hai màng tang, lưỡi tối",lưỡi tối,,Vương thị đầu thống phương,"Mạn kinh tử, Xuyên khung, Xích thược, Toàn yết, Phòng phong, Hồng hoa, Ngưu tất"
Đỉnh đầu thống,Hàn thấp,"đau đầu, nhức đầu, đầu thống, đau nửa đầu, nặng đầu, đầu đau, váng đầu, đau vùng đầu","Đỉnh đau nặng đầu nề choáng váng, ngực khó chịu, nôn mửa ra dãi dính, đầu ngón tay ngón chân không ấm, vị quản ưa ấm, rêu trắng nhớt",rêu trắng nhớt,,Trần thị ngô linh thang,"Ngô thù, Đẳng sâm, Sinh khương, Quế chi, Bạch linh, Bạch truật, Đại táo, Trích thảo"
Yêu thống,Hàn thấp,"đau lưng, mỏi lưng, đau thắt lưng, yêu thống","Đau lưng xảy ra đột ngột sau khi bị lạnh, mưa, ẩm thấp, đau nhiều không cúi được, thường đau một bên, ấn thấy các cơ co cứng",,,Phương khu phong tán hàn trừ thấp,"Can khương, Xương truật, Cam thảo, Bạch linh, Quế chi, Ý dĩ, Xuyên khung, T niên kiện (Thiên niên kiện), Tỳ giải, Kê huyết đằng, Trần bì, Rượu rắn, Tang kí sinh"
Yêu thống,Thấp nhiệt,"đau lưng, mỏi lưng, đau thắt lưng, yêu thống","đau lưng buốt, có cảm giác nóng vùng thắt lưng, tiểu vàng giắt, rêu vàng, mạch hoạt sác",rêu vàng,mạch hoạt sác,Phương thanh nhiệt hóa thấp,"Hoàng bá, Xương truật, Phòng kỉ, Qui xuyên (Đương quy), Ngưu tất, Mật gấu, Qui bản (nếu thấp nhiệt nặng), Hi thiêm, Nhân trần, Uy linh tiên, Ngũ gia bì, Trạch tả, Bạch thược"
Yêu thống,Huyết ứ,"đau lưng, mỏi lưng, đau thắt lưng, yêu thống","Do ngoại thương hay mang vác không thận trọng, thường đau một bên, hoặc có một điểm đau cục bộ, sưng trướng, khó cúi ngửa",,,Thư cân chỉ thống tán,"Huyền hồ, Đương qui, Đào nhân, Một dược, Nhục quế, Ngưu tất, Nhũ hương"
Yêu thống,Dương hư,"đau lưng, mỏi lưng, đau thắt lưng, yêu thống","Ngồi lâu đau lưng, nghỉ thì đỡ, mệt nhọc đau tăng, tay chân không ấm",,,Dương thị phì đại tính tích trục viêm phương,"Thục phụ tử, Hán phòng kỷ (Phòng kỷ), Qui bản chích, Thục địa, Nhục quế, Ngưu tất, Qui đầu (Đương quy), Lộc giác xương, Bổ cốt chi, Chế Nhũ hương, Tang kí sinh, Ma hoàng chích, Cam thảo, Hoàng kỳ chích"
Yêu thống,Can thận hư,"đau lưng, mỏi lưng, đau thắt lưng, yêu thống","Người lớn tuổi, hoặc hư yếu không quen lao động nặng, sau khi lao động quá nhiều hoặc ngồi lâu đứng lâu bị đau mỏi gân xương, làm việc uể oải, kém năng suất",,,Bổ thận tráng cân thang,"Thục địa, Qui đầu (Đương quy), Ngưu tất, Sơn thù, Bạch linh, Đỗ Trọng, Tục đoạn, Bạch thược, Thanh bì, Ngũ gia bì"
Kết mạc viêm,Phong nhiệt,"mắt đỏ, đỏ mắt, mắt sưng, sưng mắt, đau mắt, mắt đau, nhức mắt, cộm mắt","Mắt cảm thấy có dị vật, nóng, tức, sợ ánh sáng, sáng dậy nhiều nhử mắt, mắt sưng đỏ",,,Phương thanh nhiệt khu phong,"Ngân hoa, Hoàng đằng, Chi tử, Cát cánh, Cúc hoa, Liên kiều, Hoàng cầm, Kinh giới, Bạc hà, Tang diệp, Ngưu bàng"
Kết mạc viêm,Thấp nhiệt,"mắt đỏ, đỏ mắt, mắt sưng, sưng mắt, đau mắt, mắt đau, nhức mắt, cộm mắt","Hai mắt đỏ, ngứa, sợ ánh sáng",,,Phương khu phong thanh nhiệt lợi thấp,"Mạn kinh tử, Tang diệp, Hoàng đằng, Phòng phong, Bạc hà, Kinh giới, Hoàng cầm, Nhân trần, Sa tiền"
Kết mạc viêm,Âm hư,"mắt đỏ, đỏ mắt, mắt sưng, sưng mắt, đau mắt, mắt đau, nhức mắt, cộm mắt","Bệnh chuyển sang mạn tính do viêm cấp chữa không triệt để hoặc tiếp xúc lâu ngày với tác nhân vật lý, hóa học, tròng trắng mắt dày lên, nhiều tia máu, ngứa, nhặm, nóng, khô, sợ ánh sáng, nhìn lâu mỏi mắt",,,Phương khu phong thanh nhiệt dưỡng âm,"Tang bì, Ngân hoa, Ngưu bàng, Cúc hoa, Sinh địa, Mạch môn, Hạ khô thảo"
Khí hư,Thấp nhiệt,,"Khí hư mầu vàng ra nhiều, kèm dính huyết, mùi hôi tanh có dính máu, nặng đầu, hoa mắt, hay mệt nhọc, khát mà không muốn uống, ít ngủ, táo hoặc ỉa chảy, nước tiểu ít đỏ, có thể đi tiểu luôn, rêu lưỡi vàng nhờn, mạch nhu sác",rêu lưỡi vàng nhờn,mạch nhu sác,Thanh nhiệt trừ thấp,"Nhân trần, Trư linh, Phục linh, Sa tiền, Trạch tả, Xích thược, Đan bì, Ngưu tất, Chi tử"
Khí hư,Tỳ hư,,"Khí hư sắc trắng hoặc vàng, không có mùi hôi, lưng bụng không chướng đau, kinh nguyệt bình thường, sắc mặt trắng, mệt mỏi tay chân lạnh, đại tiện lỏng, tiểu tiện trong, hai chân có thể phù, lưỡi bình thường, mạch hoãn nhược",lưỡi bình thường,mạch hoãn nhược,Hoàn đới thang,"Đẳng sâm, Hoài sơn, Bạch giới tử, Khiếm thực, Ý dĩ sao, Sài hồ, Cam thảo, Sa tiền, Liên nhục sao, Bạch thược, Táo, Bạch truật, Trần bì, Xương truật, Tỳ giải"
Khí hư,Khí hư đờm thấp,,"Người béo mập, khí hư ra nhiều, giống như đờm, nặng đầu, choáng váng, miệng nhạt nhớt, lồng ngực bứt rứt, bụng trướng, ăn uống kém, lợm giọng, chất lưỡi nhạt rêu lưỡi trắng nhớt, mạch huyền hoạt",chất lưỡi nhạt rêu lưỡi trắng nhớt,mạch huyền hoạt,Lục quân tử thang gia giảm,"Bạch truật, Bạch linh, Cam thảo, Trần bì, Bán hạ, Đẳng sâm, Khiếm thực, Kim anh tử, Liên nhục"
Khí hư,Khí hư can uất,,"Khí hư mầu hồng nhạt hoặc trắng dính, ra không ngừng, kinh nguyệt không đều, tinh thần uất ức, mạng sườn đầy trướng, miệng đắng, khô họng, tiểu vàng, da vàng, mạch huyền",,mạch huyền,Long đởm tả can thang (hoặc Đan chi Tiêu dao tán),"Long đởm thảo, Sài hồ, Chi tử, Sa tiền, Bạch thược, Sinh địa, Mộc thông, Hoàng bá, Tỳ giải, Phục linh, Ý dĩ (vị thuốc tham khảo từ Long đởm tả can thang gia giảm đã dẫn)"
Khí hư,Thận hư,,"Khí hư trắng loãng như lòng trắng trứng, người mệt mỏi, sắc mặt xạm tối, tay chân lạnh, bụng dưới lạnh, đại tiện sệt, tiểu tiện trong và nhiều, chất lưỡi nhợt, rêu trắng, mạch trầm trì, mạch xích nhược","chất lưỡi nhợt, rêu trắng","mạch trầm trì, mạch xích nhược",Bổ thận cố sáp chỉ đới,"Thục địa, Quế chi, Bạch linh, Khiếm thực, Phụ tử, Sơn thù, Cam thảo, Trạch tả, Hoài sơn, Táo, Đan bì, Hà thủ ô, Mẫu lệ"
Đạo hãn,Âm hư nội nhiệt,"mồ hôi, hãn, đổ mồ hôi, ra mồ hôi, vã mồ hôi, ướt đẫm","Khát nước khô họng, gò má đỏ, trào nhiệt tâm phiền, ho khan hoặc trong đờm có lẫn sợi máu",,,Lục thị chỉ đạo hãn phương,"Mật trích tang diệp, Phù tiểu mạch, Bích đào can, Mạch môn sao, Kê nội kim, Lữ đậu y, Bạch thược, Sinh địa, Hoài sơn"
Đạo hãn,Thận âm hư,"mồ hôi, hãn, đổ mồ hôi, ra mồ hôi, vã mồ hôi, ướt đẫm","Lưng gối đau mỏi, di tinh, miệng lưỡi mọc mụn",miệng lưỡi mọc mụn,,Đoàn thị tư âm liễm dịch thang,"Sinh địa, Huyền sâm, Mạch môn, Thục địa, Ô Mai, Ngũ vị, Hỏa ma nhân"
Đạo hãn,Tâm thận bất giao,"mồ hôi, hãn, đổ mồ hôi, ra mồ hôi, vã mồ hôi, ướt đẫm","Hồi hộp mất ngủ, mỏi lưng hay mê, táo bón, lưỡi đỏ ít tân dịch",lưỡi đỏ ít tân dịch,,Bạch thị giao thông tâm thận phương,"Thục địa, Sơn thù, Khiếm thực, Từ uyển, Kim anh tử, Phục thần, Long cốt, Hoài sơn, Ngũ vị, Thỏ ti tử, Tang phiêu tiêu, Viễn trí, Thủ ô đằng"
Đạo hãn,Khí âm đều hư,"mồ hôi, hãn, đổ mồ hôi, ra mồ hôi, vã mồ hôi, ướt đẫm","Lượng ra mồ hôi nhiều, dễ cảm mạo, khát nước, hồi hộp, sốt nhẹ, tấu lý sơ hở",,,Bối thị thực tấu ẩm,"Hoàng kỳ, Đẳng sâm, Mạch môn, Ngũ vị, Long cốt, Mẫu lệ, Bích đào can, Phù tiểu mạch"
Đạo hãn,Thấp nhiệt,"mồ hôi, hãn, đổ mồ hôi, ra mồ hôi, vã mồ hôi, ướt đẫm","Sốt nhẹ, miệng đắng, rêu lưỡi nhớt, tiểu vàng sẻn",rêu lưỡi nhớt,,Tang đan ẩm,"Tang diệp, Liên kiều, Thông thảo, Phù tiểu mạch, Đan bì, Hoạt thạch, Mẫu lệ"
Đạo hãn,Kinh nghiệm,"mồ hôi, hãn, đổ mồ hôi, ra mồ hôi, vã mồ hôi, ướt đẫm","Gặp trong bệnh lao phổi, uống nhầm thuốc cay ấm biểu tán hoặc đắng lạnh hại vị, đến nỗi ra mồ hôi trộm, lượng mồ hôi nhiều",,,Cừu thị đạo hãn thang,"Sinh địa, Bối mẫu, Lữ đậu y, Phục thần, Yến căn, Mẫu lệ nung"
Phúc thống,Hư hàn,"đau bụng, bụng đau, phúc thống, đau quặn bụng, đau vùng bụng, bụng dưới đau","Đau bụng liên miên, lúc tăng lúc giảm, khi đói khi mệt đau nhiều, thiện án, tay chân lạnh, đại tiện lỏng, tiểu tiện trắng, lưỡi nhạt, mạch trầm tế",lưỡi nhạt,mạch trầm tế,Ôn trung tán hàn phương,"Sa sâm, Bạch truật, Can khương, Cam thảo, Mộc hương"
Phúc thống,Hàn thấp,"đau bụng, bụng đau, phúc thống, đau quặn bụng, đau vùng bụng, bụng dưới đau","Sợ lạnh hoặc có sốt, đau bụng gấp từng cơn, không khát, tiểu tiện trong, đại tiện nhão hoặc lỏng, bụng buồn bực, người nặng nề, lưỡi nhạt, mạch trầm khẩn",lưỡi nhạt,mạch trầm khẩn,Hoắc hương chính khí tán,"Hoắc hương, Cát cánh, Bạch linh, Tô diệp, Bạch truật, Bán hạ, Trần bì, Đại phúc bì, Trích thảo, Hậu phác, Sinh khương, Táo. (Biểu chứng nặng gia Tô diệp; thực tích bụng đầy trướng bỏ Táo, Cam thảo gia Mạch nha, Thần khúc; thấp nặng gia Mộc thông, Trạch tả; mùa hè gia Hương phụ)"
Phúc thống,Nhiệt thịnh,"đau bụng, bụng đau, phúc thống, đau quặn bụng, đau vùng bụng, bụng dưới đau","Đau dữ dội, đau từng cơn, miệng khát, mạch sác, lưỡi đỏ",lưỡi đỏ,mạch sác,Thanh nhiệt chỉ thống phương,"Bạch linh, Bạch thược, Qui đầu, Bạch truật, Sài hồ, Trần bì, Trích thảo, Đan bì, Sơn chi, Sinh địa, Thạch cao"
Phúc thống,Khí trệ,"đau bụng, bụng đau, phúc thống, đau quặn bụng, đau vùng bụng, bụng dưới đau","Miệng đắng, khô họng, đau trướng vùng thượng vị lan sang hai mạng sườn, hoặc có luồng hơi xiên xuốt, điểm đau không rõ ràng, ợ hơi, ăn kém, rêu lưỡi trắng mỏng, mạch huyền khẩn",rêu lưỡi trắng mỏng,mạch huyền khẩn,Sơ can lý khí phương,"Uất kim, Mộc hương, Cam thảo, Đẳng sâm, Mẫu lệ, Hương phụ, Bạch thược, Sài hồ, Chỉ thực. (Đau nhiều đại tiện táo gia Đại hoàng, Mang tiêu; đại tiện lỏng gia Bạch truật, Trần bì, Mộc hương; ợ hơi ợ chua gia Ngô thù, Hoàng liên; đau thắt bụng dưới xuống tiền âm gia Hạt vải, Quất hạch, Tiểu hồi)"
Phúc thống,Thấp nhiệt,"đau bụng, bụng đau, phúc thống, đau quặn bụng, đau vùng bụng, bụng dưới đau","đau bụng cự án, hồi hộp, tâm phiền, miệng khát không muốn uống, khô miệng, lúc sốt lúc rét, đái ít táo bón, da vàng, đại tiện lỏng hoặc như kiết, chất lưỡi đỏ, rêu lưỡi vàng dày, mạch huyền sác","chất lưỡi đỏ, rêu lưỡi vàng dày",mạch huyền sác,Sơ can kiện tỳ thanh nhiệt trừ thấp phương,"Sài hồ, Chi tử, Chỉ thực, Bạch thược, Mộc hương, Uất kim, Long đởm thảo, Nhân trần, Đan sâm, Hoàng liên, Hoàng bá"
Phúc thống,Nhiệt kết,"đau bụng, bụng đau, phúc thống, đau quặn bụng, đau vùng bụng, bụng dưới đau","Sốt cao không sợ lạnh, khô miệng khát muốn uống nước, đau dữ dội vùng thượng vị, đầy bụng chướng, táo bón, tiểu tiện đỏ, chất lưỡi đỏ, rêu lưỡi vàng dày, mạch huyền sác","chất lưỡi đỏ, rêu lưỡi vàng dày",mạch huyền sác,Đại sài hồ thang gia giảm,"Sài hồ, Hoàng cầm, Chỉ thực, Bán hạ, Bạch thược, Đại hoàng, Nhân trần, Trần bì, Hậu phác, Hoắc hương, Mộc hương, Mang tiêu, Binh lang, Sử quân tử, Huyền hồ"
Phúc thống,Can hàn,"đau bụng, bụng đau, phúc thống, đau quặn bụng, đau vùng bụng, bụng dưới đau","Bụng dưới đau nhói hoặc hướng đau lan toả tới cao hoàn, thậm chí đau thúc tới liên sườn, đồng thời tay chân lạnh, sợ lạnh, rêu lưỡi trắng trơn, mạch trầm huyền hoặc trì",rêu lưỡi trắng trơn,mạch trầm huyền hoặc trì,Ôn can tán hàn phương,"Ngô thù, Qui đầu, Xuyên khung, A giao, Bạch thược, Sinh khương, Nhân sâm, Quế chi, Đan bì, Bán hạ"
Phúc thống,Thực tích,"đau bụng, bụng đau, phúc thống, đau quặn bụng, đau vùng bụng, bụng dưới đau","Bụng trướng đầy, ợ hơi, sôi bụng, đại tiện lỏng, uế trọc, mùi hôi, không thiết ăn uống, rêu dày nhớt, mạch hoạt sác",rêu dày nhớt,mạch hoạt sác,Chỉ thực đạo trệ hoàn gia giảm,"Đại hoàng, Binh lang, Chỉ thực, Sơn tra, Cam thảo, Hoàng liên, Liên kiều, Mộc thông, Thần khúc, Tử thảo, Hậu phác"
Phúc thống,Huyết ứ,"đau bụng, bụng đau, phúc thống, đau quặn bụng, đau vùng bụng, bụng dưới đau","Vùng đau bụng nhói, ấn vào đau tăng, nơi đau cố định hoặc có hòn khối cự án, lưỡi tím có vết bầm",lưỡi tím có vết bầm,,Thiếu phúc trục ứ thang gia giảm,"Tiểu hồi, Can khương, Quế chi, Bồ hoàng, Huyền hồ, Một dược, Qui đầu, Xích thược, Linh chi, Xuyên khung"
Viêm quầng (Đơn độc),Phong nhiệt,"ban, phát ban, nổi ban, mọc ban, mụn nước, nốt, hồng ban, sởi","Sưng nóng, đỏ, đau nặng vùng đầu mặt, mí mắt sưng khó mở, đau đầu, kèm sốt, sợ lạnh, táo bón, khát nước, lưỡi đỏ, rêu vàng, mạch Phù Sác","lưỡi đỏ, rêu vàng",mạch Phù Sác,Phổ Tế Tiêu Độc Ẩm,"Hoàng cầm, Hoàng liên, Sinh Cam thảo, Huyền sâm, Liên kiều, Bản lam căn, Mã bột, Ngưu bàng, Bạc hà, Cương tàm, Thăng ma, Sài hồ, Cát cánh, Trần bì"
Viêm quầng (Đơn độc),Can kinh uất hỏa,"ban, phát ban, nổi ban, mọc ban, mụn nước, nốt, hồng ban, sởi","Ban đỏ, đau nóng bỏng ở thân mình, thường sốt, miệng đắng, khô họng, lưỡi đỏ, rêu vàng, mạch Huyền Sác","lưỡi đỏ, rêu vàng",mạch Huyền Sác,Long Đởm Tả Can Thang,"Hoàng cầm, Chi tử, Qui đầu, Sài hồ, Mộc thông, Cam thảo, Sinh địa, Long đởm thảo, Sa tiền, Trạch tả"
Viêm quầng (Đơn độc),Thấp nhiệt hạ trú,"ban, phát ban, nổi ban, mọc ban, mụn nước, nốt, hồng ban, sởi","Cẳng chân hoặc bàn chân sưng đỏ, đau nóng như bỏng, thường lan lên trên hoặc có đường đỏ, kém ăn, khát mà không muốn uống, lưỡi đỏ, rêu vàng dày, mạch Hoạt Sác","lưỡi đỏ, rêu vàng dày",mạch Hoạt Sác,Tỳ Giải Thấm Thấp Thang hợp Ngũ Thần Thang gia giảm,"Tỳ giải, Hoàng bá, Ý dĩ, Phục linh, Đan bì, Trạch tả, Hoạt thạch, Thông thảo, Ngân hoa, Ngưu tất, Sa tiền thảo, Tử hoa địa đinh"
Hiếp gian thần kinh thống,Hàn tà xâm nhập,"đau sườn, đau hạ sườn, đau mạng sườn, tức sườn, đau hông sườn, sườn trướng, đau liên sườn, hiếp thống","Đau liên sườn, có thể kèm ho, thở đau, do lạnh xâm nhập",,,Phương thông kinh hoạt lạc khu phong tán hàn,"Quế chi, Bạch chỉ, Phòng phong, Khương hoạt, Đan sâm, Chỉ sác, Xuyên khung, Thanh bì, Uất kim"
Hiếp gian thần kinh thống,Can uất,"đau sườn, đau hạ sườn, đau mạng sườn, tức sườn, đau hông sườn, sườn trướng, đau liên sườn, hiếp thống","Sườn trướng đau, len lỏi không cố định, vùng ngực khó chịu, miệng đắng ợ hơi, có liên quan tới tình chí, mạch huyền",,mạch huyền,Phương sơ can giải uất hành khí hoạt huyết,"Uất kim, Đan sâm, Hương phụ, Thanh bì, Xuyên khung, Chỉ sác, Trích thảo, Sài hồ, Bạch linh, Bạch thược, Qui xuyên, Bạch truật, Trần bì"
Hiếp gian thần kinh thống,Huyết ứ,"đau sườn, đau hạ sườn, đau mạng sườn, tức sườn, đau hông sườn, sườn trướng, đau liên sườn, hiếp thống","Đau tại một điểm cố định, đau như dùi đâm, tiền sử thường có chấn thương",,,Huyết phủ trục ứ thang,"Qui đầu, Sinh địa, Xích thược, Đào nhân, Hồng hoa, Xuyên khung, Sài hồ, Chỉ sác, Cát cánh, Ngưu tất, Cam thảo"
Hiếp gian thần kinh thống,Huyền ẩm,"đau sườn, đau hạ sườn, đau mạng sườn, tức sườn, đau hông sườn, sườn trướng, đau liên sườn, hiếp thống","Huyền ẩm, ho nhổ cũng đau, đau lan toả từ dưới sườn tới khuyến bồn mỗi khi ho, xoay chuyển hoặc hô hấp thì càng đau, đoản hơi thở gấp, rêu lưỡi trắng, mạch trầm huyền",rêu lưỡi trắng,mạch trầm huyền,Thập táo thang,"Đại kích, Cam toại, Nguyên hoa, Táo"
Hiếp gian thần kinh thống,Can kinh thấp nhiệt,"đau sườn, đau hạ sườn, đau mạng sườn, tức sườn, đau hông sườn, sườn trướng, đau liên sườn, hiếp thống","Trướng đau dai dẳng ở vùng sườn phải, hoặc có từng cơn đau dữ dội, đau lan toả tới vùng dưới tâm và ngực lưng, miệng đắng khô họng, nôn mửa hoặc nóng rét qua lại, tiểu vàng đỏ, đại tiện bí kết",,,Đại sài hồ thang,"Sài hồ, Hoàng cầm, Bạch thược, Bán hạ, Sinh khương, Táo, Chỉ thực, Đại hoàng"
Hiếp gian thần kinh thống,Can huyết hư - Can thận âm hư,"đau sườn, đau hạ sườn, đau mạng sườn, tức sườn, đau hông sườn, sườn trướng, đau liên sườn, hiếp thống","Hai bên đau sườn thắt, khi làm nặng thì đau tăng, huyễn vựng, lưỡi sạch ít rêu, mạch huyền tế",lưỡi sạch ít rêu,mạch huyền tế,Nhất quán tiễn gia giảm,"Sa sâm, Mẫu lệ, Mạch môn, Sinh địa, Ngưu tất, Qui đầu, Bá tử nhân, Bạch thược, Kỉ tử, Xuyên luyện (Kiêm hàn thêm Nhục thung dung, Nhục quế; miệng đắng khô thêm Hoàng liên; đau nặng gia Trầm hương, Hồng hoa, Uất kim)"
Đầu thống,Phong hàn,"đau đầu, nhức đầu, đầu thống, đau nửa đầu, nặng đầu, đầu đau, váng đầu, đau vùng đầu","Đau đau đầu xuống gáy cổ, hay lấy khăn bịt đầu, sợ lạnh ngạt mũi, chảy nước mũi, rêu lưỡi trắng mỏng, mạch phù khẩn",rêu lưỡi trắng mỏng,mạch phù khẩn,Phương bổ khí tán hàn,"Đẳng sâm, Bạch truật, Hoàng kỳ, Sài hồ, Thăng ma, Trần bì, Qui xuyên, Trích thảo, Sinh khương, Phụ tử, Tang diệp, Xuyên khung, Bạch chỉ, Khương hoạt, Tế tân, Phòng phong, Kinh giới"
Đầu thống,Phong nhiệt,"đau đầu, nhức đầu, đầu thống, đau nửa đầu, nặng đầu, đầu đau, váng đầu, đau vùng đầu","đau đầu căng, nặng thì đau như búa bổ, sốt sợ gió, mặt và mắt đỏ, khát nước, tiểu vàng, đại tiện bí, rêu vàng mỏng, mạch phù sác",rêu vàng mỏng,mạch phù sác,Phương sơ phong thanh nhiệt,"Bạch linh, Hoàng cầm, Đương qui, Thạch cao, Sài hồ, Trần bì, Trích thảo, Đan bì, Chi tử, Bạc hà, Màn kinh, Cúc hoa, Bạch chỉ, Xuyên khung, Đại hoàng"
Đầu thống,Phong thấp,"đau đầu, nhức đầu, đầu thống, đau nửa đầu, nặng đầu, đầu đau, váng đầu, đau vùng đầu","đau đầu như bị bó lại, đau như dùi, người nặng, hông đầy bụng, chán ăn, lưỡi nhạt, rêu trắng cáu, mạch nhu","lưỡi nhạt, rêu trắng cáu",mạch nhu,Phương trừ phong thấp,"Kinh giới, Phòng phong, Khương hoạt, Độc hoạt, Xuyên khung, Sài hồ, Trần bì, Chỉ sác, Cát cánh, Bạch linh, Cam thảo, Mộc hương, Xương truật, Màn kinh"
Đầu thống,Huyết hư,"đau đầu, nhức đầu, đầu thống, đau nửa đầu, nặng đầu, đầu đau, váng đầu, đau vùng đầu","Đau đầu, chóng mặt, đau ê ẩm, mệt đau tăng, hồi hộp mất ngủ, tinh thần mệt mỏi, yếu sức, ăn uống kém",,,Bát trân thang gia giảm,"Ngũ vị, Bạch linh, Bạch truật, Mẫu lệ, Cam thảo, Đẳng sâm, Long nhãn, Xuyên khung, Tang kí sinh, Hà thủ ô, Bạch thược, Địa long, Màn kinh, Ngưu tất, Đương qui, Cúc hoa, Thục địa, Kỉ tử"
Đầu thống,Can dương thượng cang / Can hỏa vượng,"đau đầu, nhức đầu, đầu thống, đau nửa đầu, nặng đầu, đầu đau, váng đầu, đau vùng đầu","Đau từng cơn nhấm nhói, đau căng đầu, nặng đầu chân nhẹ, hoa mắt sợ sáng, chóng mặt, đau nhiều vùng thái dương, ngủ không yên, phiền táo, dễ cáu giận, sườn trướng đau, ù tai, mắt đỏ khô miệng, mạch huyền/huyền tế sác, lưỡi đỏ rêu vàng mỏng, có chiều hướng bị cao huyết áp",lưỡi đỏ rêu vàng mỏng,mạch huyền/huyền tế sác,Phương bình can tiềm dương (hoặc Long đởm tả can thang nếu can hỏa vượng mạnh),"Chi tử, Hoàng cầm, Ngưu tất, Ích mẫu, Tang kí sinh, Dạ giao đằng, Bạch linh, Cúc hoa, Kỉ tử, Hạ khô thảo. (Âm hư gia: Sinh địa, Kỉ tử; Can hỏa vượng mạnh dùng thêm: Long đởm thảo, Trạch tả, Mộc thông, Sài hồ, Sinh địa, Đương quy, Cam thảo...)"
Đầu thống,Uất đờm,"đau đầu, nhức đầu, đầu thống, đau nửa đầu, nặng đầu, đầu đau, váng đầu, đau vùng đầu","Đầu luôn căng, Mặt mày sây sẩy, tức ngực đầy bụng, nôn mửa ra đờm dãi, rêu lưỡi trắng nhờn, mạch huyền hoạt",rêu lưỡi trắng nhờn,mạch huyền hoạt,Phương kiện tỳ tiêu đờm (Bán hạ bạch truật thiên ma thang gia giảm),"Bán hạ, Bạch truật, Trần bì, Hậu phác, Thiên ma, Sinh khương, Mạn kinh tử, Cam thảo, Táo, Bạch linh, Tật lê, Bạch chỉ, Mộc hương, Xuyên khung"
Đầu thống,Huyết ứ,"đau đầu, nhức đầu, đầu thống, đau nửa đầu, nặng đầu, đầu đau, váng đầu, đau vùng đầu","Đau liên miên không khỏi, điểm đau cố định, có lúc đau như dùi đâm, Lưỡi có đám ứ đỏ, mạch sác",Lưỡi có đám ứ đỏ,mạch sác,Huyết phủ trục ứ thang gia giảm,"Sinh địa, Sài hồ, Qui đầu, Xuyên khung, Đào nhân, Chỉ sác, Cát cánh, Hồng hoa, Xích thược, Cam thảo, Ngưu tất, Hành, Hương phụ, Màn kinh, Bạch chỉ"
Đầu thống,Khí hư,"đau đầu, nhức đầu, đầu thống, đau nửa đầu, nặng đầu, đầu đau, váng đầu, đau vùng đầu","Đau đầu âm ỉ, liên miên, làm việc quá sức thì đau tăng, người mệt, ăn kém, thiểu khí, mạch tế vô lực",,mạch tế vô lực,Bổ trung ích khí thang gia giảm,"Hoàng kỳ, Nhân sâm, Bạch truật, Trần bì, Qui đầu, Bạch thược, Trích thảo, Thăng ma, Sài hồ, Màn kinh, Xuyên khung, Tế tân, Bạch chỉ"
Thiên đầu thống,Phong,"đau đầu, nhức đầu, đầu thống, đau nửa đầu, nặng đầu, đầu đau, váng đầu, đau vùng đầu","Đau nửa đầu tái phát nhiều lần không khỏi, gặp gió thì đau tăng",,,Thiên đầu thống hiệu phương,"Phòng phong, Mạn kinh tử, Bạc hà, Xuyên khung, Độc hoạt, Bạch chỉ, Tế tân"
Thiên đầu thống,Phong,"đau đầu, nhức đầu, đầu thống, đau nửa đầu, nặng đầu, đầu đau, váng đầu, đau vùng đầu","Đau nửa đầu dữ dội, gặp gió đau tăng",,,Thiên đầu thống phương,"Toàn yết, Thuyền thoái, Đại ngô công"
Thiên đầu thống,Nhiệt,"đau đầu, nhức đầu, đầu thống, đau nửa đầu, nặng đầu, đầu đau, váng đầu, đau vùng đầu","Đau nửa đầu gặp nóng thì đau kịch liệt, gặp lạnh dễ chịu, tâm phiền, miệng đắng, tiểu vàng",,,Không bạch tán,"Xuyên khung, Hoàng cầm, Bạch chỉ"
Thiên đầu thống,Phong hoả nội động,"đau đầu, nhức đầu, đầu thống, đau nửa đầu, nặng đầu, đầu đau, váng đầu, đau vùng đầu","Đau nửa đầu, miệng đắng khô, đau lan tới má và răng, nặng thì cơ vùng mặt co kéo",,,Trị liệu tam thoa thần kinh phương,"Sinh Thạch cao, Cát căn, Câu đằng, Mạn kinh tử, Ngô công, Hoàng cầm, Kinh giới tuệ, Thương nhĩ tử, Toàn yết, Sinh địa hoàng"
Thiên đầu thống,Phong hoả nội động,"đau đầu, nhức đầu, đầu thống, đau nửa đầu, nặng đầu, đầu đau, váng đầu, đau vùng đầu","Đau nửa đầu kèm tâm phiền nóng nảy, dễ cáu giận, choáng váng",,,Dưỡng huyết bình can,"Bạch thược, Sinh Mẫu lệ, Đan sâm, Cam thảo"
Thiên đầu thống,Phong nhiệt đàm,"đau đầu, nhức đầu, đầu thống, đau nửa đầu, nặng đầu, đầu đau, váng đầu, đau vùng đầu","Đau nửa đầu, miệng đắng nhớt, đau dữ dội, tâm phiền khát nước, mặt và lưỡi đỏ, mạch phù hồng hoạt sác",mặt và lưỡi đỏ,mạch phù hồng hoạt sác,Thanh hoá tán thiên thang,"Chi tử, Toàn yết, Kinh giới, Cương tằm, Phòng phong, Bán hạ, Cúc hoa, Cát cánh, Hoàng cầm, Xuyên khung, Địa long, Khương hoạt, Nhũ hương, Mộc qua, Hồng hoa"
Thiên đầu thống,Can uất,"đau đầu, nhức đầu, đầu thống, đau nửa đầu, nặng đầu, đầu đau, váng đầu, đau vùng đầu","choáng váng đầu, miệng đắng, đau sườn, mạch huyền",,mạch huyền,Trị thiên đầu thống nghiệm phương,"Cảo bản, Bạch chỉ, Qui xuyên, Câu đằng, Mạn kinh tử, Xuyên khung, Thạch quyết minh"
Thiên đầu thống,Can uất,"đau đầu, nhức đầu, đầu thống, đau nửa đầu, nặng đầu, đầu đau, váng đầu, đau vùng đầu","choáng váng đầu, miệng đắng, đau sườn, mạch huyền",,mạch huyền,Sơ can lý khí hoạt huyết phương,"Sài hồ, Hoàng cầm, Qui đầu, Cát căn, Phòng phong, Cam thảo, Chỉ sác, Xuyên khung, Xích thược, Bạch chỉ, Ngưu tất"
Thiên đầu thống,Can phong,"đau đầu, nhức đầu, đầu thống, đau nửa đầu, nặng đầu, đầu đau, váng đầu, đau vùng đầu","Đau dữ dội nửa bên đầu tới vùng lưỡi, ăn uống nói cũng đau, choáng váng đầu, mặt đỏ, cơn đau như chớp giật",Đau dữ dội nửa bên đầu tới vùng lưỡi,,Hoạt huyết chỉ thiên đầu thống,"Xuyên khung, Bạch thược, Cúc hoa, Sinh Mẫu lệ, Bạch chỉ, Xích thược, Cương tằm, Địa cốt bì, Toàn yết, Ngưu tất"
Thiên đầu thống,Hàn đàm ứ huyết,"đau đầu, nhức đầu, đầu thống, đau nửa đầu, nặng đầu, đầu đau, váng đầu, đau vùng đầu","Ưa chườm nóng, không khát, rêu trắng mỏng nhuận, mạch phù huyền",rêu trắng mỏng nhuận,mạch phù huyền,Thanh hoá tán thiên thang,"Chi tử, Toàn yết, Kinh giới, Cương tằm, Phòng phong, Bán hạ, Cúc hoa, Cát cánh, Hoàng cầm, Xuyên khung, Địa long, Khương hoạt, Nhũ hương, Mộc qua, Hồng hoa"
Tất thống,Phong hàn,,"Vùng gối sưng đau dữ dội, khó đi lại, cơ thể lạnh, tay chân lạnh, lưỡi đỏ rêu trắng, mạch phù khẩn",lưỡi đỏ rêu trắng,mạch phù khẩn,Hồ thị hạc tất phong 1,"Can địa hoàng, Bạch chỉ, Bạch thược, Sinh Ma hoàng, Hậu phác, Sinh khương, Nhục quế, Đương qui, Xuyên khung, Bán hạ, Xương truật, Can khương, Phục linh"
Tất thống,Thấp nhiệt,,"Hai gối sưng nóng, đau, co duỗi khó, đôi khi kèm mình nóng, tiểu vàng, tâm phiền khát nước, lưỡi tía tối hoặc đỏ tươi, rêu vàng hoặc vàng nhớt","lưỡi tía tối hoặc đỏ tươi, rêu vàng hoặc vàng nhớt",,Chu thị tam đằng thông tý thang,"Ngân hoa, Dạ giao đằng, Tang chi, Một dược, Hoàng kỳ, Liên kiều, Kê huyết đằng, Tần giao, Ngưu tất, Tang kí sinh, Đương qui, Cam thảo"
Tất thống,Ứ đàm,,"Gối sưng đau lâu ngày, gối to đùi bé, chữa nhiều không khỏi, lưỡi tía, sắc mặt tối",lưỡi tía,,Hoạt huyết trục ứ thang,"Đan sâm, Tam lăng, Bạch giới tử, Quất hồng, Trầm hương, Ô dược, Bạch cương tàm, Hậu phác, Thổ bối mẫu, Nga truật. (Nếu đau nhức nặng có xu hướng hàn thắng gia Chế thảo ô, Trích nhũ hương)"
Tất thống,Thận dương hư,,"tay chân không ấm, cơ đùi teo gầy, thậm chí biến dạng khớp gối hoặc các khớp toàn thân",,,Ích thận quyên tý hoàn,"Thục địa, Dâm dương hoắc, Toàn yết, Ô tiêu xà, Giá trùng, Cam thảo, Qui đầu, Lộc hàm thảo, Ngô công, Phòng phong, Cương tằm, Cương lang trùng chích"
Đại tiện xuất huyết,Thấp nhiệt,,"Đại tiện ra máu, sắc đỏ tươi, miệng đắng và nhớt",,,Thanh nhiệt táo thấp lương huyết chỉ huyết (đơn giản),"Địa du (sao đen), Trắc bách diệp (sao đen), Hoa hòe (sao đen), Nha đởm tử, Long nhãn nhục"
Đại tiện xuất huyết,Thấp nhiệt,,"Trong phân lẫn máu, sắc máu không tươi, ngực đầy bụng trướng, đại tiện không thoải mái",,,Thanh nhiệt táo thấp hành khí,"Bạch đầu ông, Hoàng bá, Hoàng liên, Tần bì, Rau sam, Tiêu Sơn tra, Tiêu Thần khúc, Ô mai, Xương truật, Mộc hương, Tiêu Mạch nha, Hậu phác"
Đại tiện xuất huyết,Khí hư,,"Đại tiện ra máu, sắc đỏ nhạt, đại tiện nát, đoản khí, đau bụng",,,Bổ khí chỉ huyết,"Trích kỳ (Hoàng kỳ), Thăng ma, Đại hoàng thán, Đẳng sâm, Bạch truật (thổ sao), Bào khương thán, Sài hồ, Địa du thán, Trích thảo, Xích linh, Bạch cập (uống bột hòa nước thuốc)"
Đại tiện xuất huyết,Khí hư uất nhiệt,,"Đại tiện ra máu, lúc đỏ tươi lúc đỏ nhạt, đại tiện nát, đoản khí, đau bụng, mạch huyền sác vô lực",,mạch huyền sác vô lực,Bổ khí lương huyết chỉ huyết,"Sinh Hoàng kỳ, Táo nhân, Trắc bá thán, Qui đầu, Phục linh, Mật ong"
Đại tiện xuất huyết,Tỳ dương hư,,"Đại tiện ra máu lâu ngày, sắc huyết loãng nhạt, lượng nhiều, tay chân không ấm, phân nhão, ăn kém, lưỡi nhạt, mạch nhược",lưỡi nhạt,mạch nhược,Ôn dương kiện tỳ nhiếp huyết,"Đẳng sâm, Bào khương, Ô mai, Địa du thán, Phụ tử, Đại hoàng thán, Trắc bách diệp, Cam thảo"
Huyết niệu,Tâm hoả vọng động,,"Đái ra máu, miệng khát, sốt, mặt đỏ, ít ngủ, hay mê, Mạch hồng sác",,Mạch hồng sác,Thanh tâm chỉ huyết,"Lá tre, Nhọ nồi, Sinh địa, Tam thất, Cam thảo, Mộc hương, Ngân hoa, Hoạt thạch, Mộc thông, Qui đầu, Sơn chi, Bồ công anh, Bồ hoàng, Ngó sen, Trúc diệp"
Huyết niệu,Âm hư hoả vượng,,"Viêm đường tiết niệu màu nước tiểu đỏ sẻn, khát nước, khô họng, mạch tế sác",,mạch tế sác,Tư âm thanh nhiệt chỉ huyết (hợp Đại bổ âm hoàn và Tiểu kế ẩm tử),"Sinh địa, Thạch hộc, Sa sâm, Mạch môn, A giao, Kỉ tử, Nhọ nồi, Mao căn, Trắc bách diệp, Hoàng bá, Tri mẫu, Thục địa, Sơn chi"
Huyết niệu,Huyết ứ,,Đái ra máu và các triệu chứng đau quặn do sỏi,,,Trục ứ chỉ huyết,"Đan sâm, Ngưu tất, Ích mẫu, Uất kim, Chỉ thực, Nhọ nồi, Ngẫu tiết, Huyết dư"
Huyết niệu,Tâm tỳ hư,,"Tiểu tiện nhiều lần có lẫn máu, ăn không ngon, mệt mỏi, sắc mặt vàng, lưỡi nhạt, rêu lưỡi bẩn, Mạch hư nhược","lưỡi nhạt, rêu lưỡi bẩn",Mạch hư nhược,Kiện tỳ chỉ huyết,"Đẳng sâm, Bạch truật, Hoàng kỳ, Sài hồ, Thăng ma, Trần bì, Qui xuyên, Trích thảo, Nhọ nồi sao đen, Ngải sao đen, Ngẫu tiết sao đen, Hoài sơn, Thạch hộc, Thục địa, Trắc bách diệp"
Kinh hành đầu thống,Âm hư,"đau đầu, nhức đầu, đầu thống, đau nửa đầu, nặng đầu, đầu đau, váng đầu, đau vùng đầu","Đau đầu, choáng váng, tâm phiền dễ giận, nóng nẩy, khô họng, mất ngủ",,,Thanh huyễn bình can thang,"Sinh địa, Xuyên khung, Nữ trinh tử, Tang diệp, Hoàng cầm, Ngưu tất, Bạch thược, Qui đầu, Hạn liên thảo, Cúc hoa, Hồng hoa. (Nhiệt nặng bỏ Đương qui, Xuyên khung gia Hoàng liên; Can dương quá thịnh gia Long sỉ)"
Kinh hành đầu thống,Ứ đờm,"đau đầu, nhức đầu, đầu thống, đau nửa đầu, nặng đầu, đầu đau, váng đầu, đau vùng đầu","Đau đầu khi hành kinh, đau bụng sắc kinh đen có hòn cục, choáng váng đầu, nặng đầu, mất ngủ hồi hộp, ngực khó chịu",,,Đầu thống lập hiệu phương,"Thiên ma, Bán hạ, Xuyên khung, Táo nhân"
Kinh hành đầu thống,Thận hư,"đau đầu, nhức đầu, đầu thống, đau nửa đầu, nặng đầu, đầu đau, váng đầu, đau vùng đầu","Đau đầu khi đang hành kinh hoặc sau khi hành kinh, chất kinh loãng hoặc hành kinh kéo dài hoặc trong khi hành kinh bị xuất huyết, tinh thần mệt mỏi, bạc nhược, mỏi lưng, choáng đầu, hoặc không thụ thai, băng lậu",,,Gia vị tiên thỏ kí sinh thang,"Dâm dương hoắc, Thỏ ty tử, Tang kí sinh, Hoài sơn, Tục đoạn, Trạch tả, Đương qui, Bạch thược, Bội lan, Xuyên khung. (Nếu không thụ thai: bỏ Trạch tả, Đương qui, Xuyên khung, Bội lan; gia Phúc bồn tử, Xuyên uất tử, Kỉ tử)"
Tam thoa thần kinh thống,Phong nhiệt đờm,"đau mặt, mặt đau, đau nửa mặt, đau vùng mặt, một bên mặt, bên mặt, đau nửa đầu, một bên đầu","Đau rát nóng không chịu được ở một bên đầu hoặc mặt, da mặt đỏ, lúc đau ra mồ hôi, gặp nóng khó chịu hơn, thích chườm mát, kèm sốt, khô miệng, tiểu vàng, lưỡi đỏ, rêu vàng, mạch Huyền Sác","lưỡi đỏ, rêu vàng",mạch Huyền Sác,Khung Chỉ Thạch Cao Thang gia vị,"Thạch cao, Xuyên khung, Cát căn, Bạch chỉ, Phụ tử, Nam tinh, Bán hạ, Cương tằm, Kinh giới, Cúc hoa, Khương hoạt, Cảo bản, Ngân hoa. (Bệnh kéo dài hoặc huyết trệ nặng thêm Thổ miết trùng, Tam thất; đau không đỡ thêm Toàn yết, Ngô công; nóng nhiều ở mặt thêm Địa long, Thăng ma; ăn kém khó tiêu nôn mửa thêm Mạch nha, Chỉ xác)"
Tam thoa thần kinh thống,Phong hàn đờm,"đau mặt, mặt đau, đau nửa mặt, đau vùng mặt, một bên mặt, bên mặt, đau nửa đầu, một bên đầu","Đau dạng co giật, nặng thì không thể chịu được, khi đau da mặt xám như da chì, gặp lạnh đau tăng, thích chườm ấm, lưỡi nhạt, rêu mỏng, mạch Khẩn","lưỡi nhạt, rêu mỏng",mạch Khẩn,Xuyên Khung Trà Điều Tán gia giảm,"Xuyên khung, Bạch chỉ, Khương hoạt, Kinh giới, Phòng phong, Toàn yết, Ngô công, Cam thảo, Tế tân. (Lạnh nhiều thêm Phụ tử; ứ nhiều thêm Chỉ xác, Đan sâm, Ngũ linh chi; biểu hàn rõ thêm Ma hoàng; nội nhiệt thêm Thạch cao; sổ mũi nghẹt mũi thêm Thương nhĩ tử, Kim ngân hoa; ăn kém thêm Mạch nha, Chỉ xác; lưu ý Phụ tử, Tế tân không dùng lâu)"
Tam thoa thần kinh thống,Can uất hoá hoả,"đau mặt, mặt đau, đau nửa mặt, đau vùng mặt, một bên mặt, bên mặt, đau nửa đầu, một bên đầu","Dễ tức giận, uất ức, một bên đầu hoặc mặt đau rát, gặp nóng càng tăng, mặt đỏ, mắt đỏ, nặng thì cơ co giật, co thắt từng cơn, miệng đắng, khô họng, bứt rứt, ngực đầy, hông đau sườn, ngủ không yên, tiểu vàng, táo bón, lưỡi đỏ, rêu vàng, mạch Huyền Sác","lưỡi đỏ, rêu vàng",mạch Huyền Sác,Chi Tử Thanh Can Tán gia vị,"Thạch cao, Xuyên khung, Ngưu bàng, Sài hồ, Bạch thược, Qui đầu, Chi tử, Đan bì, Cương tằm, Hoàng cầm, Hoàng liên"
Tam thoa thần kinh thống,Đờm thấp,"đau mặt, mặt đau, đau nửa mặt, đau vùng mặt, một bên mặt, bên mặt, đau nửa đầu, một bên đầu","Một bên đầu hoặc mặt đau dữ dội, kèm nặng đầu, hoặc đau dẫn đến tê, mất cảm giác, cảm thấy tê trong miệng, lưỡi xanh nhạt, rêu nhờn, mạch Huyền Nhu Tế","lưỡi xanh nhạt, rêu nhờn",mạch Huyền Nhu Tế,Nhị Trần Thang và Thông Khiếu Hoạt Huyết Thang gia giảm,"Xuyên khung, Bạch chỉ, Bán hạ, Đào nhân, Hồng hoa, Xích thược, Phục linh, Trần bì, Cam thảo, Sinh khương"
Tam thoa thần kinh thống,Đờm hoả,"đau mặt, mặt đau, đau nửa mặt, đau vùng mặt, một bên mặt, bên mặt, đau nửa đầu, một bên đầu","Đau tức, rát từng cơn ngắn, căng trướng, đau nhiều khi ăn, thích chườm cay ấm, khô miệng không thích uống, nặng đầu, ngực đầy bụng trướng, thỉnh thoảng nôn ra đờm, nước chua đắng, miệng đắng, dễ tức giận, cáu gắt, lưỡi đỏ, rêu vàng mỏng, mạch Huyền Hoạt Sác","lưỡi đỏ, rêu vàng mỏng",mạch Huyền Hoạt Sác,Hoàng Liên Ôn Đởm Thang gia vị,"Xuyên khung, Huyền hồ, Phục linh, Bán hạ, Trần bì, Chỉ thực, Trúc nhự, Nam tinh, Thiên ma, Đan sâm, Hoàng liên, Cam thảo, Táo. (Sốt cao thêm Hoàng cầm, Thiên trúc hoàng; vị nhiệt thêm Tri mẫu, Thạch cao)"
Tam thoa thần kinh thống,Khí hư huyết ứ,"đau mặt, mặt đau, đau nửa mặt, đau vùng mặt, một bên mặt, bên mặt, đau nửa đầu, một bên đầu","Mặt đau liên tục thời gian dài, dữ dội không chịu nổi, đau một chỗ cố định, mặt xám, khi đau kèm giật giật, tay chân tê, sợ gió, tự ra mồ hôi, hơi thở ngắn, ngại nói, tiếng nhỏ yếu, da mặt trắng nhạt, lưỡi có điểm ứ huyết, mạch Trầm Tế Nhược",lưỡi có điểm ứ huyết,mạch Trầm Tế Nhược,Thuận Khí Hoà Trung Thang gia vị,"Hoàng kỳ, Xuyên khung, Đẳng sâm, Bạch truật, Qui đầu, Bạch thược, Xích thược, Địa long, Mạn kinh tử, Trần bì, Cam thảo, Thăng ma, Sài hồ, Tế tân"
Tam thoa thần kinh thống,Âm hư huyết ứ,"đau mặt, mặt đau, đau nửa mặt, đau vùng mặt, một bên mặt, bên mặt, đau nửa đầu, một bên đầu","Đau dữ dội, đau rát một chỗ ở một bên mặt, bên đầu, sốt về chiều, gò má đỏ, chóng mặt, ù tai, đau lưng, gối mỏi, bứt rứt, mắt đỏ, lưỡi đỏ, rêu vàng hoặc khô, mạch Huyền Tế Sác","lưỡi đỏ, rêu vàng hoặc khô",mạch Huyền Tế Sác,Địa Hoàng Thạch Cao Thang,"Sinh địa, Thạch cao, Huyền sâm, Bạch thược, Một dược, Khương hoạt, Tế tân, Thiên ma"
Ế cách,Đàm khí uất,,"khó nuốt, ngực đầy đau âm ỉ, đau tức, hoặc khó thở, nấc cụt, ợ hơi, khô miệng, đại tiện khó đi, rêu trắng dầy, mạch huyền hoạt",rêu trắng dầy,mạch huyền hoạt,Toàn phúc đại giả thạch thang gia giảm,"T phúc hoa, Đại giả thạch, Bán hạ, Hương phụ, Mộc hương, Uất kim, Đan sâm, Bạch linh, Chỉ sác, Cát cánh, Qua lâu, Phỉ bạch, Uy linh (có thể là Uy linh tiên), Nam tinh, Bồ công anh, Hạ khô thảo, Trúc nhự, Ngó lăng tử (Ngoa lăng tử), Đẳng sâm"
Ế cách,Huyết ứ tân suy,,"Đau nhói vùng hung cách, khô họng vướng mắc, đồ ăn uống không trôi, ăn vào mửa ra, khó nuốt nước, táo bón như phân dê, hoặc đen như nước đậu đen, có thể nôn ra đờm rãi huyết tím, thể trạng gầy còm, da dẻ khô ráo, lưỡi đỏ ít tân dịch hoặc tím tối, mạch tế sáp",lưỡi đỏ ít tân dịch hoặc tím tối,mạch tế sáp,Tư âm dưỡng huyết phá ứ tiêu kết phương,"Sinh địa, Qui đầu, Đào nhân, Xích thược, Chỉ thực, Bạch thược, Mạch môn, Đan bì, Sa sâm, Ngọc trúc, Xuyên khung, Hồng hoa, Đan sâm, Ngưu tất"
Ế cách,Dương khí hư,,"Ăn uống không xuống, sắc mặt trắng bệch, sợ lạnh, đoản khí, nhổ ra rãi trong, mặt phù, chân thũng, bụng trướng, lưỡi nhạt, mạch tế",lưỡi nhạt,mạch tế,Bổ khí vận tỳ thang,"Nhân sâm, Bạch truật, Bạch linh, Hoàng kỳ, Trần bì, Xa nhân (Sa nhân), Bán hạ, Sinh khương, Táo, Cam thảo"
Viêm gan cấp,Thấp nhiệt,"vùng gan, gan to, men gan, viêm gan, xơ gan, vàng da, da vàng, mắt vàng","Da mắt vàng tươi, bứt rứt khó chịu, người nóng, bực tức, chán ăn miệng đắng khô, đầy bụng hoặc nôn, buồn nôn, mệt mỏi, ngứa hoặc không, tiểu ít vàng như nước vối, táo bón, rìa lưỡi đỏ, rêu vàng nhớt, mạch Huyền Hoạt Sác hoặc Nhu Sác","rìa lưỡi đỏ, rêu vàng nhớt",mạch Huyền Hoạt Sác hoặc Nhu Sác,Nhân Trần Cao Thang gia giảm,"Nhân trần, Chi tử, Sinh đại hoàng, Bồ công anh, Thổ phục linh. (Thấp nặng thêm Hậu phác, Thương truật, Trạch tả; Nhiệt thịnh thêm Hoàng bá, Thạch cao)"
Viêm gan cấp,Nhiệt độc,"vùng gan, gan to, men gan, viêm gan, xơ gan, vàng da, da vàng, mắt vàng","Khát, bứt rứt, vàng da nặng lên rất nhanh, ngực đầy bụng tức, táo bón, tiểu vàng đỏ, nặng thì hôn mê, nói sảng, co giật, tiêu tiểu có máu, lưỡi đỏ thẫm, rêu vàng nhớt khô, mạch Hoạt Sác","lưỡi đỏ thẫm, rêu vàng nhớt khô",mạch Hoạt Sác,Thanh nhiệt giải độc lương huyết cứu âm phương (Tê giác địa hoàng thang gia giảm),"Tê giác, Sinh địa, Xích thược, Đan bì, Chi tử, Nhân trần, Bản lam căn, Thạch hộc. (Sốt cao mê man thêm An Cung Ngưu Hoàng hoặc Chí Bảo Đơn)"
Viêm gan (cấp/hồi phục),Can Vị Bất Hòa,"vùng gan, gan to, men gan, viêm gan, xơ gan, vàng da, da vàng, mắt vàng","Mạn đau sườn tức, bụng trên đầy hơi, buồn nôn hoặc nôn, ợ hơi, miệng đắng, chán ăn, chất lưỡi đỏ nhợt, mạch Huyền",chất lưỡi đỏ nhợt,mạch Huyền,Sài Hồ Sơ Can Tán gia giảm,"Sài hồ, Bạch thược, Hương phụ, Chỉ xác, Trần bì, Xuyên khung, Chích thảo. (Có thấp nhiệt thêm Hoàng bá, Nhân trần; Ngực đau nhiều thêm Uất kim; Nôn, buồn nôn thêm Gừng tươi, Bán hạ, Trúc nhự; Tỳ hư dùng Tiêu Dao Tán gia giảm)"
Viêm gan mạn tính,Can tỳ bất hòa,"vùng gan, gan to, men gan, viêm gan, xơ gan, vàng da, da vàng, mắt vàng","Bệnh nhân không sốt, khô dang vàng hoặc vàng nhẹ, gan còn sờ được dưới bờ sườn, mạn sườn đầy tức hoặc ấn đau, chán ăn, đầy bụng, rối loạn tiêu hóa, rêu lưỡi dày nhớt, mạch Huyền Hoạt",rêu lưỡi dày nhớt,mạch Huyền Hoạt,Tiêu Dao Tán gia giảm,"Đương qui, Sài hồ, Bạch truật, Bạch linh, Hà thủ ô, Uất kim, Bạch thược, Đan sâm, Trần bì, Hậu phác, Cam thảo, Sinh khương. (Mệt mỏi nhiều thêm Nhân sâm/Đảng sâm; huyết kém thêm Tang thầm, Kỷ tử; da còn vàng thêm Nhân trần, Chi tử)"
Viêm gan mạn tính,Khí huyết ứ trệ,"vùng gan, gan to, men gan, viêm gan, xơ gan, vàng da, da vàng, mắt vàng","Sắc mặt kém tươi nhuận, môi thâm tím, gan to ấn đau, mạn đau sườn tức, lưỡi tím hoặc có điểm ứ huyết, rêu vàng, mạch Huyền Sáp hoặc Trầm Khẩn","lưỡi tím hoặc có điểm ứ huyết, rêu vàng",mạch Huyền Sáp hoặc Trầm Khẩn,Huyết Phủ Trục Ứ Thang gia giảm,"Đương qui, Sinh địa, Ngưu tất, Sài hồ, Uất kim, Bạch truật, Bạch thược, Xích thược, Xuyên khung, Đào nhân, Hồng hoa, Trần bì, Hậu phác. (Gan to cứng thêm Miết giáp, Mẫu lệ; Bụng đầy hơi thêm Mộc hương, Sa nhân; Vùng gan đau nhiều thêm Nhũ hương, Một dược; Khí hư thêm Nhân sâm/Đảng sâm, Hoàng kỳ)"
Viêm gan mạn tính,Can âm bị thương tổn,"vùng gan, gan to, men gan, viêm gan, xơ gan, vàng da, da vàng, mắt vàng","choáng đầu, hồi hộp, ít ngủ, hay mê, bàn tay bàn chân nóng, khát nước, khô miệng, khô họng, hay tức giận, chất lưỡi đỏ, táo, tiểu vàng, mạch huyền tế sác",chất lưỡi đỏ,mạch huyền tế sác,Tư dưỡng can âm phương,"Sa sâm, Thục địa, Mạch môn, Thiên môn, Kỉ tử, Huyết dụ, Hoài sơn, Ý dĩ, Hà thủ ô, Sinh địa, Nữ trinh tử, Bạch thược, Táo nhân, Địa cốt bì"
Giãn phế quản,Đờm nhiệt ủng phế,"ho, đờm, đàm, khạc, họng, cổ họng, phế quản, sổ mũi","Ho sốt, đờm nhiều đặc, ho ra máu, khát muốn uống, tiểu vàng, táo bón, rêu vàng nhầy, mạch Hoạt Sác",rêu vàng nhầy,mạch Hoạt Sác,Thanh Kim Hóa Đờm Thang gia giảm,"Tang bì, Hoàng cầm, Tri mẫu, Bối mẫu, Qua lâu, Bạch linh, Mạch môn, Ngư tinh thảo, Mao căn, Chi tử, Trần bì, Cát cánh, Đông qua nhân"
Giãn phế quản,Khí âm hư,"ho, đờm, đàm, khạc, họng, cổ họng, phế quản, sổ mũi","Ho đờm ít, tiếng ho nhỏ, trong đờm có sợi máu, khô miệng, họng táo, tinh thần mệt mỏi, lưỡi đỏ sẫm, mạch Hư Tế",lưỡi đỏ sẫm,mạch Hư Tế,Sinh mạch tán hợp tả bạch tán gia giảm,"Đẳng sâm, Bạch truật, Phục linh, Mạch môn, Tang bì, Địa cốt bì, Tiên hạc thảo, Ngẫu tiết, Qui đầu, Từ uyển, A giao, Ngũ vị, Trích thảo"
Gout,Phong thấp nhiệt,,"Đột ngột khớp ngón cái sưng nóng đỏ đau, không đụng vào được, kèm sốt, đau đầu, sợ lạnh hoặc bứt rứt, khát nước, khô miệng, tiểu vàng, lưỡi đỏ, rêu vàng bẩn, mạch Sác","lưỡi đỏ, rêu vàng bẩn",mạch Sác,Bạch Hổ Gia Quế Chi Thang gia giảm,"Thạch cao, Tri mẫu, Quế chi, Bạch thược, Xích thược, Ngân diệp, Phòng kỷ, Mộc thông, Hải đồng bì, Cam thảo. (Thấp nhiệt nặng/sưng tấy đau nhiều: gia Dây kim ngân, Thổ phục linh, Ý dĩ; thêm hoạt huyết: gia Đương qui, Đan sâm, Trạch lan, Đào nhân, Hồng hoa, Tằm sa; có biểu chứng: gia Quế chi, Độc hoạt, Tế tân)"
Gout,Hàn thấp ứ trệ,,"Nhiều khớp sưng to đau kéo dài, co duỗi khó, tại khớp không đỏ nóng rõ nhưng đau nhiều, dị dạng, kèm tê dại, da tím sạm đen, chườm nóng dễ chịu, xuất hiện nốt u cục quanh khớp, lâu ngày gây tổn thương thận, mạch Trầm Huyền hoặc Khẩn, lưỡi nhợt, rêu trắng","lưỡi nhợt, rêu trắng",mạch Trầm Huyền hoặc Khẩn,Ô Đầu Tế Tân Thang gia giảm,"Ô đầu (sắc trước), Tế tân, Đương qui, Xích thược, Uy linh tiên, Thổ phục linh, Tỳ giải, Ý dĩ, Mộc thông, Quế chi"
Gout,Đàm trọc ứ trệ,,"Sưng đau nhiều khớp cứng, mạch Hoãn Hoạt, rêu lưỡi trắng bẩn dày",rêu lưỡi trắng bẩn dày,mạch Hoãn Hoạt,Ô Đầu Tế Tân Thang gia giảm thêm vị,"Cương tàm (chích), Xuyên sơn giáp, Tạo giác thích, Hy thiêm thảo, Hải đồng bì, Hoắc hương, Cát cánh, Bạch linh, Tô diệp, Bạch truật, Bán hạ, Trần bì, Đại phúc bì, Trích thảo, Hậu phác, Sinh khương, Táo"
Gout,Huyết ứ,,Đau nhiều do huyết ứ,,,Ô Đầu Tế Tân Thang gia giảm thêm vị," Ngô công, Toàn yết, Diên hồ sách , Hoắc hương, Cát cánh, Bạch linh, Tô diệp, Bạch truật, Bán hạ, Trần bì, Đại phúc bì, Trích thảo, Hậu phác, Sinh khương, Táo"
Gout,Thận dương hư,,"Liệt dương, đau mỏi lưng gối, tay chân lạnh, sợ lạnh, lưỡi bệu, mạch Trầm Hoãn vô lực",lưỡi bệu,mạch Trầm Hoãn vô lực,Ô Đầu Tế Tân Thang gia giảm thêm vị," Bổ cốt chi, Nhục thung dung, Cốt toái bổ,Hoắc hương, Cát cánh, Bạch linh, Tô diệp, Bạch truật, Bán hạ, Trần bì, Đại phúc bì, Trích thảo, Hậu phác, Sinh khương, Táo"
Gout,Thấp nhiệt uẩn kết,,"Khớp sưng đỏ, đau, nóng, phiền táo, khát, tiểu vàng đỏ, đau đầu, sốt, sợ lạnh, chất lưỡi đỏ, rêu vàng nhạt, mạch Nhu Sác","chất lưỡi đỏ, rêu vàng nhạt",mạch Nhu Sác,Niêm Thống Thang gia giảm,"Đương quy, Bạch truật, Đảng sâm, Hoàng cầm, Thương truật, Trư linh, Trạch tả, Phòng kỷ, Long đởm thảo (sao), Khổ sâm, Tri mẫu, Thăng ma, Ý dĩ nhân (sống), Xích tiểu đậu"
Gout,Đờm ngưng trở lạc,,"Các khớp nặng, cử động khó khăn, khớp mềm hoặc cứng, có khi sốt cao, đau đầu, lo sợ, chất lưỡi đỏ, ít rêu, mạch Tế Sáp","chất lưỡi đỏ, ít rêu",mạch Tế Sáp,Đào Hồng Tứ Vật Thang gia giảm,"Đương quy, Xích thược, Đào nhân, Mộc qua, Hồng hoa, Uy linh tiên, Xuyên khung, Dã xích đậu, Triết bối mẫu, Ty qua lạc, Tạo giác thích, Giáp châu (Xuyên sơn giáp)"
Gout,Phong thấp hàn huyết ứ,,"Bệnh phát cấp, khớp đau cứng một chỗ, lạnh thì đau nhiều, gặp ấm nóng dễ chịu hơn, có thể bị biến dạng khớp và cứng khớp, khó cử động, sưng nhưng không thấy nóng đỏ, lưỡi trắng mỏng, mạch Hoạt Trầm Huyền hoặc Nhu Hoãn",lưỡi trắng mỏng,mạch Hoạt Trầm Huyền hoặc Nhu Hoãn,Kê Huyết Phụ Tử Niêm Thống Thang,"Kê huyết đằng, Nhẫn đông đằng, Thương truật, Kinh giới tuệ"
Hắc lào,Huyết táo,"ngứa, mẩn, ban, mụn, ghẻ, da, phát ban, mề đay","Giai đoạn đầu: đau mỏi các đốt xương tay chân, khớp nhỏ, khô da ráp, có thể tróc vảy mùa hanh khô, vận động khó khăn tăng dần, ngại cử động. Về sau: khô da cứng toàn bộ hoặc từng vùng, cơ bắp teo, khớp khó co duỗi. Nặng: nuốt nước bọt khó, ăn uống khó khăn, suy kiệt nhanh, tiểu vàng sẻn, táo bón, chất lưỡi đỏ khô, có mảng thâm quầng trên mặt lưỡi, rêu lưỡi vàng, mạch tế sác","chất lưỡi đỏ khô, có mảng thâm quầng trên mặt lưỡi, rêu lưỡi vàng",mạch tế sác,Thần khí tả vinh thang,"Hoàng kỳ, Nhân sâm, Qui đầu, Sinh địa, Hoàng liên, Hoàng cầm, Liên kiều, Thăng ma, Cát cánh, Cam thảo, Toàn yết, Địa long, Đào nhân, Tô mộc, Manh trùng, Thủy điệt, Xạ hương"
Hen phế quản,Hen hàn,"ho, đờm, đàm, khạc, họng, cổ họng, phế quản, sổ mũi","Người lạnh, sắc mặt trắng, đàm loãng, có bọt dễ khạc, không khát, thích uống nước nóng, đại tiện nhão, chất lưỡi đạm, rêu lưỡi trắng mỏng/trắng hoạt, mạch huyền tế","chất lưỡi đạm, rêu lưỡi trắng mỏng/trắng hoạt",mạch huyền tế,"Tiểu thanh long thang gia giảm (hoặc Xạ can ma hoàng thang, Tô tử giáng khí thang)","Ma hoàng, Quế chi, Bán hạ, Tế tân, Bạch thược, Can khương, Trích thảo, Ngũ vị, Bạch bộ, Bạch truật, Tiền hồ. (Nếu có chứng nhiệt/bứt rứt gia Thạch cao; Ho nhiều gia Khoản đông hoa, Hạnh nhân; Khát nhiều bỏ Bán hạ gia Thiên hoa phấn)"
Hen phế quản,Hen nhiệt,"ho, đờm, đàm, khạc, họng, cổ họng, phế quản, sổ mũi","Bứt rứt, sợ nóng, mặt môi đỏ, đờm dính và vàng, miệng khát, thích uống nước lạnh, táo bón, lưỡi đỏ, rêu dầy, mạch hoạt sác","lưỡi đỏ, rêu dầy",mạch hoạt sác,Đình lịch tả phế thang gia giảm (cùng uống với Bổ phế âm hoàn),"Ma hoàng, Xạ Can, Bán hạ, Sinh khương, Hạnh nhân, Đình lịch tử, Tô tử, Thạch cao, Cam thảo. (Sau khi hết hen, tiếp tục dùng Bổ phế âm hoàn để điều dưỡng)"
Hen phế quản,Phế khí hư,"ho, đờm, đàm, khạc, họng, cổ họng, phế quản, sổ mũi","Suyễn gấp, ăn kém, đoản khí, yếu sức, sợ lạnh tự ra mồ hôi, ho thở ngắn gấp, đàm nhiều loãng, tiếng nói nhỏ yếu, sắc mặt trắng, cảm lạnh dễ tái phát cơn hen, ngạt mũi chảy nước mũi, lưỡi đạm rêu mỏng trắng, mạch nhu hoãn vô lực",lưỡi đạm rêu mỏng trắng,mạch nhu hoãn vô lực,Bổ phế thang hợp Phế thận hoàn,"Ngũ vị, Thục địa, Tang bì, Nhân sâm, Từ uyển, Hoàng kỳ"
Hen phế quản,Thận khí hư,"ho, đờm, đàm, khạc, họng, cổ họng, phế quản, sổ mũi","Suyễn gấp, đoản hơi, há miệng so vai, động làm thì suyễn tăng, tay chân không ấm, lưỡi nhạt",lưỡi nhạt,,Bổ dương hoàn (hoặc Phế thận hoàn),"(Không liệt kê chi tiết vị thuốc trong bài, tham khảo Bổ dương hoàn/Phế thận hoàn)"
Bách nhật khái,Phong hàn,"ho, khái thấu","Chảy nước mũi, ngạt mũi, ho liên tục ngày nhẹ đêm nặng, rêu trắng mỏng",rêu trắng mỏng,,Phương tân ôn tuyên phế,"Ma hoàng, Hạnh nhân, Trích thảo, Trần bì, Bạch bộ. (Sốt cao thêm: Hoàng cầm, Tang bì)"
Bách nhật khái,Đờm nhiệt,"ho, khái thấu","Sau khi mắc bệnh khoảng 1 tuần, ho ngày càng nặng, ho cơn, sau khi ho có tiếng rít, nôn ra đờm dãi, thức ăn, nếu ho nhiều có thể ra máu, xuất huyết dưới giác mạc, mí mắt nề, rêu lưỡi vàng hoặc vàng dày",rêu lưỡi vàng hoặc vàng dày,,Phương thanh phế tiết nhiệt hoá đàm (kết hợp Mật gà đường kính),"Mật gà, đường kính (theo tuổi); Ma hoàng, Hạnh nhân, Thạch cao, Trích thảo, Hoàng cầm, Bách bộ. (Đờm nhiều gia: Bán hạ, Bạch giới tử)"
Bách nhật khái,Phế hư,"ho, khái thấu","Cơn ho giảm nhẹ dần, số lần ho ít hơn, tiếng rít giảm dần đến hết, cơn ho yếu, thở ngắn, tự hãn, khát nước, triều nhiệt, chất lưỡi đỏ",chất lưỡi đỏ,,Phương tư âm dưỡng phế,"Cát cánh, Cam thảo, Từ uyển, Trần bì, Kinh giới, Bạch bộ, Mạch môn, Sa sâm, Tang bì, Thiên hoa, Thiên môn"
Khái huyết,Phong Hàn Phạm Phế,"máu, khái huyết, ho ra máu, khạc ra máu, khạc máu, đờm máu, đờm có máu, đờm lẫn máu","Hơi sốt, sợ lạnh nhiều, đau đầu, ngạt mũi, ho tiếng nặng, ho đờm xanh, trong đờm có máu, lưỡi hồng nhạt, rêu lưỡi trắng, mạch Phù Khẩn hoặc Phù Hoãn","lưỡi hồng nhạt, rêu lưỡi trắng",mạch Phù Khẩn hoặc Phù Hoãn,Kim Phất Thảo Tán gia giảm,"Kim phất thảo, Kinh giới, Tiền hồ, Phục linh, Bán hạ, Tiên hạc thảo, Tây thảo, Bạch Mao căn, Sinh khương"
Khái huyết,Phong Nhiệt Phạm Phế,"máu, khái huyết, ho ra máu, khạc ra máu, khạc máu, đờm máu, đờm có máu, đờm lẫn máu","Sốt nhiều, sợ lạnh ít, ho nhiều đờm, đờm mầu vàng, khó khạc đờm, trong đờm có lẫn máu tươi, đau đầu, khát, đau họng, lưỡi đỏ, rêu lưỡi vàng nhạt, mạch Phù Sác","lưỡi đỏ, rêu lưỡi vàng nhạt",mạch Phù Sác,Ngân Kiều Tán gia giảm,"Ngân hoa, Liên kiều, Trúc diệp, Kinh giới tuệ, Bạc hà, Bản lam căn, Ngưu bàng, Tây thảo, Lô căn, Ngẫu tiết, Tiên hạc thảo"
Khái huyết,Táo Nhiệt Thương Phế,"máu, khái huyết, ho ra máu, khạc ra máu, khạc máu, đờm máu, đờm có máu, đờm lẫn máu","Ho khan, ít đờm, khó khạc đờm, trong đờm có lẫn máu hoặc ho ra máu, mũi và khô họng, tâm phiền, khát, thân nhiệt, táo bón, lưỡi đỏ ít rêu hoặc rêu lưỡi vàng nhạt mà khô, mạch Phù Sác",lưỡi đỏ ít rêu hoặc rêu lưỡi vàng nhạt mà khô,mạch Phù Sác,Tang Hạnh Thang gia giảm,"Tang diệp, Chi tử, Sa sâm, Bối mẫu, Lê bì, Hạnh nhân, Ngân hoa, Mạch môn, Trắc bách diệp, Bạch Mao căn, Cam thảo"
Khái huyết,Can Hoả Phạm Phế,"máu, khái huyết, ho ra máu, khạc ra máu, khạc máu, đờm máu, đờm có máu, đờm lẫn máu","Ho, đờm có lẫn máu hoặc ho khạc ra máu tươi, đau đầu, chóng mặt, ngực và hông sườn trướng đau, phiền táo, dễ tức giận, miệng đắng, khô họng, tiểu ít vàng, lưỡi đỏ, rêu lưỡi hơi vàng, mạch Huyền Sác","lưỡi đỏ, rêu lưỡi hơi vàng",mạch Huyền Sác,Tả Bạch Tán hợp Đại Cáp Tán gia giảm,"Đại cáp tán (có thể là Cáp phấn), Tang diệp, Địa cốt bì, Sinh địa, Chi tử, Cam thảo, Lô căn, Tiểu kế, Trắc bách diệp, Ngạnh mễ"
Khái huyết,Âm Hư Hoả Vượng,"máu, khái huyết, ho ra máu, khạc ra máu, khạc máu, đờm máu, đờm có máu, đờm lẫn máu","Ho khan, ít đờm, khô họng, trong đờm có máu hoặc ho ra máu tươi, gò má đỏ, sốt về chiều, ra mồ hôi trộm, lòng bàn tay chân nóng, gầy ốm, váng đầu, ù tai, đau lưng, chân mỏi, lưỡi đỏ, ít rêu, mạch Tế Sác","lưỡi đỏ, ít rêu",mạch Tế Sác,Bách Hợp Cố Kim Thang gia giảm,"Tây thảo, Sinh địa, Thục địa, Bách hợp, Mạch môn, Huyền sâm, Bối mẫu, Đương qui, Bạch thược, Cam thảo, Bạch cập, Ngẫu tiết"
Khái huyết,Khí Bất Nhiếp Huyết,"máu, khái huyết, ho ra máu, khạc ra máu, khạc máu, đờm máu, đờm có máu, đờm lẫn máu","Sắc mặt không tươi, uể oải mệt mỏi, tiếng nói yếu nhỏ, chóng mặt, ù tai, hồi hộp, ho tiếng nhẹ, trong đờm có máu hoặc máu ra thành sợi, hoặc kèm chảy máu mũi, tiêu ra máu, da có vết ban đỏ, lưỡi nhạt, rêu lưỡi trắng, mạch Trầm Tế hoặc Hư Tế mà Khổng","lưỡi nhạt, rêu lưỡi trắng",mạch Trầm Tế hoặc Hư Tế mà Khổng,Chửng Dương Lý Lao Thang gia giảm,"Nhân sâm, Hoàng kỳ, Bạch truật, Cam thảo, Đương qui, Tiên hạc thảo, Bạch cập, A giao, Tây thảo, Tam thất"
Tâm quý,Tâm Thần Không Yên,"đau ngực, đau thắt ngực, tức ngực, đau vùng tim, đau trước tim, vùng tim, ngực, vùng ngực","Tâm hồi hộp, dễ kinh sợ, nằm ngồi không yên, ít ngủ hay mê, nói chung lưỡi và mạch bình thường hoặc mạch thấy Hư Sắc",nói chung lưỡi và mạch bình thường hoặc mạch thấy Hư Sắc,,"An Thần Định Chí Hoàn gia giảm (hoặc thêm Bán hạ, Trần bì, Trúc nhự nếu kiêm đờm nhiệt)","Phục thần, Bạch linh, Nhân sâm, Viễn trí, Xương bồ, Long sỉ, Chu sa"
Tâm quý,Tâm Huyết Bất Túc,"đau ngực, đau thắt ngực, tức ngực, đau vùng tim, đau trước tim, vùng tim, ngực, vùng ngực","Tim hồi hộp, choáng váng, sắc mặt kém tươi, móng tay chân nhạt, tay chân không có sức, chất lưỡi đỏ nhạt, mạch Tế",chất lưỡi đỏ nhạt,mạch Tế,Quy Tỳ Thang gia giảm (hoặc Chích Cam Thảo Thang nếu mạch Kết Đại),"Sinh khương, Bạch truật, Phục thần, Đương qui, Mộc hương, Viễn trí, Táo nhân, Thục địa, Long nhãn, Đẳng sâm, Hoàng kỳ, Cam thảo"
Tâm quý,Âm Hư Hỏa Vượng,"đau ngực, đau thắt ngực, tức ngực, đau vùng tim, đau trước tim, vùng tim, ngực, vùng ngực","Hồi hộp không yên, tâm phiền, ít ngủ, chóng mặt, hoa mắt, ù tai mỏi lưng, lưỡi đỏ ít rêu, mạch Tế Sác",lưỡi đỏ ít rêu,mạch Tế Sác,"Hoàng Liên A Giao Thang gia giảm (thêm Đan sâm, Trân châu mẫu...)","Hoàng liên, Kê tử hoàng, Hoàng cầm, Bạch thược, A giao"
Tâm quý,Phong Thấp Xâm Phạm,"đau ngực, đau thắt ngực, tức ngực, đau vùng tim, đau trước tim, vùng tim, ngực, vùng ngực","Hồi hộp, hơi thở ngắn, đau ngực hoặc khó chịu, hai gò má đỏ tía, thậm chí môi và móng tay chân tím tái hoặc ho suyễn khạc ra máu, chất lưỡi xanh nhợt hoặc có nốt ứ huyết, mạch Tế hoặc Kết Đại",chất lưỡi xanh nhợt hoặc có nốt ứ huyết,mạch Tế hoặc Kết Đại,Đào Nhân Hồng Hoa Tiễn gia giảm,"Đào nhân, Hồng hoa, Đan sâm, Qui đầu, Xuyên khung, Huyền hồ, Hương phụ, Cam thảo, Quế chi, Long cốt, Mẫu lệ"
Tâm quý,Dương Khí Suy Nhược,"đau ngực, đau thắt ngực, tức ngực, đau vùng tim, đau trước tim, vùng tim, ngực, vùng ngực","Tim hồi hộp không yên, thở suyễn, ngực khó chịu, thân thể ớn lạnh, tay chân lạnh, phù toàn thân, tiểu không lợi, chất lưỡi nhợt, rêu lưỡi trắng, mạch Vi Tế hoặc Kết Đại","chất lưỡi nhợt, rêu lưỡi trắng",mạch Vi Tế hoặc Kết Đại,Chân Vũ Thang gia giảm,"Phụ tử, Bạch linh, Bạch truật, Sinh khương, Bạch thược"
Khẩu xú,Thấp nhiệt uẩn phục,,"Miệng bị hôi, hơi thở có mùi hôi, có khi trong miệng cũng tự cảm thấy hôi",,,Phương thanh nhiệt lợi thấp phương hương hoá thấp,"Xương bồ, Bán hạ, Hoắc hương, Khấu nhân, Liên kiều, Hậu phác, Cam thảo, Hoàng cầm, Hoàng liên, Bạc hà, Mộc thông, Hoạt thạch"
Khẩu xú,Nhiệt độc,,"Hôi miệng, miệng loét đỏ sưng, đau, nóng rát, hôi, khô miệng, lưỡi đỏ, rêu vàng, táo bón, nước tiểu đỏ","lưỡi đỏ, rêu vàng",,Phương thanh nhiệt giải độc,"Sinh địa, Huyền sâm, Thăng ma, Thạch cao, Mộc thông, Tri mẫu, Cam thảo, Ngọc trúc"
Khẩu xú,Hư hoả,,"Hôi miệng, các vết loét sưng đỏ ít, đau nhẹ, khi mệt nhọc dễ tái phát, lưỡi đỏ, mạch tế sác",lưỡi đỏ,mạch tế sác,Phương tư âm thanh nhiệt,"Đan bì, Bạch linh, Thục địa, Trạch tả, Hoài sơn, Sơn thù, Bạch thược, Tri mẫu, Hoàng bá, Huyền sâm"
Hư lao,Phế khí hư,"mệt mỏi, suy nhược, gầy sút, vô lực, đuối sức, uể oải, sụt cân, người yếu","Mệt, hơi thở ngắn, lúc nóng lúc lạnh, dễ ra mồ hôi, dễ mắc bệnh ngoại cảm, ho khan, sắc da trắng nhạt, lưỡi nhạt, mạch Nhuyễn Nhược",lưỡi nhạt,mạch Nhuyễn Nhược,Bổ Phế Thang gia giảm,"Nhân sâm, Hoàng kỳ, Tang bì, Từ uyển, Thục địa, Ngũ vị"
Hư lao,Tỳ khí hư,"mệt mỏi, suy nhược, gầy sút, vô lực, đuối sức, uể oải, sụt cân, người yếu","Mệt mỏi, ăn ít, tiêu lỏng, sắc mặt vàng nhạt, lưỡi nhạt, rêu lưỡi trắng nhuận, mạch Nhược","lưỡi nhạt, rêu lưỡi trắng nhuận",mạch Nhược,Sâm Linh Bạch Truật Tán gia giảm,"Đẳng sâm, Bạch truật, Xa nhân (Sa nhân), Bạch linh, Cam thảo, Hoài sơn, Biển đậu, Ý dĩ, Trần bì, Cát cánh, Liên nhục"
Hư lao,Tâm huyết hư,"mệt mỏi, suy nhược, gầy sút, vô lực, đuối sức, uể oải, sụt cân, người yếu","Hồi hộp hay quên, mất ngủ, mộng nhiều, sắc mặt tái nhợt kém tươi nhuận, môi lưỡi nhợt, mạch Trầm Tế",môi lưỡi nhợt,mạch Trầm Tế,Qui Tỳ Thang gia giảm,"Sinh khương, Bạch truật, Phục thần, Đương qui, Mộc hương, Viễn trí, Táo nhân, Thục địa, Long nhãn, Đẳng sâm, Hoàng kỳ, Cam thảo"
Hư lao,Can huyết hư,"mệt mỏi, suy nhược, gầy sút, vô lực, đuối sức, uể oải, sụt cân, người yếu","Váng đầu, hoa mắt, ù tai, đau sườn, bứt rứt, tính nóng nảy, phụ nữ kinh nguyệt không đều, sắc mặt tái sạm, môi lưỡi nhợt, mạch Huyền Tế",môi lưỡi nhợt,mạch Huyền Tế,Tứ Vật Thang gia vị,"Xuyên khung, Qui đầu, Thục địa, Bạch thược"
Hư lao,Tỳ dương hư,"mệt mỏi, suy nhược, gầy sút, vô lực, đuối sức, uể oải, sụt cân, người yếu","Sợ lạnh, tay chân lạnh, mệt mỏi, lúc gặp lạnh dễ đau bụng, tiêu chảy, sắc mặt vàng sạm hoặc tái nhợt, lưỡi nhợt bệu, rêu trắng, mạch Trì Nhược hoặc Tế Nhược","lưỡi nhợt bệu, rêu trắng",mạch Trì Nhược hoặc Tế Nhược,Phụ Tử Lý Trung Thang gia giảm,"Phụ tử, Can khương, Nhân sâm, Bạch truật, Trích thảo"
Hư lao,Thận dương hư,"mệt mỏi, suy nhược, gầy sút, vô lực, đuối sức, uể oải, sụt cân, người yếu","tay chân lạnh, lưng gối nhức mỏi, trời lạnh nhức nhiều, di tinh, liệt dương, tiểu nhiều, nước tiểu trong hoặc tiểu gấp khó cầm, sắc mặt tái nhợt, giọng nói yếu, có thể hơi ngắn hụt hơi, thân lưỡi bệu sắc nhợt, rêu trắng, mạch Trầm Trì","thân lưỡi bệu sắc nhợt, rêu trắng",mạch Trầm Trì,Hữu Qui Hoàn gia giảm,"Qui đầu, Lộc giác, Nhục quế, Thục địa, Kỉ tử, Đỗ trọng, Phụ tử, Hoài sơn, Sơn thù, Thỏ ti tử"
Hư lao,Phế âm hư,"mệt mỏi, suy nhược, gầy sút, vô lực, đuối sức, uể oải, sụt cân, người yếu","Ho khan, ho có máu, khô họng, khô miệng, có khi khàn giọng, người gầy, da nóng, hay sốt về chiều hay về đêm, mồ hôi trộm, gò má hồng, lưỡi đỏ khô ít rêu, mạch Tế Sác",lưỡi đỏ khô ít rêu,mạch Tế Sác,Sa Sâm Mạch Đông Thang gia giảm,"Sa sâm, Mạch môn, Ngọc trúc, Cam thảo, Tang diệp, Biển đậu, Thiên hoa phấn"
Hư lao,Tâm âm hư,"mệt mỏi, suy nhược, gầy sút, vô lực, đuối sức, uể oải, sụt cân, người yếu","Hồi hộp, khó ngủ, hay quên, bứt rứt, ra mồ hôi trộm, miệng lở, lưỡi loét, gò má đỏ, sốt về chiều, lưỡi đỏ ít rêu, mạch Tế Sác","lưỡi loét, lưỡi đỏ ít rêu",mạch Tế Sác,Thiên Vương Bổ Tâm Đơn gia giảm,"Đẳng sâm, Huyền sâm, Đan sâm, Sinh địa, Phục thần, Viễn trí, Ngũ vị, Mạch môn, Thiên ma, Qui đầu, Bá tử nhân, Táo nhân, Cát cánh"
Hư lao,Tỳ vị âm hư,"mệt mỏi, suy nhược, gầy sút, vô lực, đuối sức, uể oải, sụt cân, người yếu","khô miệng, môi khô, chán ăn, thích uống nước mát, táo bón nặng, có thể nôn khan, mặt đỏ, lưỡi thon khô đỏ có điểm loét hoặc hình địa đồ, mạch Tế Sác",lưỡi thon khô đỏ có điểm loét hoặc hình địa đồ,mạch Tế Sác,Ích vị thang gia giảm,"Sa sâm, Mạch môn, Sinh địa, Ngọc trúc, Đường phèn"
Hư lao,Can âm hư,"mệt mỏi, suy nhược, gầy sút, vô lực, đuối sức, uể oải, sụt cân, người yếu","Đau đầu, chóng mặt, ù tai, mắt khô, sợ ánh sáng, người nóng nảy dễ giận hoặc gân cơ giật, lưỡi khô đỏ tía, mạch Huyền Tế Sác",lưỡi khô đỏ tía,mạch Huyền Tế Sác,Bổ Can Thang gia giảm,"Qui đầu, Thục địa, Bạch thược, Xuyên khung, Táo nhân, Mộc qua, Mạch môn, Cam thảo"
Hư lao,Thận âm hư,"mệt mỏi, suy nhược, gầy sút, vô lực, đuối sức, uể oải, sụt cân, người yếu","Đau lưng, mỏi gối, chân yếu, má đỏ, ù tai, dễ tóc rụng, lưỡi đỏ thẫm khô bóng, mạch Trầm Tế",lưỡi đỏ thẫm khô bóng,mạch Trầm Tế,Đại Bổ Âm Hoàn gia giảm,"Qui bản, Thục địa, Tri mẫu, Hoàng bá, Long cốt, Mẫu lệ, Kim anh tử, Liên tu"
Huyết hư,Tâm tỳ lưỡng hư,,"Da và niêm mạc trắng bệch, đánh trống ngực, làm việc chóng mệt, hoa mắt, chóng mặt, váng đầu, ù tai, có thể bị ngất. Phụ nữ thường kinh nguyệt không đều, ít hoặc không thấy kinh, lưỡi nhạt, rêu ít hoặc không rêu, mạch Hư Nhược","lưỡi nhạt, rêu ít hoặc không rêu",mạch Hư Nhược,Kiện Tỳ Ôn Thận Thang,"Ba kích, Đẳng sâm, Bạch truật, Cam thảo, Trần bì, Thục địa, Nhục quế, Cốt toái bổ, Lộc giác, Hoàng kỳ, Qui đầu, A giao, Hồng sâm phấn, Lộc nhung phấn"
Tiết tả,Hàn thấp,"tiêu chảy, đại tiện lỏng, phân lỏng, phân nát, ỉa chảy, đi lỏng, tiết tả","Đau đầu, đau mình, đau bụng, sôi bụng, ỉa chảy, hơi sợ lạnh, sợ gió, rêu trắng dầy, tiểu tiện ít, mạch nhu hoãn, phù hoãn",rêu trắng dầy,mạch nhu hoãn,Hoắc hương chính khí tán,"Cát cánh, Bạch linh, Hậu phác, Tô diệp, Bạch truật, Bán hạ, Bạch chỉ, Đại phúc bì, Trần bì, Chích thảo, Hoắc hương, Biển đậu, Sinh khương, Táo"
Tiết tả,Thấp nhiệt,"tiêu chảy, đại tiện lỏng, phân lỏng, phân nát, ỉa chảy, đi lỏng, tiết tả","Đau bụng tiết tả, đi tả cấp bách nhiều lần hoặc đi ra cảm thấy khó chịu, sắc phân vàng xẫm hoặc vẩn đục như vữa hoặc như nước vàng mà hôi thối, khát nước, tiểu vàng sẻn, nôn mửa, đỏ nóng rát hậu môn, đau bụng, mạch sác",,mạch sác,Phương thanh nhiệt lợi thấp,"Ô mai, Hoàng cầm, Cam thảo, Biển đậu, Hoàng liên, Hoắc hương, Hoạt thạch, Cát căn, Mộc thông, Hậu phác, Nhân trần, Ngân hoa"
Tiết tả,Bội thực,"tiêu chảy, đại tiện lỏng, phân lỏng, phân nát, ỉa chảy, đi lỏng, tiết tả","đau bụng nhiều, phân thối, chướng bụng, ợ hơi, đại tiện xong đỡ đau, mạch huyền sác hay trầm huyền",,mạch huyền sác hay trầm huyền,Phương tiêu thực đạo trệ,"Chỉ thực, Bạch truật, Bạch linh, Hoàng cầm, Hoàng liên, Trạch tả, Thần khúc, Đại hoàng, Can khương"
Tiết tả,Vị phủ bất hoà,"tiêu chảy, đại tiện lỏng, phân lỏng, phân nát, ỉa chảy, đi lỏng, tiết tả","Thượng vị đầy tức, nôn khan, sôi bụng tiêu chảy, rêu vàng mỏng nhớt, mạch huyền tế sác",rêu vàng mỏng nhớt,mạch huyền tế sác,Bán hạ tả tâm thang,"Bán hạ, Can khương, Chích thảo, Đại táo, Hoàng cầm, Đẳng sâm, Hoàng liên. (Nếu thấp nhiệt tích ở trung tiêu: bỏ Đẳng sâm, Can khương, Táo, Thảo gia Chỉ thực, Sinh khương; Bụng đau nôn nhiều hợp Tả kim hoàn; Có thực tích bỏ Đẳng sâm, Chích thảo gia Chỉ thực, Đại hoàng)"
Nhi tiết tả,Tích trệ đồ ăn,"tiêu chảy, đại tiện lỏng, phân lỏng, phân nát, ỉa chảy, đi lỏng, tiết tả","đầy bụng trướng, bú ít, nôn mửa, mùi chua khai, ngủ không yên giấc hay khóc, ỉa chảy mùi chua thối, chậm tiêu, có khi đi ngoài ra thức ăn, rêu lưỡi mỏng trắng hoặc hơi vàng, mạch hoạt",rêu lưỡi mỏng trắng hoặc hơi vàng,mạch hoạt,Tiêu thực đạo trệ phương,"Ma nhân, Sơn tra, Thần khúc, Hạt củ cải, Kê nội kim, Ý dĩ, Hương phụ, Trần bì, Trích thảo, Liên kiều, Bạch linh"
Nhi tiết tả,Do giun,"tiêu chảy, đại tiện lỏng, phân lỏng, phân nát, ỉa chảy, đi lỏng, tiết tả","Ngứa ngáy, da vàng khô, hay khóc, hay kinh giật, ăn uống thất thường, buồn nôn, đau bụng, bụng trướng, ỉa chảy",,,Kiện tỳ trừ thấp khu trùng phương,"Đẳng sâm, Hoàng liên, Sơn tra, Bạch truật, Sử quân tử, Trích thảo, Bạch linh, Thần khúc, Ma nhân"
Nhi tiết tả,Thấp nhiệt,"tiêu chảy, đại tiện lỏng, phân lỏng, phân nát, ỉa chảy, đi lỏng, tiết tả","Ỉa nhiều lần trong ngày, bụng sôi, trướng, nôn mửa, sốt, khát nước, tiểu tiện ít đỏ, rêu vàng hoặc trắng khô, hậu môn đỏ rát",rêu vàng hoặc trắng khô,,Thanh nhiệt trừ thấp phương,"Cát căn, Hoàng cầm, Hoàng liên, Cam thảo"
Áp xe gan,Can uất hoá hoả / Thấp nhiệt nung nấu,,"Nóng lạnh thất thường, hạ sườn bên phải đau, ấn vào đau hơn, không muốn nằm nghiêng, khô miệng, tiểu vàng, lưỡi hồng, rêu lưỡi vàng trắng, mạch Huyền Hoạt","lưỡi hồng, rêu lưỡi vàng trắng",mạch Huyền Hoạt,Sài hồ thanh can tán,"Cam thảo, Sài hồ, Chi tử, Sinh địa, Hoàng liên, Thanh bì, Liên kiều, Xích thược, Long đởm thảo"
Áp xe gan,Hoả độc thịnh,,"Lạnh run, sốt cao, ra mồ hôi, hông sườn đầy đau, đau lan đến bụng dưới hoặc nách vai, miệng khát, tâm phiền, muốn nôn hoặc nôn, lưỡi hồng, rêu lưỡi vàng, mạch huyền Sác","lưỡi hồng, rêu lưỡi vàng",mạch huyền Sác,Hoàng Liên Giải Độc Thang,"Chi tử, Hoàng cầm, Hoàng liên, Hoàng bá, Sài hồ, Bại tương thảo, Ngư tinh thảo, Đông qua nhân, Ý dĩ nhân, Đào nhân"
Áp xe gan,Tà độc làm hao tổn khí huyết,,"Hạ sườn phải hơi đau, miệng hơi khô, mệt mỏi không có sức, lưỡi hồng, rêu lưỡi ít, mạch Tế Nhược","lưỡi hồng, rêu lưỡi ít",mạch Tế Nhược,Thánh Dũ Thang gia giảm,"Bạch thược, Nhân sâm, Đương qui, Hoàng kỳ, Xuyên khung, Thục địa, Bại tương thảo, Bồ công anh"
Cường dương,Âm hư,,"Không có hứng thú giao hợp mà dương vật cứng mãi không thôi, hoặc sau khi giao hợp xong dương vật vẫn cứng. Dương vật thâm đỏ, đau buốt, tiểu tiện khó khăn kèm theo váng đầu chóng mặt, đau lưng mỏi gối, khô họng, mất ngủ, di tinh",,,Lục vị địa hoàng hoàn,"Đan bì, Bạch linh, Trạch tả, Thục địa, Sơn thù, Hoài sơn, Qui đầu, Bạch thược, Mạch môn, Nhục quế"
Cường dương,Can hoả,,"Không có hứng thú giao hợp mà dương vật cứng mãi không thôi, hoặc sau khi giao hợp xong dương vật vẫn cứng. Dương vật thâm đỏ, đau buốt, tiểu tiện khó khăn kèm cáu gắt, mắt đỏ, miệng đắng, khô họng, tiểu vàng",,,Long đởm tả can thang,"Hoàng cầm, Chi tử, Qui đầu, Sài hồ, Mộc thông, Cam thảo, Sinh địa, Long đởm thảo, Sa tiền, Trạch tả"
Âm nang chàm,Thấp nhiệt ở kinh can,"ngứa, mẩn, ban, mụn, ghẻ, da, phát ban, mề đay","Mọc mụn rất nhỏ, rất ngứa, gãi thì trầy da, đau rát, chảy nhựa dính, tanh hôi, lâu ngày không khỏi thì da bìu dái dầy cứng và đau",,,Long Đởm Tả Can Thang,"Hoàng cầm, Chi tử, Qui đầu, Sài hồ, Mộc thông, Cam thảo, Sinh địa, Trạch tả, Sa tiền, Khổ sâm, Địa phụ tử, Long đởm thảo"
Động kinh,Phong đàm,"co giật, động kinh, giật, kinh phong, sùi bọt mép, ngã lăn, mất ý thức, hôn mê","Giống cơn động kinh điển hình, hoặc trước khi phát bệnh hông ngực đầy tức buồn bực, nghiến răng, trợn mắt, tay chân run rật, đờm rãi kéo lên thở khò khè, mạch huyền hoạt",,mạch huyền hoạt,Động kinh phong đàm,"Ý dĩ, Trần bì, Toàn yết, Nhân sâm, Nhục quế, Nam tinh sao, Trần mễ, Chu sa"
Động kinh,Huyết ứ,"co giật, động kinh, giật, kinh phong, sùi bọt mép, ngã lăn, mất ý thức, hôn mê","Động kinh thường gặp ở bệnh nhân bị sang chấn vùng đầu não trong vòng 5 năm, hoặc sau tai biến mạch máu não, đầu có điểm đau cố định, hoặc lưỡi có vết bầm, mạch sáp hoặc khẩn",hoặc lưỡi có vết bầm,mạch sáp hoặc khẩn,Thông khiếu hoạt huyết thang gia giảm,"Xích thược, Xuyên khung, Đào nhân, Táo, Rượu trắng, Hồng hoa, Sinh khương, Hành, Xạ hương, Địa long"
Động kinh,Đờm nhiệt sinh phong,"co giật, động kinh, giật, kinh phong, sùi bọt mép, ngã lăn, mất ý thức, hôn mê","Miệng đắng, khô họng, táo bón kết, lúc lên cơn ngã bất tỉnh tay chân co giật, miệng đầy nước rãi, đờm dính, lưỡi đỏ rêu vàng, mạch huyền sác",lưỡi đỏ rêu vàng,mạch huyền sác,Đạo đàm thang gia giảm,"Đởm nam tinh, Chỉ thực, Bán hạ, Phục thần, Viễn trí, Xương bồ, Cương tàm, Câu đằng, Toàn yết, Long đởm thảo, Sinh địa, Trúc nhự, Địa long"
Động kinh,Tâm thận tỳ hư,"co giật, động kinh, giật, kinh phong, sùi bọt mép, ngã lăn, mất ý thức, hôn mê","Mắc bệnh lâu ngày tái phát nhiều lần, khi lên cơn đầu tối sầm lại, ngã, tay chân run miệng kêu, hôn mê, sau khi tỉnh mệt mỏi, chí lực giảm sút, sắc mặt không tươi, lưng gối yếu mỏi, ăn ít, ngủ kém, đờm nhiều, rêu mỏng, mạch tế hoãn",rêu mỏng,mạch tế hoãn,Đông kinh tâm thận tỳ hư,"Thục địa, Kỉ tử, Bạch truật, Đẳng sâm, Long nhãn, Hà thủ ô, Đại táo, Bá tử nhân, Bán hạ, Trần bì, Tử hà xa, Bạch linh, Đan sâm, Viễn trí, thảo"
Động kinh,Âm hư,"co giật, động kinh, giật, kinh phong, sùi bọt mép, ngã lăn, mất ý thức, hôn mê","Người gầy, hư phiền, kèm theo các triệu chứng của thể tâm thận tỳ hư",,,Đại định phong châu thang gia giảm,"Sinh địa, Mạch môn, A giao, Lòng đỏ trứng gà, Qui bản (tẩm giấm), Mẫu lệ, Miết giáp (tẩm giấm), Bạch thược, Ngũ vị, Vừng đen"
Động kinh,Tỳ hư,"co giật, động kinh, giật, kinh phong, sùi bọt mép, ngã lăn, mất ý thức, hôn mê","Đại tiện lỏng, hay sợ hãi, người bệnh mệt mỏi, sắc mặt xạm, hoa mắt chóng mặt, chán ăn, buồn nôn, nôn, tiêu lỏng, chất lưỡi hồng nhạt, mạch tế nhược",chất lưỡi hồng nhạt,mạch tế nhược,Lục quân tử thang gia giảm,"Đẳng sâm, Bạch truật, Bạch linh, Cam thảo, Trần bì, Bán hạ, Câu đằng, Cương tàm, Sinh Long cốt, Sinh Mẫu lệ, Xương bồ, Viễn trí, Đởm nam tinh"
Động kinh,Tâm huyết hư,"co giật, động kinh, giật, kinh phong, sùi bọt mép, ngã lăn, mất ý thức, hôn mê","Động kinh, đoản khí, hồi hộp, mất ngủ, nhiều mộng, váng đầu hay quên, miệng đắng khô họng, lúc lên cơn tinh thần không minh mẫn, mạch tế sác",,mạch tế sác,Toan táo nhân thang hợp Cam mạch đại táo thang gia giảm,"Táo nhân, Phục thần, Sinh địa, Tiểu mạch, Đương qui, Đẳng sâm, Cam thảo, Đại táo, Hoàng liên, Toàn yết, Ngô công, Cương tằm"
Động mạch viêm tắc,Dương hư ứ trệ,"đau chi, chi lạnh, tay chân lạnh, chân tay lạnh, tím đầu chi, hoại tử, đau cách hồi, khập khiễng","Sắc mặt xanh, người mệt mỏi, thích ấm sợ lạnh, da trắng xanh, hay chuột rút, đi đau nghỉ đỡ, nước tiểu trong dài, đại tiện lỏng, chất lưỡi đạm, mạch trầm trì không có sức, dần dần tứ chi đau liên miên, đêm càng đau nhiều hơn, đầu chi khô",chất lưỡi đạm,mạch trầm trì không có sức,Dương hòa thang gia giảm,"Qui xuyên, Thục địa, Xích thược, Xuyên khung, Đào nhân, Hồng hoa, Xuyên luyện tử, Chế phụ tử, Quế chi, Đan sâm, Ngưu tất, Tang kí sinh, Bạch giới tử, Hoàng kỳ, Ngân hoa, Huyền sâm, Cam thảo, Qui đầu, Binh lang, Qua lâu, Đan bì, Chỉ sác"
Động mạch viêm tắc,Nhiệt độc,"đau chi, chi lạnh, tay chân lạnh, chân tay lạnh, tím đầu chi, hoại tử, đau cách hồi, khập khiễng","Tại chỗ nóng, sưng loét hôi thối, đau kịch liệt, sốt khô miệng, nước tiểu đỏ, chất lưỡi đỏ",chất lưỡi đỏ,,Tứ diệu dũng an thang gia giảm,"Ngân hoa, Bồ công anh, Hoàng bá, Ngưu tất, Ý dĩ, Ké, Huyền sâm, Đan sâm, Thạch hộc, Sinh địa, Qui xuyên, Hoàng kỳ"
Động mạch viêm tắc,Khí huyết hư,"đau chi, chi lạnh, tay chân lạnh, chân tay lạnh, tím đầu chi, hoại tử, đau cách hồi, khập khiễng","Người mệt mỏi, hay ra mồ hôi, đau ít, vết loét không lành, tay chân lạnh, rêu trắng mỏng, mạch nhu, tế hoãn",rêu trắng mỏng,mạch nhu,Cố bộ thang,"Ngân hoa, Qui đầu, Ngưu tất, Hoàng kỳ, Đẳng sâm, Thạch hộc"
Nguyệt kinh quá đa,Khí hư,,"Kinh ra nhiều, màu đỏ nhạt hoặc lợn cợn, tinh thần uể oải, hơi thở ngắn, nói xàm, bụng dưới xệ, sắc mặt trắng bóng",,,Bổ trung ích khí gia giảm,"Hoài sơn, ý dĩ, Xa nhân, Liên nhục, Bạch linh, Bạch truật, Hoàng kỳ, Đẳng sâm, Thăng ma, Trần bì, Qui xuyên, Trích thảo, Sài hồ"
Nguyệt kinh quá đa,Huyết nhiệt,,"Kinh ra nhiều, màu đỏ tươi hoặc đỏ sẫm, dính, khát uống lạnh, tâm phiền, hay mơ, tiểu vàng, lưỡi đỏ",lưỡi đỏ,,Tứ vật lương huyết thang,"Đương qui, Xuyên khung, Sinh địa, Bạch thược, Thăng ma, Hoàng liên, Ngải diệp, Hoàng cầm, Đan bì"
Nguyệt kinh quá đa,Huyết ứ,,"Kinh ra nhiều, màu đỏ tối, có cục, đau bụng hoặc trướng đau khi hành kinh, lưỡi tím tối",lưỡi tím tối,,Đào Hồng Tứ Vật Thang,"Qui vĩ, Thục địa, Bạch thược, Xuyên khung, Hồng hoa, Đào nhân, Tam thất"
Nguyệt kinh tiên kỳ,Huyết nhiệt,,"Lượng nhiều, màu đỏ tía, đặc, máu cục, ra trước kỳ",,,Tứ vật lương huyết thang,"Đương qui, Xuyên khung, Sinh địa, Bạch thược, Thăng ma, Hoàng liên, Ngải diệp, Hoàng cầm, Đan bì"
Nguyệt kinh tiên kỳ,Âm hư,,"Lượng kinh ít, màu đỏ và trông không có cục, sắc mặt không nhuận, hai gò má đỏ, hoa mắt chóng mặt, trong người nóng phiền nhiệt, ngủ không yên, miệng lở loét",,,Lưỡng địa thang,"Sinh địa, Địa cốt, Bạch thược, Mạch môn, Huyền sâm, A giao"
Nguyệt kinh tiên kỳ,Khí hư,,"Kinh ra trước kỳ, số lượng nhiều, màu nhạt loãng, sắc mặt trắng bủng, tinh thần uể oải, hồi hộp, thở ngắn hơi, ngại nói, eo lưng đùi mỏi rũ, bụng dưới sa xuống",,,Sài thị kỳ quy long mẫu thang,"Sinh Hoàng kỳ, Đương qui, Trích thảo, Đẳng sâm, Sinh Long cốt, Tam thất bột"
Nguyệt kinh tiên kỳ,Hư hàn,,"Kinh ra trước kỳ, số lượng nhiều, màu nhạt loãng, sắc mặt trắng bủng, tinh thần uể oải, hồi hộp, thở ngắn hơi, tay chân lạnh, đại tiện lỏng",,,Hoa thị trị nguyệt kinh tiên kỳ phương,"Ngô thù, Bán hạ, Bào khương, Mạch môn, Xương truật, Trích thảo, Đẳng sâm, Đương qui, Xuyên khung, A giao, Bạch truật"
Nguyệt kinh tiên kỳ,Huyết ứ,,"Hành kinh lượng ít, không thư sướng, sắc huyết tía đen có hòn cục, kèm đau bụng nhẹ",,,Tứ vật đào hồng hoặc Quế chi giá trùng thang,"Quế chi, Đào nhân, Xích thược, Bạch thược, Thiên hoa"
Lỵ tật,Thấp nhiệt lỵ,,"Đau bụng, đi ngoài mót rặn, ra nhầy máu",,,Thược Dược Thang gia giảm,"Bạch thược, Qui đầu, Ngân hoa, Binh lang, Hoàng cầm, Mộc hương, Đại hoàng, Hoàng liên, Cam thảo, Khổ luyện tử"
Lỵ tật,Hàn thấp lỵ,,"Đại tiện ra nhầy nhiều, ít máu, đau bụng liên miên, mót rặn",,,Ôn Tỳ Thang gia giảm,"Can khương, Đại hoàng, Thần khúc, Phụ tử, Mộc hương, Sơn tra, Cam thảo, Chỉ thực"
Lỵ tật,Dịch độc lỵ,,"Đại tiện ra nhầy nhiều, ít máu, đau bụng liên miên, mót rặn",,,Bạch đầu ông Thang gia vị,"Bạch đầu ông, Trần bì, Xích thược, Hoàng liên, Đan bì, Hoàng bá, Hoàng cầm, Ngân hoa"
Lỵ tật,Lỵ mạn tính,,"Bệnh kéo dài hay tái phát, lúc lỏng lúc táo, có lúc kèm máu mũi, đau bụng âm ỉ, ưa chườm nóng, sợ lạnh",,,Ôn bổ tỳ vị cố sáp,"Đẳng sâm, Bạch truật, Gừng nướng, Nhục quế, Qui đầu, Nhục đậu, Kha tử, Mộc hương, Cam thảo, Can khương, Phụ tử, Hoàng liên, Hoàng bá, Ô mai"
Kinh nguyệt rối loạn,Can uất,,"Sắc đỏ tía có cục, sắc mặt xanh xám, tinh thần uất ức, khi hành kinh vú căng, thống kinh trước kỳ, đau lan ra ngực sườn, ợ hơi, táo bón, đau lưng",,,Tiêu dao tán hợp Việt cúc hoàn,"Xương truật, Hương phụ, Thần khúc, Xuyên khung, Hậu phác, Chỉ sác, Sài hồ, Chi tử, Bạch linh, Bạch thược, Qui xuyên, Bạch truật, Trần bì, Trích thảo"
Kinh nguyệt rối loạn,Tỳ hư,,"Lượng ít, sắc nhạt, sắc mặt vàng, tay chân phù thũng, tinh thần mệt mỏi thích nằm, tay chân không ấm, huyễn vựng, hồi hộp, bụng trướng, miệng nhạt, ăn kém, đại tiện lỏng",,,Qui tỳ thang gia giảm,"Sinh khương, Bạch truật, Phục thần, Đương qui, Long nhãn, Đẳng sâm, Hoài sơn, ý dĩ, Biển đậu, Hoàng kỳ, Thục địa, Mộc hương, Viễn trí, Táo nhân"
Kinh nguyệt rối loạn,Can thận hư,,"Kinh rối loạn sắc nhạt, trong loãng, sắc mặt ám tối, ù tai, chóng mặt, đau mỏi lưng, tiểu tiện đi nhiều lần, đại tiện lỏng",,,Định kinh thang,"Thục địa, Bạch thược, Phục linh, Sài hồ, Qui đầu, Thỏ ty tử, Hoài sơn, Hắc giới tuệ, Hương phụ"
Kinh nguyệt rối loạn,Thấp nhiệt,,"Khi hành kinh lưng và bụng trướng đau, vú căng trướng ngực khó chịu, hoàng đới hoặc khí hư trắng đỏ lẫn lộn, hoặc ngứa bộ phận sinh dục",,,Chu thị thông kinh chỉ đới thang,"Đương qui, Ích mẫu, Xích thược, Đan bì, Quế chi, Thông căn bì, Ngải diệp sao, Hương phụ, Thổ phục, ý dĩ"
Nguyệt kinh trì kỳ,Hàn,,"Kinh chậm lượng ít, màu nhạt hoặc xám đen loãng, sắc mặt trắng nhạt, thích nóng sợ lạnh, tay chân lạnh, đau bụng liên miên ưa chườm nóng, huyễn vựng đoản khí",,,Ôn kinh tán hàn,"Xuyên khung, Hà thủ ô, Đẳng sâm, Can khương, Ngải diệp, Xương bồ, Qui đầu, Ngưu tất, Bạch thược, Ngô thù, Thục địa, Trần bì"
Nguyệt kinh trì kỳ,Huyết ứ,,"Kinh ra sau kỳ, lượng ít, màu tím đen đóng cục, sắc mặt tím sám, bụng dưới trướng đau cự án, sau khi hành kinh ra huyết bớt đau, ngực đầy bụng trướng, táo bón, tiểu ít và khô",,,Tứ vật đào hồng,"Qui đầu, Thục địa, Xích thược, Xuyên khung, Đào nhân, Hồng hoa"
Nguyệt kinh trì kỳ,Huyết hư,,"Kinh nguyệt sau kỳ, lượng ít, kinh loãng, sắc mặt trắng, mệt mỏi, hồi hộp, đoản hơi, ngại nói, móng chân nhạt, khô da sáp",,,Bổ huyết điều kinh,"Đẳng sâm, Thục địa, Bạch thược, Ích mẫu, Cam thảo, Bạch linh, Hà thủ ô, Ngũ vị, Quế chi, Xuyên khung, Qui đầu, Táo, Sinh khương, Bạch truật, Trần bì, Viễn trí, Hoài sơn, Hoàng kỳ"
Nguyệt kinh trì kỳ,Đàm thấp,,"Kinh nguyệt sau kỳ, sắc nhợt dính, ngực đầy bụng chướng, buồn nôn, ăn kém, miệng nhạt nhớt",,,Kiện tỳ tiêu đàm,"ý dĩ, Hoài sơn, Bạch truật, Bán hạ, Trần bì, Hương phụ, Chỉ sác, Xương truật, Trích thảo, Đẳng sâm, Bạch linh, Nam tinh"
Nguyệt kinh trì kỳ,Khí uất,,"Kinh ra ít, bụng dưới chướng đau, tinh thần không thoải mái, ngực sườn đầy tức, ợ hơi",,,Hành khí giải uất điều kinh,"Tiêu giao thang gia ích mẫu, đan sâm"
Lao hạch,Đờm khí uất kết,,"Hạch cổ sưng to, di động, không đau hoặc dính kết thành chùm, sắc da bình thường, triệu chứng toàn thân không rõ",,,Thư Can Nhuyễn Kiên Thang gia giảm,"Sài hồ, Bạch thược, Hạ khô thảo, Hương phụ, Cương tằm, Hải tảo, Trần bì, Thạch quyết minh, Mẫu lệ"
Lao hạch,Âm hư hỏa viêm,,"Hình thành áp xe lạnh, sắc da hồng xám, hơi nóng, giữa mềm bập bềnh, kèm sốt chiều, mồ hôi trộm, mệt mỏi, chán ăn",,,"Dưỡng âm thanh nhiệt hoá đàm, nhuyễn kiên","Huyền sâm, Địa cốt bì, Miết giáp, Hạ khô thảo, Mẫu lệ, Xạ can, Ngân hoa, Tri mẫu, Mật gấu"
Lao hạch,Khí huyết hư,,"Mủ ra ri rỉ loãng lợn cợn, miệng lâu lành hoặc lỗ dò, sắc da tím bầm, người gầy, sốt về chiều, đổ mồ hôi trộm",,,Thanh Cốt Tán gia giảm,"Thanh hao, Miết giáp, Mẫu lệ, Ngân Sài hồ, Địa cốt bì, Tri mẫu, Huyền sâm, Bối mẫu"
Lao xương khớp - Cốt lao,Hàn đàm ứ trở,,"Khớp xương đau ê ẩm, vận động hơi bị hạn chế và đau tăng, hơi sưng hoặc không sưng, không nóng không đỏ, không có chứng trạng toàn thân",,,Dương hoà thang,"Thục địa, Ban long, Bạch giới tử, Ma hoàng, Quế chi, Tục đoạn, Ngưu tất, Cam thảo"
Lao xương khớp - Cốt lao,Âm hư hoả vượng,,"Khớp xương sưng đau rõ ràng, sốt hâm hấp về chiều, ra mồ hôi trộm, ăn kém, gầy, khô miệng",,,Cốt lao thang,"Thanh hao, Miết giáp, Sài hồ, Địa cốt bì, Đan bì, Tục đoạn, Ngưu tất, Đào nhân, Hồng hoa"
Lao xương khớp - Cốt lao,Khí huyết đều hư,,"Khớp xương biến dạng, rỉ mủ lao không ngừng, toàn thân gầy yếu, tinh thần mệt mỏi, sắc mặt trắng bệch, sốt, ăn kém, hồi hộp, ra mồ hôi trộm",,,Thập toàn đại bổ,"Đẳng sâm, Bạch truật, Bạch linh, Cam thảo, Xuyên khung, Đương qui, Thục địa, Bạch thược, Kê nội kim, Kỉ tử, Hoài sơn, Hoàng kỳ, Viễn trí, Ngũ vị, Nhục quế, Trần bì"
Tâm luật bất tề,Khí âm lưỡng hư,"đau ngực, đau thắt ngực, tức ngực, đau vùng tim, đau trước tim, vùng tim, ngực, vùng ngực","Người mệt mỏi, tự ra mồ hôi, hồi hộp, đánh trống ngực, ăn kém, đầy bụng, bứt rứt, khó ngủ hoặc ngủ hay mơ không ngon giấc",,,Chích Cam Thảo Thang hợp Cam Mạch Đại Táo Thang gia giảm,"Trích thảo, Nhân sâm, Sinh địa, Mạch môn, Hoàng kỳ, Tiểu mạch, Táo, Sao táo nhân, Bá tử nhân, Long cốt, Mẫu lệ"
Tâm luật bất tề,Âm hư hỏa vượng,"đau ngực, đau thắt ngực, tức ngực, đau vùng tim, đau trước tim, vùng tim, ngực, vùng ngực","Hồi hộp, tâm phiền, khó ngủ, hoa mắt, chóng mặt, ù tai, lưng nhức mỏi",,,Thiên Vương Bổ Tâm Đơn gia giảm,"Đẳng sâm, Huyền sâm, Đan sâm, Sinh địa, Phục thần, Viễn trí, Ngũ vị, Mạch môn, Thiên ma, Qui đầu, Bá tử nhân, Táo nhân, Cát cánh"
Tâm luật bất tề,Tâm tỳ đều hư,"đau ngực, đau thắt ngực, tức ngực, đau vùng tim, đau trước tim, vùng tim, ngực, vùng ngực","Sắc mặt không tươi nhuận, người mệt mỏi, ăn ít, hồi hộp, mất ngủ hay quên, hoa mắt, váng đầu",,,Qui Tỳ Thang gia giảm,"Sinh khương, Bạch truật, Phục thần, Đương qui, Mộc hương, Viễn trí, Táo nhân, Thục địa, Long nhãn, Đẳng sâm, Hoàng kỳ, Cam thảo"
Tâm luật bất tề,Tỳ thận dương hư,"đau ngực, đau thắt ngực, tức ngực, đau vùng tim, đau trước tim, vùng tim, ngực, vùng ngực","Sắc mặt tái nhợt, khô da kém tươi nhuận, hoặc phù toàn thân, mệt mỏi, người da mát sợ lạnh hoặc các khớp đau nhức, lưng gối đau mỏi, ăn kém",,,Phụ Tứ Lý Trung Thang gia giảm,"Phụ tử, Nhục quế, Phục linh, Bạch truật, Bạch thược, Đẳng sâm, Trích thảo"
Liệt dương,Thấp nhiệt,"liệt dương, dương nuy, di tinh, mộng tinh, tảo tiết, hoạt tinh, xuất tinh, dương vật","Khát nước, liệt dương, tiểu tiện đỏ, rêu lưỡi vàng dầy",rêu lưỡi vàng dầy,,Tư âm thanh nhiệt,"Đan bì, Bạch linh, Trạch tả, Tri mẫu, Hoài sơn, Sơn thù, Hoàng bá, Hoắc hương, Sà sàng"
Loãng xương,Tỳ thận dương hư,,"Lưng và thắt đau lưng yếu, mệt mỏi, tinh thần uể oải, không có sức, tay chân lạnh, ăn kém, phân lỏng, xanh xao",,,Hữu Quy Ẩm gia vị,"Thục địa, Kỉ tử, Sơn thù, Hoài sơn, Phụ tử, Đỗ trọng, Cốt toái bổ, Bạch truật, Nhân sâm, Nhục quế, Trích thảo"
Loãng xương,Can thận âm hư,,"Lưng và thắt đau lưng, chân và gối mỏi yếu, ù tai, chóng mặt, mất ngủ, mặt trắng nhạt nhưng về chiều nóng bừng",,,Tả Quy Ẩm gia vị,"Thục địa, Kỉ tử, Tang kí sinh, Hoài sơn, Phục linh, Sơn thù, Cốt toái bổ, Trích thảo"
Loãng xương,Âm dương câu hư,,"Lưng và thắt đau lưng mỏi tê, mệt mỏi, tinh thần uể oải, không có sức, nóng bừng, lạnh nửa người bên dưới, chóng mặt, ù tai, tiểu đêm, giảm tình dục, ăn ít, phân lỏng",,,Bổ Âm Thang,"Thục địa, Sinh địa, Ngưu tất, Cốt toái bổ, Qui đầu, Bạch thược, Tri mẫu, Hoàng bá, Đỗ trọng, Phục linh, Tiểu hồi, Trần bì, Nhân sâm, Trích thảo"
Loãng xương,Khí trệ huyết ứ,,"Toàn cơ thể đau, có khi một số chỗ đau nhiều, da mặt sạm tối, mặt có vết nhăn, có mụn cơm hoặc các tia máu ứ, lưỡi đỏ, môi đỏ, lưỡi có vết ứ máu","lưỡi đỏ, lưỡi có vết ứ máu",,Thân Thống Trục Ứ Thang,"Đào nhân, Hồng hoa, Qui đầu, Ngưu tất, Xuyên khung, Cam thảo, Một dược, Ngũ linh chi, Địa long, Tần giao, Khương hoạt, Hương phụ, Cốt toái bổ, Tục đoạn, Qui bản"
Canh niên kỳ hội chứng,Thận âm hư - Âm hư nội nhiệt,"mãn kinh, tắt kinh, tuyệt kinh, hết kinh, sắp hết kinh, kinh nguyệt, rối loạn kinh, kinh không đều","Kinh nguyệt đến sớm, lượng ít hoặc trễ ra nhiều hoặc tắt kinh đột ngột, đau đầu, chóng mặt, hoa mắt, nóng bừng, ra mồ hôi, khô miệng, táo bón, lưng gối nhức mỏi",,,Tri Bá Địa Hoàng Hoàn gia giảm,"Sinh địa, Thục địa, Sơn thù, Đan bì, Phục linh, Trạch tả, Hoàng bá, Tri mẫu, Địa cốt bì, Long cốt, Sinh Mẫu lệ, Qui bản"
Canh niên kỳ hội chứng,Thận âm hư - Âm hư can vượng,"mãn kinh, tắt kinh, tuyệt kinh, hết kinh, sắp hết kinh, kinh nguyệt, rối loạn kinh, kinh không đều","Kinh nguyệt rối loạn, tính tình bứt rứt nóng nảy, dễ cáu gắt, mắt khô, chóng mặt, đau đầu, đau ngực sườn tức, tay chân run, tê rần hoặc cảm giác kiến bò",,,Kỷ Cúc Địa Hoàng Hoàn gia giảm,"Đan bì, Bạch linh, Trạch tả, Thục địa, Sơn thù, Hoài sơn, Kỉ tử, Cúc hoa, Sinh địa, Sài hồ, Hạ khô thảo, Câu đằng, Bạch thược"
Canh niên kỳ hội chứng,Tâm thận bất giao,"mãn kinh, tắt kinh, tuyệt kinh, hết kinh, sắp hết kinh, kinh nguyệt, rối loạn kinh, kinh không đều","Rối loạn kinh nguyệt, người nóng, ra mồ hôi, hồi hộp, hay quên, mất ngủ, hay mơ, khó tập trung tư tưởng, hay buồn vô cớ",,,Mạch Vị Địa Hoàng Hoàn hợp An Thần Định Chí Hoàn gia giảm,"Sinh địa, Thục địa, Đan bì, Phục linh, Phục thần, Bạch thược, Mạch môn, Ngũ vị, Viễn trí, Xương bồ, Táo nhân, Hoàng liên, Cam thảo, Táo"
Canh niên kỳ hội chứng,Thận dương hư,"mãn kinh, tắt kinh, tuyệt kinh, hết kinh, sắp hết kinh, kinh nguyệt, rối loạn kinh, kinh không đều","Kinh nguyệt ra nhiều hoặc đến sớm, người mập, tay chân lạnh mát, sợ lạnh, mệt mỏi, hoặc phù, tiểu trong",,,Thận Khí Hoàn gia giảm,"Thục địa, Hoài sơn, Sơn thù, Đan bì, Bạch linh, Trạch tả, Phụ tử, Nhục quế"
Canh niên kỳ hội chứng,Huyết ứ đàm trệ,"mãn kinh, tắt kinh, tuyệt kinh, hết kinh, sắp hết kinh, kinh nguyệt, rối loạn kinh, kinh không đều","Phụ nữ sắp hết kinh, người mập, lên cân, tinh thần mệt mỏi, bứt rứt, tay chân nặng nề hoặc tê dại, nặng đầu, đau ngực, hồi hộp, mất ngủ",,,Huyết Phủ Trục Ứ Thang hợp Ôn Đởm Thang gia giảm,"Qui xuyên, Xích thược, Ngưu tất, Đào nhân, Xuyên khung, Cát cánh, Cam thảo, Hồng hoa, Sinh địa, Chỉ sác"
Cao huyết chỉ,Đờm trọc ngăn trở,"cholesterol, mỡ máu, máu nhiễm mỡ, lipid","Cholesterol tăng cao, váng nặng đầu, cơ thể béo phì, ngực đầy bụng trướng, người nặng nề, không muốn hoạt động",,,Ôn Đởm Thang gia giảm,"Trần bì, Bán hạ, Bạch linh, Qua lâu, Chỉ thực, Hải tảo, Hoàng cầm"
Cao huyết chỉ,Tỳ hư thấp khốn,"cholesterol, mỡ máu, máu nhiễm mỡ, lipid","Cholesterol tăng cao, hoạt động mệt, ăn ít, đầy bụng, hụt hơi, sắc mặt không tươi, chân hơi sưng phù, phân lỏng nát",,,Sâm Linh Bạch Truật Tán gia giảm,"Đẳng sâm, Bạch truật, Xa nhân, Bạch linh, Cam thảo, Hoài sơn, Cát cánh, ý dĩ, Trần bì, Thần khúc, Sơn tra"
Cao huyết chỉ,Can uất khí trệ,"cholesterol, mỡ máu, máu nhiễm mỡ, lipid","Cholesterol tăng, hai bên hông sườn trướng đau, nấc, ợ hơi, phiền táo, dễ tức giận, váng đầu đau, miệng đắng, khô họng",,,Sài Hồ Sơ Can Tán gia giảm,"Sài hồ, Bạch thược, Chỉ sác, Trích thảo, Xuyên khung, Sơn tra, Hạ khô thảo, Huyền hồ"
Cao huyết chỉ,Can thận hư tổn,"cholesterol, mỡ máu, máu nhiễm mỡ, lipid","Cholesterol cao, váng đầu hoa mắt, cử động hụt hơi, đau lưng chân yếu, mờ mắt ù tai, mất ngủ hay mơ, trí nhớ giảm",,,Kỷ Cúc Địa Hoàng Hoàn gia giảm,"Đan bì, Cúc hoa, Trạch tả, Thục địa, Sơn thù, Hà thủ ô, Kỉ tử, Nữ trinh tử, Tang kí sinh, Hoàng tinh, Đan sâm"
Cao huyết chỉ,Huyết ứ ngăn trở,"cholesterol, mỡ máu, máu nhiễm mỡ, lipid","Cholesterol cao, đau ngực lan ra sau lưng, phiền muộn, váng đầu đau, đau không di chuyển, tay chân và cơ thể tê dại, lưỡi tím hoặc có vết ứ",lưỡi tím hoặc có vết ứ,,Huyết Phủ Trục Ứ Thang gia giảm,"Qui xuyên, Xích thược, Bồ hoàng, Đào nhân, Xuyên khung, Cát cánh, Cam thảo, Hồng hoa, Sinh địa, Sơn tra, Chỉ sác"
Mất tiếng,Ngoại cảm phong hàn,"mất tiếng, khàn, khản, tắt tiếng, nói không ra, không nói được, nói khó, tiếng nói nặng","Cảm lạnh, người mát, ngạt mũi hoặc chảy mũi nước trong, giọng khàn hoặc nói không ra tiếng",,,Tiểu Kiến Trung Thang gia giảm,"Quế chi, Bạch thược, Trích thảo, Sinh khương, Táo, Đường phèn"
Mất tiếng,Phế nhiệt,"mất tiếng, khàn, khản, tắt tiếng, nói không ra, không nói được, nói khó, tiếng nói nặng","Giọng khàn hoặc nói không ra tiếng, miệng khát, đau họng, rêu lưỡi vàng mỏng",rêu lưỡi vàng mỏng,,Cát Cánh Thang gia giảm,"Cát cánh, Cam thảo, Ngưu bàng tử, Thuyền thoái, Bạc hà, Hoàng cầm, Liên kiều, Huyền sâm"
Mất tiếng,Đờm nhiệt,"mất tiếng, khàn, khản, tắt tiếng, nói không ra, không nói được, nói khó, tiếng nói nặng","Nói khó, tiếng nặng, đờm nhiều vàng, miệng đắng, khô họng, rêu lưỡi vàng nhớt",rêu lưỡi vàng nhớt,,Thanh Yết Ninh Phế Thang gia giảm,"Hạnh nhân, Cát cánh, Tiền hồ, Tang bì, Tri mẫu, Hoàng cầm, Chi tử, Ngưu bàng, Thuyền thoái, Bối mẫu, Cam thảo, Qua lâu"
Mất tiếng,Đờm trệ,"mất tiếng, khàn, khản, tắt tiếng, nói không ra, không nói được, nói khó, tiếng nói nặng","Tiếng nói nặng, nghe không rõ, ngực đầy, ho ra nhiều đờm, cơ thể mập, người mệt mỏi, tay chân không có sức",,,Thanh Yết Ninh Phế Thang,"Cam thảo, Tang bì, Tri mẫu, Hoàng cầm, Chi tử, Tiền hồ, Bối mẫu, Cát cánh"
Mất tiếng,Phế âm hư,"mất tiếng, khàn, khản, tắt tiếng, nói không ra, không nói được, nói khó, tiếng nói nặng","Nói giọng khàn, khô miệng, đau họng, ho khan không có đờm, chất lưỡi đỏ khô",chất lưỡi đỏ khô,,Thanh Táo Cứu Phế Thang gia giảm,"Tang diệp, Hồ Ma nhân, Mạch môn, Thạch cao, A giao, Tỳ bà diệp, Hạnh nhân, Nhân sâm, Cam thảo"
Mất tiếng,Thận âm hư,"mất tiếng, khàn, khản, tắt tiếng, nói không ra, không nói được, nói khó, tiếng nói nặng","khô họng giọng khàn, nói không ra tiếng, bứt rứt khó ngủ, lưng gối nhức mỏi, lòng bàn tay chân nóng, có thể kèm ù tai, hoa mắt",,,Mạch Vị Địa Hoàng Hoàn,"Sinh địa, Đan bì, Trạch tả, Mạch môn, Ngũ vị, Phục linh, Hoài sơn, Sơn thù"
Mất tiếng,Uất nộ khí nghịch,"mất tiếng, khàn, khản, tắt tiếng, nói không ra, không nói được, nói khó, tiếng nói nặng","Bình thường vốn uất ức hoặc thường giận dữ, khí uất không giải, đột nhiên mất tiếng, ngực và hông sườn đầy trướng hoặc vú căng",,,Tiểu Giáng Khí Thang,"Tô tử, Ô dược, Trần bì, Bạch thược, Sinh khương, Táo, Cam thảo"
Ung nhọt,Giai đoạn đầu,"ngứa, mẩn, ban, mụn, ghẻ, da, phát ban, mề đay","Mụn mới phát, sưng đau, nóng đỏ, táo bón, tiểu vàng, có thể kèm sốt",,,"Thanh nhiệt giải độc, hoạt huyết tiêu viêm","Thổ phục linh, Ké, Bồ công anh, Kinh giới, Ngân hoa, Liên kiều, Xích thược, Cát cánh, Cúc hoa"
Ung nhọt,Giai đoạn hóa mủ,"ngứa, mẩn, ban, mụn, ghẻ, da, phát ban, mề đay","Mụn từ màu đỏ, rắn sưng nóng đỏ đau, dần dần đầu mụn mềm",,,Thác độc bài nùng,"Ngân hoa, Liên kiều, Trần bì, Bối mẫu, Đẳng sâm, Tạo giác thích, Bồ công anh, Cam thảo, Ké, Qui xuyên, Xuyên sơn giáp"
Ung nhọt,Giai đoạn vỡ mủ,"ngứa, mẩn, ban, mụn, ghẻ, da, phát ban, mề đay","Mụn đã rất mềm, có thể chọc nặn mủ hoặc đã vỡ mủ, vết thương chậm lành",,,Bổ trung ích khí,"Đẳng sâm, Hoàng kỳ, Chích thảo, Thăng ma, Qui đầu, Sài hồ, Bạch truật, Trần Bì"
Ung nhọt,Huyết nhiệt,"ngứa, mẩn, ban, mụn, ghẻ, da, phát ban, mề đay","Mụn nhọt tái phát nhiều lần, táo bón, tiểu vàng, lưỡi đỏ",lưỡi đỏ,,Tứ vật thanh nhiệt thang,"Sinh địa, Xuyên khung, Xích thược, Qui đầu, Đan bì, Huyền sâm, Thổ phục linh, Ngân hoa, Liên kiều"
Sắc manh,Hỏa uất kết,"mù, lòa, quáng gà, mù màu, mù lòa, mất thị lực, giảm thị lực, thị lực giảm","Mắt kém nhận biết màu sắc, do hỏa uất kết",,,Khoan Hung Lợi Cách Hoàn,"Bạch thược, Binh lang, Cam thảo, Cát cánh, Chỉ sác, Đại hoàng chế, La bặc tử, Mạch nha, Mao Xương truật, Quảng hoắc hương, Quảng Mộc hương, Sa nhân, Sơn tra, Thảo quả, Thần khúc, Trần bì, Xuyên bối, Hậu phác"
Sắc manh,Tỳ hư Can uất,"mù, lòa, quáng gà, mù màu, mù lòa, mất thị lực, giảm thị lực, thị lực giảm","Không phân biệt được một vài màu, do Tỳ hư, Can uất",,,Kiện Tỳ Thoái Ế Hoàn phối hợp Thanh Can Thoái Ế Hoạt Huyết Hoàn,"Bạch Tật lê, Bạch truật, Binh lang, Cam thảo, Chỉ thực, Cúc hoa, Đại hoàng chế, Hồng hoa, Kê nội kim, Long y, Mộc tặc, Nga truật, Sinh địa sao, Sử quân tử, Tam lăng, Thuyền thoái, Xương truật, Viễn trí, Bạc hà, Bạch chỉ, Bạch thược, Binh lang, Cam thảo, Cát cánh, Chi tử, Chỉ sác, Cốc tinh thảo, Cúc hoa, Dĩ nhân, Đại hoàng chế, Đào nhân, Đăng tâm, Đan bì, Đởm tinh, Đương qui, Thạch cao, Hoàng bá, Hoàng cầm sao rượu, Hoắc hương, Hồng hoa, Huyền sâm, Hương phụ, Khương Hoàng liên, Khương hoạt, Liên kiều, Long đởm thảo, Long y, Mạch nha, Mạch môn, Mạn kinh tử, Mao Xương truật, Mật môn hoa, Một dược, Nga truật sao đất, Ngân hoa, Nhũ hương, Ô dược, Phòng phong, Quảng Mộc hương, Sài hồ, Sinh địa, Sơn tra, Tam lăng, Tang bì, Tật lê, Tê giác, Tế tân, Thanh bì, Thanh tương tử, Thảo quyết minh, Thần khúc, Thỏ ti tử, Thuyền thoái, Trần bì, Tri mẫu, Trúc diệp, Vân linh, Viễn trí nhục, Sa tiền, Xích thược, Bối mẫu, Hậu phác, Xuyên khung, Dưỡng Can Tán"
Ách nghịch,Vị hàn,"nấc, ách nghịch","Tiếng nấc trầm và thưa, dạ dày không yên, ưa nóng, ăn ít, đầy bụng, miệng nhạt không khát, rêu trắng nhuận",rêu trắng nhuận,,Ôn vị giáng nghịch,"Đẳng sâm, Đinh hương, Thị đế, Sinh khương, Giềng, Trích thảo"
Ách nghịch,Vị nhiệt,"nấc, ách nghịch","Tiếng nấc trong, nấc mạnh, nấc dồn, hôi miệng, buồn bực, khát nước, táo bón, mặt đỏ, rêu vàng",rêu vàng,,Thông phủ tiết nhiệt - Tiểu thừa khí thang,"Đại hoàng, Hậu phác, Chỉ thực, Trúc nhự, Sinh khương, Trần bì, Hoàng cầm"
Ách nghịch,Tỳ thận dương hư,"nấc, ách nghịch","Tiếng nấc nông và yếu, đoản khí, sắc mặt nhợt, tay chân mát, ăn ít, mệt mỏi, lưỡi nhạt",lưỡi nhạt,,Ôn thận nạp khí,"Đẳng sâm, Bạch truật, Can khương, Cam thảo, Phụ tử, Đinh hương, Phá cố chỉ, Ngũ vị"
Ách nghịch,Vị âm hư,"nấc, ách nghịch","Tiếng nấc nhanh mà không liên tục, khô miệng, họng ráo, phiền khát buồn bực, lưỡi đỏ khô",lưỡi đỏ khô,,Dưỡng vị thang,"Ngọc trúc, Tang diệp, Bạch biển đậu, Sa sâm, Cam thảo, Thạch hộc, Thị đế, Mạch môn"
Thanh quang,Âm hư dương cang,,"Đau nửa đầu, nhức mắt, mắt căng, võng mạc viêm tắc, nhãn áp tăng, thị lực giảm mạnh, miệng khô họng ráo, lưỡi đỏ ít rêu, người gầy, mạch sác",lưỡi đỏ ít rêu,mạch sác,Dục âm tiềm dương thông mạch thang,"Sinh địa, Trân châu, Hoài sơn, Mạch môn, Tri mẫu Tẩm muối, Hoàng bá tẩm muối, Long cốt, Ngưu tất, Đan sâm, Xích thược, Thuyền thoái, Mộc tặc, Kỉ tử, Bạch thược, Sa sâm"
Thanh quang,Can uất,,"Đau nửa đầu, nhức mắt, giảm thị lực, tăng nhãn áp, tinh thần uất ức không vui, mạch huyền hoặc huyền sác",,mạch huyền hoặc huyền sác,Tiêu dao tán hợp Tả can giải uất thang,"Cát cánh, sung úy tử, Sa tiền, Đình lịch tử, Phòng phong, Hoàng cầm, Hương phụ, Hạ khô thảo, Lô căn, Cam thảo, bột Tiêu dao tán"
Tâm nhồi máu,Khí hư huyết ứ,"đau ngực, đau thắt ngực, tức ngực, đau vùng tim, đau trước tim, vùng tim, ngực, vùng ngực","Thỉnh thoảng đau thắt ngực, nặng tức trước ngực tăng khi hoạt động, mệt mỏi, hơi thở ngắn, ra mồ hôi, hồi hộp, lưỡi bệu có dấu răng, điểm hoặc ban ứ huyết hoặc lưỡi xám nhạt","lưỡi bệu có dấu răng, điểm hoặc ban ứ huyết hoặc lưỡi xám nhạt",,Bổ Dương Hoàn Ngũ Thang gia giảm,"Sinh Hoàng kỳ, Qui đầu, Bạch thược, Xích thược, Đẳng sâm, Xuyên khung, Đan sâm, Uất kim"
Tâm nhồi máu,Khí âm lưỡng hư,"đau ngực, đau thắt ngực, tức ngực, đau vùng tim, đau trước tim, vùng tim, ngực, vùng ngực","Đau thắt ngực thỉnh thoảng tái phát, mệt mỏi, thiếu hơi, bứt rứt, khô miệng, khô họng, táo bón, hơi sốt, mồ hôi trộm, lưỡi thon đỏ, mạch tế sác",lưỡi thon đỏ,mạch tế sác,Sinh Mạch Tán gia vị,"Nhân sâm, Mạch môn, Ngũ vị, Sinh Hoàng kỳ, Huyền sâm, Sinh địa, Ngọc trúc, Bạch thược, Xích thược, Đan sâm, Qua lâu, Trích thảo, Đào nhân"
Tâm nhồi máu,Âm hư dương thịnh,"đau ngực, đau thắt ngực, tức ngực, đau vùng tim, đau trước tim, vùng tim, ngực, vùng ngực","Váng đầu, hoa mắt, mặt đỏ, bứt rứt, dễ tức giận, lòng bàn tay chân nóng, táo bón, huyết áp thường cao, lưỡi đỏ, rêu vàng khô","lưỡi đỏ, rêu vàng khô",,Thiên Ma Câu Đằng Ẩm gia giảm,"Thiên ma, Câu đằng, Thạch quyết minh, Chi tử, Cúc hoa, Sinh địa, Huyền sâm, Mạch môn, Hạ khô thảo, Bạch thược, Ngưu tất, Đại giả thạch, Trân châu mẫu, Đan sâm"
Tâm nhồi máu,Đàm ứ uất kết,"đau ngực, đau thắt ngực, tức ngực, đau vùng tim, đau trước tim, vùng tim, ngực, vùng ngực","Đau ngực, mặt đỏ, bứt rứt, suyễn tức khó thở, nhiều đờm, đầy bụng, táo bón, lưỡi tím thâm, rêu vàng nhớt","lưỡi tím thâm, rêu vàng nhớt",,Nhị Trần Tiêu Dao Tán gia giảm,"Trần bì, Bạch linh, Bán hạ, Trích thảo, Qui đầu, Bạch thược, Bạch truật, Xích thược, Đan sâm, Đan bì, Trạch tả, Qua lâu, Bối mẫu, Đẳng sâm, Đại hoàng, Chỉ thực, Sài hồ"
Tâm nhồi máu,Khí trệ huyết ứ,"đau ngực, đau thắt ngực, tức ngực, đau vùng tim, đau trước tim, vùng tim, ngực, vùng ngực","Ngực sườn đầy tức, đau cố định, cảm giác nghẹt thở, bứt rứt, dễ cáu gắt, lưỡi thâm, có điểm hoặc vết ban xuất huyết",lưỡi thâm,,Huyết Phủ Trục Ứ Thang gia giảm,"Đan sâm, Qui đầu, Bạch thược, Hương phụ, Uất kim, Xuyên khung, Hồng hoa, Đào nhân, Qua lâu, Tam thất, Sài hồ, Chỉ thực"
Tâm nhồi máu,Thận dương hư,"đau ngực, đau thắt ngực, tức ngực, đau vùng tim, đau trước tim, vùng tim, ngực, vùng ngực","Nhồi máu cơ tim ở người có biểu hiện Thận dương hư, thường kèm sợ lạnh, tay chân lạnh, đau lưng mỏi gối",,,Bát Vị Thận Khí Hoàn,"Thục địa, Hoài sơn, Đan bì, Bạch linh, Trạch tả, Sơn thù, Nhục quế, Phụ tử"
Hầu ngứa,Đàm nhiệt,,"Trong họng ngứa, ho từng cơn dữ dội, có khi nôn mửa, đờm dính, khí xông lên suyễn thở",,,Hầu dương kính khái phương,"Ma hoàng, Bán hạ, Thiên trúc hoàng, Sinh khương, Trích thảo, Thạch cao, Bách bộ, Táo"
Hầu ngứa,Uất nhiệt,,"Yết hầu đau và ngứa, tái phát nhiều lần, khi ngứa thì ho, ít đờm khó khạc",,,Cố thị lợi yết tuyên phế thang,"Tang diệp, Ngưu bàng, Ngân hoa, Đại bối, Cát cánh, Bạc hà, Hạnh nhân, Bản lam căn, Tử uyển, Cam thảo"
Hầu ngứa,Phong hàn,,"Họng ngứa, ho lâu, ho khan",,,Giang thị gia vị kim phi thảo tán,"Kim phí thảo, Bạch thược, Kinh giới tuệ, Bán hạ, Tang bì, Sinh khương, Cam thảo, Ma hoàng, Tiền hồ, Ô dược, Cát cánh"
Nhức đầu,Can dương thượng cang,,"Đau từng cơn nhấm nhói, đau căng đầu, đau đầu vào lúc sáng sớm hoặc suốt cả buổi sáng, lúc ngủ dậy, lúc phát lúc ngừng, nặng đầu chân nhẹ, hoa mắt, sợ sáng, nhìn không tỏ, chóng mặt, đau nhiều vùng thái dương, gặp khi cáu giận đột ngột thì bệnh tăng, ngủ không yên, phiền táo, dễ cáu giận, sườn trướng đau, mỏi từ vai, ù tai, mắt đỏ khô miệng",,,Bình can tiềm dương,"Thiên ma, Câu đằng, Thạch quyết minh, Chi tử, Hoàng cầm, Ngưu tất, Ích mẫu, Tang kí sinh, Dạ giao đằng, Bạch linh, Cúc hoa, Kỉ tử, Hạ khô thảo, Mật gấu"
Nhức đầu,Uất đờm,,"Đầu luôn căng, mặt mày sây sẩy, tức ngực đầy bụng, nôn mửa ra đờm dãi, rêu lưỡi trắng nhờn hoặc vàng, mạch huyền hoạt",rêu lưỡi trắng nhờn hoặc vàng,mạch huyền hoạt,Kiện tỳ tiêu đờm,"Bán hạ, Bạch truật, Trần bì, Hậu phác, Thiên ma, Sinh khương, Mạn kinh tử, Cam thảo, Táo, Bạch linh, Tật lê, Bạch chỉ, Mộc hương, Xuyên khung, Mật gấu"
Ngứa âm hộ,Thận hư,"âm hộ, âm đạo, vùng kín","Âm đạo ngứa, đêm ngứa nhiều, bệnh lâu khỏi, khô da hoặc thô, tinh thần mệt mỏi, sắc mặt rầu rĩ, váng đầu, ù tai, đau lưng, mỏi gối, lưỡi nhạt, rêu mỏng, mạch yếu","lưỡi nhạt, rêu mỏng",mạch yếu,Bổ thận chỉ dưỡng phương,"Đẳng sâm, Đương qui, Sinh địa, Thục địa, Bạch thược, Hoài sơn, Phục linh, Cam thảo, Ô mai, Xuyên khung, Phòng phong"
Ngứa âm hộ,Thấp nhiệt ,"âm hộ, âm đạo, vùng kín","Âm đạo ngứa đau, ban đêm càng đau, khí hư màu vàng, tính nóng nảy, hay cáu giận, tiểu đỏ, táo bón, miệng lưỡi nhiệt đau, rêu vàng","miệng lưỡi nhiệt đau, rêu vàng",,Long đởm tả can thang ,"Long đởm thảo, Xa tiền, Chi tử, Hoàng cầm, Sài hồ, Đương qui, Sinh địa, Trạch tả, Mộc thông, Cam thảo"
Ngứa âm hộ,Âm hư huyết táo,"âm hộ, âm đạo, vùng kín","Âm hộ khô sít, ngứa, đới hạ ra nhiều, da vùng âm hộ biến trắng, sưng hoặc teo, lở loét, ngũ tâm phiền nhiệt, váng đầu, hoa mắt",,,Bổ âm chỉ dưỡng phương ,"Bạch thược, Hoàng cầm, Xà sàng tử, Hương phụ, Đan sâm, Trạch tả, Trích thảo, Bạch chỉ, Long đởm thảo, Phòng phong, Xa tiền tử, Kinh giới"
Nôn mửa,Vị nhiệt,"nôn, buồn nôn, ói, ẩu thổ","Hơi trong miệng nồng nặc, đau vùng vị, khát nước ưa uống lạnh, táo bón",,,Thanh nhiệt chỉ ẩu,"Bạch linh, Bạch truật, Bạch thược, Qui đầu, Đan bì, Hoàng liên, Nhân sâm, Đại hoàng, Cam thảo, Mang tiêu"
Nôn mửa,Can khí phạm vị,"nôn, buồn nôn, ói, ẩu thổ","Nôn mửa nước chua, đau sườn, miệng đắng, ợ hơi",,,Bình can bổ thổ,"Bạch linh, Bạch thược, Qui đầu, Bạch truật, Sài hồ, Trần bì, Trích thảo, Chi tử, Nhân sâm, Truật nam, Hoàng liên, Ngô thù"
Nôn mửa,Vị hư hàn,"nôn, buồn nôn, ói, ẩu thổ","Nôn mửa ra chất trong loãng, vị quản đau ưa ấm, sau khi ăn một lúc mới nôn, nôn ra thức ăn và đờm, ít mùi",,,Ôn trung tán hàn chỉ thổ,"Sa sâm, Bạch truật, Bạch linh, Cam thảo, Trần bì, Bán hạ, Sinh khương, Phụ tử, Đinh hương"
Nôn mửa,Âm hư,"nôn, buồn nôn, ói, ẩu thổ","Nôn mửa thất thường, khô miệng đắng nhưng không muốn ăn, lưỡi đỏ, rêu bong tróc khô, mạch Tế Sác","lưỡi đỏ, rêu bong tróc khô",mạch Tế Sác,Tư âm nhuận táo,"Thục địa, Bạch linh, Sơn thù, Ngũ vị, Nhục quế"
Nôn mửa,Thương thực,"nôn, buồn nôn, ói, ẩu thổ","Nôn ra chất chua và chất đục của thức ăn, đau bụng tức, ợ chua, không thích ấn vào, biếng ăn, ợ hơi, nôn ra thì dễ chịu, đại tiện lỏng hoặc bón",,,Tiêu thực chỉ ẩu (Bảo hòa hoàn gia giảm),"Bạch linh, Thần khúc, Liên kiều, Chỉ thực, La bạc tử, Sơn tra, Bán hạ, Hậu phác"
Nôn mửa,Đàm ẩm,"nôn, buồn nôn, ói, ẩu thổ","Nôn ra đàm rãi, chóng mặt, hồi hộp, mạch hoạt",,mạch hoạt,Hóa đàm chỉ ẩu,"Trần bì, Bán hạ, Bạch linh, Cam thảo, Chỉ thực, Trúc nhự, Sinh khương"
Parkinson,"Can âm suy, hư phong nội động",,"Gân cơ cứng, tay chân hoặc hàm dưới run, đau, tê, nhất là khi nghỉ ngơi, đi đứng khó khăn, mờ mắt, mắt dại, quầng đen dưới mắt, khó nuốt, táo bón, lưỡi đỏ",lưỡi đỏ,,Nhất Quán Tiễn hợp Linh Giác Câu Đằng Thang gia giảm,"Tang kí sinh, Mẫu lệ, Thục địa, Sinh địa, Bạch thược, Thạch quyết minh, Sơn thù, Cương tằm, Thiên ma, Ngưu tất, Qui đầu, Cam thảo"
Parkinson,"Khí huyết đều hư, kinh mạch ứ trệ",,"Da mặt xanh xạm, mệt mỏi, tinh thần uể oải, không có sức, sợ lạnh, ngại nói, đầu chi co giật cứng, tay chân tê, gáy cứng, đi lại khó khăn, phân lỏng, dễ phù",,,"Quy Tỳ Thang, Bổ Dương Hoàn Ngũ Thang, Thiên Ma Câu Đằng Ẩm","Đan sâm, Phục linh, Hoàng kỳ, Thục địa, Bạch thược, Ngũ vị, Câu đằng, Nhân sâm, Bạch truật, Thiên ma, Xuyên khung, Địa long, Toàn yết"
Parkinson,"Tỳ hư thấp trệ, đờm hoả quấy động phong",,"nặng đầu, sợ lạnh, tay chân lạnh, lòng bàn tay chân và ngực nóng, thức ăn không tiêu, phân lỏng, tay chân khó cử động, run, đầu lưỡi đỏ, lưỡi bệu","đầu lưỡi đỏ, lưỡi bệu",,Thiên Ma Câu Đằng Ẩm gia giảm,"Tang kí sinh, Thạch quyết minh, Bán hạ, Nam tinh, Chỉ thực, Trần bì, Thiên ma, Câu đằng, Ngưu tất, Hoàng cầm, Cương tằm, Trúc lịch, Cam thảo"
Parkinson,Đờm thấp ngăn trở kinh mạch ,,"Các khớp cứng, run, đi lại khó, đi chậm, hai tay cứng, nói khó, không viết được, đau đầu, mất ngủ, khó nuốt, ngực đầy, hông sườn đầy",,,Bán Hạ Hậu Phác Thang gia giảm,"Bán hạ, Hậu phác, Phục linh, Sài hồ, Bạch thược, Chỉ xác, Xuyên khung, Bạch truật, Cương tằm, Đởm nam tinh, Thuyền thoái, Cam thảo"
Mạn tính tắc nghẽn phế bệnh,Phế khí hư,,"Phổi tắc nghẽn mãn tính, phổi mất tính đàn hồi, ho, đoản khí, tự hãn, sợ gió",,,Bổ phế khí hóa đàm,"Hoàng kỳ, Phục linh, Lá nhót, Khoản đông hoa, Tử uyển, Đương qui, Xuyên khung, Tang bạch bì, Trần bì, Thanh bì, Bối mẫu, Thiên môn, Mạch môn, Cát cánh, Ngũ vị, Nhân sâm, Bán hạ"
Mạn tính tắc nghẽn phế bệnh,Thận âm hư,,"Phổi tắc nghẽn mãn tính, phổi mất tính đàn hồi, ho, ra mồ hôi trộm, ngũ tâm phiền nhiệt",,,Lục vị hoàn gia giảm,"Thục địa, Hoài sơn, Sơn thù, Đan bì, Bạch linh, Trạch tả, Nhân sâm, Ngũ vị, Ngưu tất"
Mạn tính tắc nghẽn phế bệnh,Thận khí hư,,"Phổi tắc nghẽn mãn tính, phổi mất tính đàn hồi, ho, sắc mặt nhạt, đau lưng, mỏi gối, tự hãn",,,Bổ thận nạp khí,"Nhân sâm, Tắc kè"
Mạn tính tắc nghẽn phế bệnh,Ứ trệ,,"Phổi tắc nghẽn mãn tính, phổi mất tính đàn hồi, đau ngực thở dốc",,,Hoạt huyết hóa ứ thông lạc,"Sinh địa, Hồng hoa, Đào nhân, Xích thược, Đương qui, Sài hồ, Chỉ sác, Cát cánh, Xuyên khung, Ngưu tất, Huyết kiệt, Cam thảo"
Mạn tính tắc nghẽn phế bệnh,Kinh nghiệm dân gian,,"Phổi tắc nghẽn mãn tính, phổi mất tính đàn hồi, ho, khó thở",,,"Bạch cương tàm, Lá trà","Bạch cương tàm, Lá trà, Mật ong"
Tý chứng,Phong tý,,"Đau di chuyển các khớp, đau nhiều khớp, sợ gió, rêu lưỡi trắng, mạch phù",rêu lưỡi trắng,mạch phù,"Khu phong tán hàn trừ thấp, hoạt huyết hành khí","Phòng phong, Khương hoạt, Tần giao, Quế chi, Bạch linh, Bạch thược, Đương qui, Cam thảo, Ma hoàng, Thổ phục, Thương nhĩ tử, Hi thiêm, Uy linh tiên, ý dĩ, Bạch chỉ, Tỳ giải"
Tý chứng,Hàn tý,,"Đau dữ dội ở một khớp, trời lạnh đau tăng, chườm nóng đỡ, tay chân lạnh, sợ lạnh, rêu lưỡi trắng",rêu lưỡi trắng,,"Tán hàn khu phong trừ thấp, hành khí hoạt huyết","Quế chi, Can khương, Phụ tử, TN kiện, Uy linh tiên, ý dĩ, Xương truật, Xuyên khung, Ngưu tất, Thương nhĩ tử, Ma hoàng, Bạch thược, Hoàng kì, Bạch linh"
Tý chứng,Thấp tý,,"Các khớp nhức mỏi, đau một chỗ, tê bì, đau các cơ, vận động khó, miệng nhạt, rêu lưỡi trắng dính",rêu lưỡi trắng dính,,"Trừ thấp tán hàn khu phong, hành khí hoạt huyết","ý dĩ, Xương truật, Ma hoàng, Quế chi, Khương hoạt, Độc hoạt, Phòng phong, Ô dược, Hoàng kỳ, Cam thảo, Đẳng sâm, Xuyên khung, Ngưu tất, Bạch chỉ, Đan sâm, Ngũ gia bì"
Phong chẩn,Tà xâm nhập phế vị,"mề đay, mày đay, mẩn, ngứa, sẩn, ban đỏ, nổi ban, phát ban","Sốt, sợ lạnh, ho, sổ mũi. 1-2 ngày sau da nổi ban đỏ từ đầu mặt xuống thân, sau tai có hạch to, ban mọc ngứa, lưỡi hơi đỏ, rêu trắng, mạch Phù Sác","lưỡi hơi đỏ, rêu trắng",mạch Phù Sác,Ngũ Vị Tiêu Độc Ẩm gia giảm,"Kinh giới, Thuyền thoái, Thăng ma, Xích thược, Phòng phong, Ngưu bàng, Liên kiều, Cam thảo, Vỏ đậu xanh, Đại thanh diệp"
Phong chẩn,Nhiệt thịnh,"mề đay, mày đay, mẩn, ngứa, sẩn, ban đỏ, nổi ban, phát ban","Sốt cao, khát, phiền táo, tiểu ít đỏ, táo bón, ban đỏ tươi hoặc tía tối, ngứa, ăn vào trướng bụng, lưỡi đỏ, rêu vàng bệu, mạch Sác","lưỡi đỏ, rêu vàng bệu",mạch Sác,Thấu Chẩn Lương Giải Thang gia giảm,"Kinh giới, Bạc hà, Thuyền thoái, Tang diệp, Cúc hoa, Liên kiều, Ngưu bàng, Địa đinh, Ngân hoa, Xích thược"
Viêm sai,Ôn độc phạm biểu,,"Không sốt hoặc sốt nhẹ, sưng đau một bên hoặc hai bên mang tai, vùng má dưới đau tai và sưng dần, rêu lưỡi trắng mỏng, mạch Phù",rêu lưỡi trắng mỏng,mạch Phù,Sơ phong thanh nhiệt tán kết,"Sài hồ, Hoàng cầm, Bản lam căn, Long đởm thảo, Xích thược, Uất kim, Nguyên hồ"
Viêm sai,Nhiệt độc uẩn kết,,"Má sưng to, cứng, ấn đau, khó há miệng, khó nuốt, sốt, đau đầu, khát, tiểu vàng, lưỡi đỏ, rêu vàng, mạch Phù Sác hoặc Hoạt Sác","lưỡi đỏ, rêu vàng",mạch Phù Sác hoặc Hoạt Sác,Sơ phong thanh nhiệt tán kết,"Sài hồ, Ngưu bàng, Cương tàm, Thăng ma, Cát cánh, Thuyền thoái, Cát căn, Thiên hoa, Thạch cao, Cam thảo"
Quỷ thai,Khí huyết hư suy,"có thai, mang thai, thai nghén, thai động, que thử thai, chửa, ốm nghén, thai lưu","Có thai, âm đạo ra huyết lượng nhiều màu nhạt lợn cợn, bụng to khác thường, có khi đau, không thấy thai động, không nghe tim thai, uể oải, không sức, váng đầu, hoa mắt, sợ sệt, mất ngủ, da mặt xanh trắng, lưỡi nhạt, mạch Tế Nhược",lưỡi nhạt,mạch Tế Nhược,"Ích khí dưỡng huyết hoạt huyết hạ thai - Cứu Mẫu Đơn gia Chỉ xác, Ngưu tất","Nhân sâm, Đương quy, Xuyên khung, Ích mẫu, Kinh giới sao, Chỉ xác, Ngưu tất"
Quỷ thai,Khí trệ huyết ứ,"có thai, mang thai, thai nghén, thai động, que thử thai, chửa, ốm nghén, thai lưu","Có thai, âm đạo ra huyết lượng ít không dứt hoặc ra nhiều màu tím tối hoặc có cục, bụng to khác thường, có khi đau ấn vào đau hơn, không thấy thai động, không nghe tim thai, ngực và hông sườn trướng đau, phiền táo, dễ tức giận, lưỡi tím tối hoặc có nốt ứ huyết",lưỡi tím tối hoặc có nốt ứ huyết,,Lý khí hoạt huyết khứ ứ hạ thai - Lạc Hồn Thang,"Nhân sâm, Đại hoàng, Qui đầu, Ngưu tất, Lôi hoàn, Hồng hoa, Đan bì, Chỉ sác, Hậu phác, Đào nhân"
Quỷ thai,Hàn thấp uất kết,"có thai, mang thai, thai nghén, thai động, que thử thai, chửa, ốm nghén, thai lưu","Có thai, âm đạo ra huyết lượng ít màu đỏ tối có cục, bụng to khác thường, bụng dưới lạnh đau, không thấy thai động, không nghe tim thai, sợ lạnh, tay chân lạnh, lưỡi trắng bệu, mạch Trầm Khẩn",lưỡi trắng bệu,mạch Trầm Khẩn,Tán hàn trừ thấp trục thủy hạ thai - Nguyên Hoa Tán,"Nguyên hoa, Ngô thù, Tần cửu, Cương tằm, Sài hồ, Xuyên ô, Ba kích"
Quỷ thai,Đờm trọc ngưng trệ,"có thai, mang thai, thai nghén, thai động, que thử thai, chửa, ốm nghén, thai lưu","Có thai, âm đạo ra huyết lượng ít màu tối, bụng to khác thường, không thấy thai động, không nghe tim thai, cơ thể mập mạp, ngực sườn đầy trướng, nôn ra đờm nhiều, lưỡi nhạt, rêu lưỡi bệu, mạch Hoạt","lưỡi nhạt, rêu lưỡi bệu",mạch Hoạt,"Hoá đàm trừ thấp hành khí hạ thai - Bình Vị Tán gia Mang tiêu, Chỉ xác","Xương truật, Cam thảo, Hậu phác, Trần bì, Mang tiêu, Chỉ sác"
Dạ manh,Can huyết hư,"mù, lòa, quáng gà, mù màu, mù lòa, mất thị lực, giảm thị lực, thị lực giảm",Mắt có màng nổi như đá,,,Bổ Can Hoàn II,"Xuyên khung, Long đởm thảo, Quy thân, Khương hoạt, Liên kiều, Dạ minh sa, Thục địa, Thuyền thoái, Xương truật, Sa tiền, Cúc hoa"
Dạ manh,Thận dương hư,"mù, lòa, quáng gà, mù màu, mù lòa, mất thị lực, giảm thị lực, thị lực giảm","Sắc manh, mù màu, dị thường sắc giác",,,Dạ Minh Bát Vị Thang,"Thục địa, Vân linh, Xương truật, Đan bì, Hoài sơn, Sơn thù, Trạch tả, Nhục quế, Phụ tử, Dạ minh sa"
Dạ manh,Can huyết hư,"mù, lòa, quáng gà, mù màu, mù lòa, mất thị lực, giảm thị lực, thị lực giảm",Quáng gà sinh ra nội chướng,,,Dương Can Hoàn,"Dạ minh sa, Qui đầu, Mộc tặc, Thuyền thoái"
Dạ manh,Thận âm hư,"mù, lòa, quáng gà, mù màu, mù lòa, mất thị lực, giảm thị lực, thị lực giảm","Sắc manh, mù màu, dị thường sắc giác",,,Ích Thận Cốc Tinh Thang,"Thục địa, Sơn thù, Cốt tinh thảo, Phục linh, Đan bì, Trạch tả, Hoài sơn"
Dạ manh,Tỳ vị khí hư,"mù, lòa, quáng gà, mù màu, mù lòa, mất thị lực, giảm thị lực, thị lực giảm",Sắc manh,,,Kiện Tỳ Thăng Dương Ích Khí Thang,"Đẳng sâm, Bạch truật, Hoàng kỳ, Hoài sơn, Qui đầu, Phục linh, Thạch hộc, Xương truật, Dạ minh sa, Vọng nguyệt, Trần bì, Thăng ma, Sài hồ, Cam thảo"
Dạ manh,Can huyết hư,"mù, lòa, quáng gà, mù màu, mù lòa, mất thị lực, giảm thị lực, thị lực giảm",Quáng gà,,,Trư Can Tán,"Cốc tinh thảo, Dạ minh sa"
Dạ manh,Can huyết hư,"mù, lòa, quáng gà, mù màu, mù lòa, mất thị lực, giảm thị lực, thị lực giảm",Quáng gà,,,Lá Bìm bìm hoặc Lá Dâu non,"Lá Bìm bìm, Lá Dâu non, Gan gà hoặc gan heo"
Dạ manh,Cam tích,"mù, lòa, quáng gà, mù màu, mù lòa, mất thị lực, giảm thị lực, thị lực giảm",Trẻ nhỏ do cam tích gây quáng gà,,,"Ngũ Cam Hoàn, Ngũ Sắc Kê Can Tán","Dạ minh sa, Thạch quyết minh, Gan dê hoặc gan heo"
Dạ manh,Thiếu vitamin A,"mù, lòa, quáng gà, mù màu, mù lòa, mất thị lực, giảm thị lực, thị lực giảm",Quáng gà do thiếu vitamin A,,,Thịt quả Gấc ngâm rượu/mật ong,"Thịt quả Gấc, Rượu (hoặc Mật ong/đường keo đặc)"
Chứng quyết,Khí quyết,,"Tự nhiên ngã lăn bất tỉnh, sắc mặt trắng nhạt, tay chân lạnh, sau một thời gian tỉnh lại dần, không để lại di chứng",,,Bổ dưỡng khí huyết (Bát Trân Thang),"Đẳng sâm, Bạch truật, Bạch linh, Cam thảo, Qui đầu, Thục địa, Bạch thược, Xuyên khung"
Chứng quyết,Đàm quyết,,"Người béo mập, tự nhiên ngã lăn bất tỉnh, tay chân lạnh, đờm ủng tắc che lấp dương khí",,,Khoát đờm thuận khí (Đạo Đờm Thang),"Bán hạ, Cam thảo, Trần bì, Phục linh"
Chứng quyết,Thực quyết,,"đầy bụng trướng, đại tiện không thông, mạch Hoạt Thực, rêu lưỡi bẩn, tự nhiên ngã lăn bất tỉnh",rêu lưỡi bẩn,mạch Hoạt Thực,Tiểu Thừa Khí Thang,"Đại hoàng, Hậu phác, Chỉ thực"
Xuất hãn dị thường,Khí hư,"mồ hôi, hãn, đổ mồ hôi, ra mồ hôi, vã mồ hôi, ướt đẫm","Tự ra mồ hôi nhiều, mệt mỏi đoản khí, ăn kém, dễ bị cảm mạo, mạch vô lực, lưỡi đỏ nhạt",lưỡi đỏ nhạt,mạch vô lực,Ngọc bình phong thang hợp bổ phế thang gia giảm,"Mẫu lệ, Ma hoàng căn, Hoàng kỳ, Ngũ vị, Thục địa, Tử uyển, Tang bì, Đẳng sâm, Phòng phong, Bạch truật, Cam thảo, Quế chi, Phù tiểu mạch"
Xuất hãn dị thường,Thấp nhiệt uất trưng,"mồ hôi, hãn, đổ mồ hôi, ra mồ hôi, vã mồ hôi, ướt đẫm","Ra mồ hôi nhiều, người nóng, tiểu vàng đỏ, có khi ra mồ hôi có sắc vàng, mạch sác",,mạch sác,Đương qui lục hoàng thang gia giảm,"Đương qui, Thục địa, Hoàng cầm, Hoàng kỳ, Sinh địa, Hoàng liên, Hoàng bá"
Xuất hãn dị thường,Âm hư đạo hãn,"mồ hôi, hãn, đổ mồ hôi, ra mồ hôi, vã mồ hôi, ướt đẫm","Khi ngủ ra mồ hôi nhiều, lòng bàn tay bàn chân nóng, khô miệng háo, mạch tế sác",,mạch tế sác,Lục vị hoàn hợp Đương qui lục hoàng,"Đan bì, Bạch linh, Trạch tả, Hoàng liên, Sơn thù, Thục địa, Ma hoàng căn, Hoàng kỳ, Đương qui, Mẫu lệ, Hoàng cầm, Hoàng bá, Sinh địa"
Thủ túc xuất hãn,Tỳ vị thấp nhiệt,"mồ hôi, hãn, đổ mồ hôi, ra mồ hôi, vã mồ hôi, ướt đẫm","Ra nhiều mồ hôi tay chân, ngực đầy bụng tức, chán ăn, cơ thể nặng nề, thân nhiệt không tăng, nước tiểu sẫm màu lượng ít, đại tiện không thông, rêu lưỡi vàng nhầy dính",rêu lưỡi vàng nhầy dính,,Tam nhân thang gia Bạch truật,"Bạch đậu khấu, Bán hạ chế, Hậu phác, Hạnh nhân, Bạch thông thảo, Trúc diệp, Hoạt thạch phi, Ý dĩ nhân, Bạch truật"
Thủ túc xuất hãn,Tâm thận âm hư,"mồ hôi, hãn, đổ mồ hôi, ra mồ hôi, vã mồ hôi, ướt đẫm","Ra nhiều mồ hôi tay chân, khô miệng, ngũ tâm phiền nhiệt, ăn không ngon miệng, ngủ kém, đại tiện bất điều, lưỡi đỏ rêu mỏng",lưỡi đỏ rêu mỏng,,"Lục vị địa hoàng hoàn gia Mạch đông, Ngũ vị tử","Sơn thù du, Trần bì, Trạch tả, Thục địa, Phục linh, Mạch đông, Ngũ vị tử, Sơn dược"
Thủ túc xuất hãn,Tỳ vị hư hàn,"mồ hôi, hãn, đổ mồ hôi, ra mồ hôi, vã mồ hôi, ướt đẫm","Ra nhiều mồ hôi tay chân, tay chân không ấm, xanh xao, kém ăn, cơ thể mệt mỏi, tiểu tiện bất lợi, lưỡi nhạt rêu trắng",lưỡi nhạt rêu trắng,,Lý trung thang gia Ô mai,"Chích thảo, Bạch truật, Đẳng sâm, Can khương, Ô mai, Thục phụ tử"
Thủ túc xuất hãn,Tâm dương bất túc,"mồ hôi, hãn, đổ mồ hôi, ra mồ hôi, vã mồ hôi, ướt đẫm","Ra nhiều mồ hôi lòng bàn tay, tay nhiều hơn chân, căng thẳng tinh thần thì tăng tiết, ngủ không yên, sợ gió, toàn thân mệt mỏi hoặc hơi sốt, đau đầu",,,"Quế chi thang gia Long cốt, Mẫu lệ, Quy bản, Toan táo nhân, Phù tiểu mạch","Phù tiểu mạch, Đại táo, Bạch thược, Quế chi, Toan táo nhân, Quy bản, Chích cam thảo, Sinh khương, Long cốt, Mẫu lệ"
Thủ túc xuất hãn,Khí hư thủ túc xuất hãn,"mồ hôi, hãn, đổ mồ hôi, ra mồ hôi, vã mồ hôi, ướt đẫm","Ra mồ hôi vào ban ngày, kèm hư nhiệt trong tỳ vị",,,Ngọc bình phong tán,"Mạch môn, Trúc diệp, Chỉ thực, Sinh thạch cao, Sinh đại hoàng, Thục địa, Ngưu tất, Tri mẫu"
Thủ túc xuất hãn,Ứ huyết thủ túc xuất hãn,"mồ hôi, hãn, đổ mồ hôi, ra mồ hôi, vã mồ hôi, ướt đẫm","Ra mồ hôi tay chân, kèm cổ chướng, đau mình mẩy",,,Huyết phủ trục ứ thang,"Cát cánh, Đương quy, Sài hồ, Đào nhân, Hồng hoa, Sinh địa, Chỉ xác, Ngưu tất"
Thủ túc xuất hãn,Thấp uất thủ túc xuất hãn,"mồ hôi, hãn, đổ mồ hôi, ra mồ hôi, vã mồ hôi, ướt đẫm","Ra mồ hôi tay chân, toàn thân mệt mỏi",,,Phòng kỷ hoàng kỳ thang gia giảm,"Cam thảo, Bạch truật, Sinh khương, Phòng kỷ, Hoàng kỳ, Đại táo, Ý dĩ, Phục linh, Hạnh nhân"
Thủ túc xuất hãn,Dương khí hư,"mồ hôi, hãn, đổ mồ hôi, ra mồ hôi, vã mồ hôi, ướt đẫm","Lòng bàn tay bàn chân ra mồ hôi, tay chân mát, ăn kém, da thịt tê dại, sợ gió, đoản khí, mạch phù vô lực",,mạch phù vô lực,Bổ khí cố biểu,"Mẫu lệ, Ma hoàng căn, Hoàng kỳ, Ngũ vị, Thục địa, Tử uyển, Tang bì, Đẳng sâm, Phòng phong, Bạch truật, Cam thảo, Quế chi, Phù tiểu mạch"
Thủ túc xuất hãn,Âm hư,"mồ hôi, hãn, đổ mồ hôi, ra mồ hôi, vã mồ hôi, ướt đẫm","Mồ hôi tay chân ra nhiều chảy ròng ròng, lòng bàn tay nóng",,,Âm hư chỉ hãn phương,"Mạch môn, Qui đầu, Hoàng kỳ, Ngũ vị, Tang diệp, Thục địa, Hoàng cầm, Hoàng liên, Hoàng bá, Sinh địa, Tang chi, Chân sâm cầm"
Thủ túc xuất hãn,Phong thấp,"mồ hôi, hãn, đổ mồ hôi, ra mồ hôi, vã mồ hôi, ướt đẫm","Người nặng nề, bàn chân lạnh, nhiều mồ hôi, hay đau người, đau khớp",,,Bạch hổ Xương truật thang,"Trích thảo, Tri mẫu, Ngạch mễ, Thạch cao, Xương truật, Ma hoàng căn, Hoàng kỳ"
Thủ túc xuất hãn,Tâm nhiệt can uất,"mồ hôi, hãn, đổ mồ hôi, ra mồ hôi, vã mồ hôi, ướt đẫm",Khi hồi hộp hoặc căng thẳng vã mồ hôi tay chân,,,Tiêu dao tán,"Sài hồ, Bạch truật, Bạch thược, Qui đầu, Trần Bì, Trích thảo, Sinh khương, Bạc hà, Bạch linh, Long cốt, Mẫu lệ"
Nhiệt chẩn,Nhiệt độc,,"Nốt sẩy đỏ, nổi mọng nước",,,Hà thị chỉ dương phấn,"Hoạt thạch, Bột băng phiến, Bột hàn thạch thủy"
Hoàng hắc ban,Âm hư,,"Da mặt xuất hiện từng nốt hoặc từng mảng màu nâu sẫm, không nổi cao, do âm hư hỏa bốc lên gây huyết táo",,,Tư âm giáng hỏa hoạt huyết,"Đan bì, Bạch linh, Trạch tả, Thục địa, Sơn thù, Hoài sơn, Qui đầu, Bạch thược, Kỉ tử, Cúc hoa, Thiên hoa, Táo, Hạ khô thảo, Sinh khương, Ngũ vị, Mạch môn, Ngưu tất"
Hoàng hắc ban,Huyết hư ứ nhiệt,,"Mặt nổi ban vàng sẫm, từng nốt hoặc mảng to nhỏ không đều, kèm kinh sớm",,,Dưỡng huyết hoạt huyết lương huyết - Tiêu ban mỹ dung thang,"Đương qui, Xích thược, Thục địa, Trinh nữ tử, Xuyên khung, Sinh địa, Bạch chỉ, Tử thảo"
Hoàng hắc ban,Khí trệ huyết ứ,,"Sắc ban sẫm, lâu ngày không tiêu, chất lưỡi tía tối",chất lưỡi tía tối,,Lý khí hoạt huyết tiêu ban - Lưu thị khứ ban phương,"Sài hồ, Xích thược, Sinh địa, Chỉ sác, Xuyên khung, Trạch lan, Trích thảo, Qui đầu, Bạch thược, Mộc hương, Đẳng sâm, Ích mẫu, Ngưu tất"
Hoàng hắc ban,Huyết ứ nặng,,"Sắc ban đen sẫm, do huyết ứ nặng",,,Hành khí hoạt huyết hóa ứ tiêu ban - Tử thảo tẩy phương,"Tử thảo, Bạch chỉ, Tô mộc, Hậu phác, Mộc thông, Thiến thảo, Xích thược, Hồng hoa, Ty qua lạc"
Hoàng hắc ban,Âm hư huyết ứ,,"Ban sẫm, kèm phiền nhiệt hồi hộp, lưỡi bóng không rêu",lưỡi bóng không rêu,,Khư ám mĩ dung thang,"Qui đầu, Thục địa, Xích thược, Tật lê, Đông qua tử, Sinh địa, Xuyên khung, Bạch thược, Cương tàm"
Thoát phát,Huyết nhiệt sinh phong,,"Đột nhiên tóc rụng từng mảng lớn, da đầu ngứa, vùng da đầu nóng, tâm phiền, hoảng hốt, phiền táo không yên, lưỡi đỏ sậm, rêu lưỡi ít, mạch Tế Sác","lưỡi đỏ sậm, rêu lưỡi ít",mạch Tế Sác,Tứ vật thang hợp Lục vị địa hoàng hoàn gia giảm,"Xuyên khung, Qui đầu, Thục địa, Bạch thược, Đan bì, Bạch linh, Trạch tả, Sinh địa, Thục địa, Sơn thù, Hoài sơn, Thỏ ti tử, Xích thược, Phục thần, Trắc bách diệp, Đại giả thạch"
Thoát phát,Huyết ứ,,"Tóc rụng, đau đầu hoặc da đau đầu, lúc đầu rụng từng vùng sau rụng toàn đầu, đêm ngủ hay mơ, phiền nhiệt khó ngủ, răng lung lay, lưỡi đỏ tối hoặc có vết ứ huyết, rêu lưỡi ít, mạch Trầm Sáp","lưỡi đỏ tối hoặc có vết ứ huyết, rêu lưỡi ít",mạch Trầm Sáp,Thông khiếu hoạt huyết thang gia giảm,"Qui vĩ, Xích thược, Sinh địa, Xuyên khung, Cam thảo, Đào nhân, Hồng hoa, Táo nhân, Cúc hoa, Tang diệp, Bạch chỉ, Mạn kinh tử, Viễn trí"
Thoát phát,Khí huyết hư,,"Sau bệnh nặng hoặc sau sinh tóc rụng, da đầu mềm, môi trắng xanh, sợ sệt, hơi thở ngắn, tiếng nói nhẹ, váng đầu, thích ngủ, mệt mỏi, không sức, lưỡi đỏ nhạt, rêu trắng nhạt, mạch tế nhược","lưỡi đỏ nhạt, rêu trắng nhạt",mạch tế nhược,Bát Trân Thang gia vị,"Đẳng sâm, Bạch truật, Bạch linh, Cam thảo, Qui đầu, Thục địa, Bạch thược, Xuyên khung, Tang thầm, Hoàng tinh, Phụ tử, Hoàng kỳ"
Thoát phát,Can thận bất túc,,"Tóc vàng hoặc trắng, rụng đều từng vùng thành mảng lớn, nặng thì rụng cả lông mày, lông nách, lông mu, da mặt trắng bệch, tay chân lạnh, sợ lạnh, váng đầu, ù tai, đau lưng, gối mỏi, quy đầu lạnh",,,Thất Bảo Mỹ Nhiệm Đơn gia giảm,"Hà thủ ô, Câu kỷ tử, Thỏ ty tử, Đương quy, Nữ trinh tử, Hắc chi ma, Hồ đào nhục, Ngưu tất, Hoàng tinh, Tang thầm tử, Viễn chí, Thạch xương bồ"
Thoát phát,Can thận bất túc,,Tóc rụng do Can thận bất túc,,,Sinh Phát Hoàn,"Đảng sâm, Bạch truật, Thục địa, Bá tử nhân, Hà thủ ô, Thỏ ty tử, Phục linh, Xuyên khung, Cam thảo"
Thoát phát,Can thận bất túc,,Tóc rụng do Can thận bất túc,,,Trắc Bá Hoàn,"Trắc bá diệp, Đương quy"
Thoát phát,Can thận bất túc,,Tóc rụng do Can thận bất túc,,,Nhất Ma Nhị Chí Hoàn,"Hắc chi ma, Nữ trinh tử, Hạn liên thảo, Hà thủ ô, Câu kỷ tử, Sinh địa, Thục địa, Hoàng tinh"
Thoát phát,Can thận bất túc,,Tóc rụng do Can thận bất túc,,,Ích Thận Vinh Phát Hoàn,"Thục địa, Hà thủ ô, Bổ cốt chỉ, Thỏ ty tử, Cốt toái bổ, Phúc bồn tử, Hắc hồ ma, Toàn đương quy, Bạch truật, Phục linh, Nhục thung dung, Hoàng kỳ, Hoàng tinh, Đảng sâm, Câu kỷ tử, Ngũ vị tử, Xuyên khung, Chích cam thảo"
Thoát phát,Can thận bất túc,,Tóc rụng do Can thận bất túc,,,Sinh Phát Ẩm,"Hà thủ ô, Tang thầm tử, Thỏ ty tử, Đan sâm, Hoàng kỳ, Bổ cốt chỉ, Sinh địa, Đảng sâm, Xuyên khung, Hắc chi ma, Đương quy"
Thoát phát,Can thận bất túc,,Tóc rụng do Can thận bất túc,,,Tân Chế Sinh Phát Thang,"Hà thủ ô, Thục địa, Trắc bá diệp, Hoàng tinh, Câu kỷ tử, Bổ cốt chỉ, Đương quy, Bạch thược, Đại táo"
Thoát phát,Can thận bất túc,,Tóc rụng do Can thận bất túc,,,Phục Phương Hắc Đậu Thang,"Bổ cốt chỉ, Bạch tiên bì, Hắc đại đậu, Hà thủ ô, Thục địa, Hoàng tinh, Khổ sâm phiến, Hoàng kỳ, Thuyền thoái, Trần bì, Cam thảo, Bạch truật, Phòng phong"
Thoát phát,Can thận bất túc,,Tóc rụng do Can thận bất túc,,,Quy Tinh Sinh Phát Thang,"Đương quy, Hoàng tinh, Trắc bá diệp, Chử thực tử, Đại hồ ma, Hồ đào nhục, Đông trùng hạ thảo"
Thoát phát,Can thận bất túc,,Tóc rụng do Can thận bất túc,,,Bạch Thục Sinh Phát Thang,"Bạch thược, Sinh địa, Hà thủ ô, Thiên ma, Thỏ ty tử, Đương quy, Mạch môn, Thiên môn"
Thoát phát,Can thận bất túc,,"Tóc rụng, tóc bạc sớm do Can thận bất túc",,,Ô Phát Tán,"Hà thủ ô, Hắc chi ma"
Thoát phát,Can thận bất túc,,"Đầu bạc trước 50 tuổi, tóc rụng do Can thận bất túc",,,Tảo Bạch Thang,"Hạn liên thảo, Phục linh, Hợp hoan bì, Cát cánh, Thục địa, Trần bì, Táo nhân, Huyền sâm, Nhục thung dung, Hoàng kỳ, Bổ cốt chỉ, Tang thầm tử, Trắc bá diệp, Thương truật, Hoàng tinh, Đan sâm, Đăng tâm thảo, Nhân sâm, Khổ sâm, Sa sâm, Thiên long thảo, Xa tiền thảo"
Ngược tật,Chính ngược,,"Rét run → sốt cao → ra mồ hôi → hạ sốt, sốt có chu kỳ, nhức đầu, mặt đỏ, lưỡi đỏ, phiền khát muốn uống, rêu trắng, mạch huyền","lưỡi đỏ, rêu trắng",mạch huyền,Tiểu Sài Hồ gia giảm,"Sài hồ, Hoàng cầm, Trích thảo, Sinh khương, Đẳng sâm, Táo, Bán hạ, Thường sơn, Hậu phác, Thảo quả, Binh lang"
Ngược tật,Ôn ngược,,"Sốt nhiều rét ít hoặc không rét, mồ hôi ít, đau các khớp, nhức đầu, khát nước, táo bón, lưỡi đỏ rêu vàng, mạch huyền tế sác",lưỡi đỏ rêu vàng,mạch huyền tế sác,Thanh nhiệt sinh tân chỉ khát,"Thạch cao, Quế chi, Thường sơn, Đẳng sâm, Huyền sâm, Mạch môn, Thạch hộc, Sinh địa, Thạch cao, Miết giáp, Tri mẫu, Đan bì"
Ngược tật,Hàn ngược,,"Rét không sốt hoặc sốt ít, không khát, ngực sườn đầy tức, mệt mỏi, lưỡi nhạt rêu mỏng dính, mạch huyền trì",lưỡi nhạt rêu mỏng dính,mạch huyền trì,Tân ôn đuổi tà,"Sài hồ, Quế chi, Can khương, Hoàng cầm, Qua lâu, Mẫu lệ, Cam thảo, Thảo quả, Binh lang"
Ngược tật,Lách to,,Sốt rét kèm lách to,,,"Hoạt huyết hóa ứ, kiện tỳ","Bạch truật, Hoàng kỳ, Thảo quả, Binh lang, Xuyên khung, Thanh bì, Bạch thược, Cam thảo, Hậu phác, Sinh khương, Ô mai, Miết giáp"
Ngược tật,Thiếu máu,,Sốt rét kèm thiếu máu,,,Bổ khí dưỡng huyết,"Đẳng sâm, Bạch truật, Hoàng kỳ, Sài hồ, Thăng ma, Trần bì, Qui xuyên, Trích thảo, Hà thủ ô, Thường sơn, Binh lang, Thảo quả"
Ngược tật,Thấp ngược,,"Rét nhiều nóng ít, mình mẩy nặng đau, mạch nhu",,mạch nhu,Bình Vị Tán hợp Tiểu Sài Hồ,"Xương truật, Cam thảo, Hậu phác, Trần bì, Sài hồ, Hoàng cầm, Trích thảo, Bán hạ, Sinh khương, Đẳng sâm, Táo"
Sa dạ dày,Khí hư,"sa tử cung, tử cung sa, khối sa, sa xuống, trằn nặng, sa dạ con, âm đĩnh, lòi dom","Sa dạ dày, ăn kém, ợ hơi",,,Tứ kỳ thang,"Hoàng kỳ, Bạch truật, Chỉ sác, Phòng phong"
Sốt xuất huyết,Sốt cao,,"Sốt cao sợ lạnh, mình đau, đau lưng, nhức mắt, mặt đỏ, dây thắt có trên 50 điểm xuất huyết/1cm2, chảy máu cam, miệng khát, có khi nôn mửa",,,"Thanh nhiệt giải độc, tả hỏa cầm máu","Hạ khô thảo, Nhọ nồi, Trắc bách diệp, Ngân hoa, Liên kiều, Hoàng cầm, Mao căn, Hòe hoa, Chi tử"
Sốt xuất huyết,Huyết áp tụt,,"Đang sốt cao hoặc sốt cao có giảm, đột nhiên nhiệt độ hạ thấp, huyết áp tụt, mạch nhanh, người mệt mỏi, vã mồ hôi, vật vã, chất lưỡi đỏ, mạch trầm tế sác",chất lưỡi đỏ,"mạch nhanh, mạch trầm tế sác",Bổ khí sinh tân dịch,"Bạch truật, Đẳng sâm, Mạch môn, Thục địa, Ngũ vị, Mạch môn, Cam thảo, Nhân sâm, Phụ tử, Long cốt"
Sốt xuất huyết,Hồi phục,,"Sau giai đoạn sốt xuất huyết, cơ thể suy nhược, cần bồi bổ",,,Bổ khí bổ âm,"Đẳng sâm, Bạch truật, Hoàng kỳ, Qui đầu, Cam thảo, Trần bì, Sài hồ, Thăng ma, Hoài sơn, Mạch môn, Sa sâm"
Lưu sản,Khí hư,"kinh nguyệt, kinh, thai, sản, âm đạo, huyết trắng, đới hạ, băng","Sau sẩy thai, sắc mặt trắng nhạt, tinh thần mệt mỏi, tiếng nói yếu như không sức, mạch Vi Nhược",,mạch Vi Nhược,Bổ Trung Ích Khí Thang,"Đẳng sâm, Hoàng kỳ, Chích thảo, Thăng ma, Qui đầu, Sài hồ, Bạch truật, Trần Bì"
Lưu sản,Huyết ứ,"kinh nguyệt, kinh, thai, sản, âm đạo, huyết trắng, đới hạ, băng","Sau sẩy thai, sản dịch ra rất ít hoặc không ra, bụng dưới đau cứng, đè không xuống, đau dữ dội, lưỡi hơi xanh, mạch Trầm Thực mà Sắc",lưỡi hơi xanh,mạch Trầm Thực mà Sắc,Sinh Hoá Thang và Thất Tiếu Tán,"Qui đầu, Đào nhân, Trích thảo, Xuyên khung, Bào khương"
Thiếu nhũ,Khí huyết hư,"vú, tuyến vú, đau vú, sưng vú, cục ở vú, núm vú, tắc sữa, áp xe vú","Sau sinh thiếu sữa hoặc hoàn toàn không có, sữa đục, bầu sữa mềm không căng, tinh thần mệt mỏi, ăn ít, sắc mặt không tươi, lưỡi nhạt, rêu ít, mạch Tế Nhược","lưỡi nhạt, rêu ít",mạch Tế Nhược,Thông Nhũ Đơn,"Nhân sâm, Hoàng kỳ, Qui đầu, Mạch môn, Mộc thông, Cát cánh, móng giò heo"
Thiếu nhũ,Can khí uất trệ,"vú, tuyến vú, đau vú, sưng vú, cục ở vú, núm vú, tắc sữa, áp xe vú","Sau sinh sữa ít hoặc sữa chảy ra, bầu vú sưng đau, tinh thần uất ức, ngực sườn đầy tức, không thích ăn uống, người hơi sốt, mạch Huyền Tế hoặc Huyền Sác",,mạch Huyền Tế hoặc Huyền Sác,Hạ Nhũ Thông Tuyền Tán,"Qui đầu, Xuyên khung, Thiên hoa, Bạch thược, Sinh địa, Sài hồ, Thanh bì, Lậu lô, Cát cánh, Thông thảo, Bạch chỉ, Xuyên sơn giáp, Vương bất lưu hành, Cam thảo"
Đởm kết thạch,Khí trệ huyết ứ,,"Vùng hạ đau sườn tức âm ỉ hoặc đau nhiều lúc không đau, miệng đắng khô họng, không muốn ăn uống, không sốt cao, có hoàng đản hay không, rêu lưỡi trắng mỏng hay vàng, mạch huyền khẩn hay huyền sác",rêu lưỡi trắng mỏng hay vàng,mạch huyền khẩn hay huyền sác,Đởm đạo bài thạch thang gia giảm,"Hoàng cầm, Mang tiêu, Chỉ xác sao, Kim tiền thảo, Sinh đại hoàng, Nhân trần, Ngân hoa, Mộc hương"
Đởm kết thạch,Thấp nhiệt uẩn kết,,"Vùng hạ sườn phải đau tức, miệng đắng khô họng, lợm giọng buồn nôn, sốt sợ lạnh hay sốt sợ rét, mắt vàng, người vàng, nước tiểu đỏ, rêu lưỡi vàng dầy, mạch hồng sác hay hoạt sác",rêu lưỡi vàng dầy,mạch hồng sác hay hoạt sác,Đởm đạo bài thạch thang gia giảm,"Hoàng cầm, Thanh bì, Nhân trần, Kim tiền thảo, Sinh đại hoàng, Sài hồ, Trần bì, Mộc hương, Hoàng liên, Bạch truật, Chỉ xác sao"
Đởm kết thạch,Nhiệt độc,,"Sốt cao và rét, vàng da rõ, bụng hông đều đau, miệng khát, đại tiện bí, tiểu vàng đỏ, nặng thì hôn mê nói nhảm, lưỡi gai đỏ, mạch huyền hoạt hoặc tế sác",lưỡi gai đỏ,mạch huyền hoạt hoặc tế sác,Đởm đạo bài thạch thang,"Hoàng cầm, Mộc hương, Sài hồ, Kim tiền thảo, Sinh đại hoàng, Chỉ xác sao, Thanh bì, Bản lam căn, Kê nội kim, Uy linh tiên, Trần bì, Hổ trượng, Uất kim, Vương bất lưu hành"
Đởm kết thạch,Can uất khí trệ,,"Hông phải căng đau, ợ được thì đỡ, buồn bực đầy cứng, đau hay tái phát, sốt và vàng khô dang rõ, rêu lưỡi mỏng, mạch huyền",rêu lưỡi mỏng,mạch huyền,Sài hồ sơ can tán gia giảm,"Mộc hương, Bạch thược, Chỉ xác, Sài hồ, Hương phụ, Kim tiền thảo, Cam thảo, Kê nội kim, Trần bì, Xuyên khung"
Đởm kết thạch,Can đởm thấp nhiệt,,"Hông phải đau xoắn, miệng đắng đầy bụng, sốt cao sợ lạnh, táo bón, tiểu tiện đỏ dắt, kèm vàng da, rêu lưỡi vàng, mạch huyền sác",rêu lưỡi vàng,mạch huyền sác,Đại sài hồ thang hợp Nhân trần cao thang gia giảm,"Kim tiền thảo, Bán hạ, Chi tử sống, Sài hồ, Hoàng cầm, Nhân trần, Cam thảo, Bạch thược, Đại hoàng, Chỉ thực"
Đởm kết thạch,Nùng độc uẩn tích,,"Sốt cao và rét, vàng da rõ, bụng hông đều đau, miệng khát, đại tiện bí, tiểu vàng đỏ, nặng thì hôn mê nói nhảm, lưỡi gai đỏ",lưỡi gai đỏ,,Đại sài hồ thang hợp Hoàng liên giải độc thang gia giảm,"Nhân trần, Chỉ thực, Đại hoàng, Sài hồ, Hoàng liên, Chi tử, Mang tiêu, Hoàng cầm, Bán hạ, Cam thảo"
Đởm kết thạch,Khí trệ,,"Hông phải căng đau, ợ được thì đỡ, buồn bực đầy cứng, đau hay tái phát, sốt và vàng khô dang rõ, rêu lưỡi mỏng, mạch huyền",rêu lưỡi mỏng,mạch huyền,Đại sài hồ thang hợp Kim linh tử tán gia giảm,"Sài hồ, Mộc hương, Chỉ sác, Xuyên luyện tử, Huyền hồ, Đại hoàng, Hoàng cầm, Thanh bì, Chỉ thực, Trạch tả"
Đởm kết thạch,Thấp nhiệt,,"Hông phải đau xoắn, miệng đắng đầy bụng, sốt cao sợ lạnh, táo bón, tiểu tiện đỏ dắt, kèm vàng da, rêu lưỡi vàng, mạch huyền sác",rêu lưỡi vàng,mạch huyền sác,Đại sài hồ thang hợp Nhân trần cao thang gia giảm,"Hoàng cầm, Chi tử, Đương qui, Sài hồ, Mộc thông, Cam thảo, Sinh địa, Trạch tả, Sa tiền, Kim tiền thảo, Nhân trần, Long đởm thảo, Đại hoàng, Uất kim, Chỉ sác, Thanh bì, Trần bì"
Đởm kết thạch,Hỏa độc,,"Sốt cao và rét, vàng da rõ, bụng hông đều đau, miệng khát, đại tiện bí, tiểu vàng đỏ, nặng thì hôn mê nói nhảm, lưỡi gai đỏ, mạch huyền hoạt hoặc tế sác",lưỡi gai đỏ,mạch huyền hoạt hoặc tế sác,Nhân trần cao thang hợp Hoàng liên giải độc thang gia giảm,"Nhân trần, Chi tử sống, Long đởm thảo, Hoàng cầm, Sinh địa tươi, Hoàng liên, Bản lam căn, Hậu phác, Mang tiêu, Đại hoàng, Thạch cao sống"
Suy nhược thần kinh,Can tâm khí uất kết,,"Tinh thần uất ức hoặc phiền muộn, đầy tức, hay thở dài, đầy bụng trướng, ăn kém, rêu lưỡi trắng, mạch Huyền",rêu lưỡi trắng,mạch Huyền,Tiêu Dao Thang gia vị,"Sài hồ, Bạch truật, Bạch thược, Qui đầu, Trần Bì, Trích thảo, Sinh khương, Bạc hà, Bạch linh, Hoàng cầm, Táo, Thanh bì, Uất kim, Hương phụ, Chỉ sác, Táo nhân"
Suy nhược thần kinh,Can tâm khí uất kết ,,"Tinh thần uất ức hoặc phiền muộn, đầy tức, hay thở dài, đầy bụng trướng, ăn kém",,,Lý Khí Giải Uất Thang,"Hương phụ, Uất kim, Tật lê, Chỉ sác, Phục linh"
Suy nhược thần kinh,Âm hư hỏa vượng,,"Hoa mắt, chóng mặt, nhức đầu, ù tai, hay quên, hồi hộp, hay xúc động, vui buồn thất thường, ít ngủ hay mơ, khô miệng khô họng, nóng bừng, táo bón, tiểu đỏ",,,Kỷ Cúc Địa Hoàng Thang gia vị,"Kỉ tử, Cúc hoa, Hoài sơn, Câu đằng, Sa sâm, Mạch môn, Trạch tả, Sơn thù, Đan bì, Phục linh, Táo nhân, Bá tử nhân"
Suy nhược thần kinh,Âm hư hỏa vượng ,,"Hoa mắt, chóng mặt, nhức đầu, ù tai, hay quên, hồi hộp, hay xúc động, vui buồn thất thường, ít ngủ hay mơ, khô miệng khô họng, nóng bừng, táo bón, tiểu đỏ",,,Chu Sa An Thần Hoàn gia giảm,"Sinh địa, Qui đầu, Bạch thược, Mạch môn, Hoàng liên, Táo nhân, Phục linh, Cam thảo, Chu sa"
Suy nhược thần kinh,Tâm can thận âm hư,,"đau lưng, ù tai, di tinh, ít ngủ, hồi hộp, nhức đầu, nước tiểu trong, táo bón, miệng ít khô, mạch Tế",,mạch Tế,Tả Quy Hoàn gia giảm,"Thục địa, Hoài sơn, Kỉ tử, Thỏ ti tử, Lộc giác, Ngưu tất, Sơn thù, Qui bản, Bá tử nhân, Táo nhân"
Suy nhược thần kinh,Tâm can thận âm hư ,,"đau lưng, ù tai, di tinh, ít ngủ, hồi hộp, nhức đầu, nước tiểu trong, táo bón, miệng ít khô, mạch Tế",,mạch Tế,Lục Vị Quy Thược Thang gia vị,"Thục địa, Hoài sơn, Liên nhục, Kim anh tử, Sơn thù, Trạch tả, Đan bì, Phục linh, Bạch thược, Qui đầu, Táo nhân, Bá tử nhân"
Suy nhược thần kinh,Tâm tỳ hư,,"ít ngủ, dễ hoảng sợ, ăn kém, sút cân, mệt mỏi, mắt thâm quầng, hồi hộp, nhức đầu, rêu lưỡi trắng, mạch Nhu Tế Hoãn",rêu lưỡi trắng,mạch Nhu Tế Hoãn,Quy Tỳ Thang,"Hoàng kỳ, Bạch truật, Đẳng sâm, Táo, Qui đầu, Viễn trí, Long nhãn, Phục thần, Táo nhân, Mộc hương"
Suy nhược thần kinh,Âm dương đều hư,,"Sắc mặt trắng, tinh thần uể oải, đau lưng, gối mỏi, di tinh, liệt dương, tay chân lạnh, sợ lạnh, ít ngủ, tiểu nhiều, nước tiểu trong dài, lưỡi trắng nhạt",lưỡi trắng nhạt,,Thận Khí Hoàn,"Thục địa, Hoài sơn, Kim anh tử, Khiếm thực, Ba kích, Táo, Sơn thù, Trạch tả, Phục linh, Phụ tử, Táo nhân, Thỏ ti tử, Đan bì, Nhục quế, Viễn trí"
Suy nhược thần kinh,Âm dương đều hư ,,"Sắc mặt trắng, tinh thần uể oải, đau lưng, gối mỏi, di tinh, liệt dương, tay chân lạnh, sợ lạnh, ít ngủ, tiểu nhiều, nước tiểu trong dài, lưỡi trắng nhạt",lưỡi trắng nhạt,,Hữu Quy Hoàn gia giảm,"Thục địa, Kỉ tử, Cao ban, Sơn thù, Đỗ trọng, Phụ tử, Táo nhân, Viễn trí, Nhục quế"
Thạch lâm,Thấp nhiệt,,"Bụng đau lưng kịch liệt lan xuống hạ vị hoặc bộ phận sinh dục, đái nhiều lần, mót đái, đái đau, nước tiểu không hết, có khi đái ra máu, lưỡi đỏ, rêu vàng dầy dính, mạch huyền sác hay hoạt sác","lưỡi đỏ, rêu vàng dầy dính",mạch huyền sác hay hoạt sác,Thanh nhiệt lợi thấp,"Kim tiền thảo, Xa tiền tử, Trạch tả, Sinh địa, Tỳ giải, Uất kim, Ngưu tất, Đăng tâm, Trúc diệp, Bạch linh, Kê nội kim, Cam thảo, Mộc thông"
Thạch lâm,Ứ huyết,,"Đau lưng liên miên, đau tức vùng hạ vị, tiểu tiện khó không dứt, tiểu tiện ra máu, lưỡi đỏ có điểm ứ huyết, rêu lưỡi mỏng, mạch huyền sác","lưỡi đỏ có điểm ứ huyết, rêu lưỡi mỏng",mạch huyền sác,Lý khí hành trệ,"Kim tiền thảo, Xa tiền tử, Đào nhân, Chỉ sác, Đại phúc bì, Kê nội kim, Uất kim, Ngưu tất, ý dĩ, Liên kiều, Hồng hoa, Xuyên khung, Đương qui, Thục địa, Bạch thược, Chỉ thực"
Thạch lâm,Không có cơn đau,,"Sỏi đường tiết niệu không có cơn đau, không tiểu buốt, không máu, không rắt",,,Bổ tỳ thận phối hợp lợi niệu,"Kim tiền thảo, Xa tiền tử, Mao căn, ý dĩ, Kê nội kim"
Suy tim,Tâm dương hư,,"tay chân lạnh, tim đập hồi hộp, gặp lạnh hoặc hoạt động nhẹ khó thở tăng, rêu lưỡi trắng mỏng, mạch Tế Sác hoặc Kết Đại",rêu lưỡi trắng mỏng,mạch Tế Sác hoặc Kết Đại,Ích khí ôn dương - Sâm Phụ Thang gia vị,"Thái tử sâm, Phụ tử, Hoàng kỳ, Quế chi, Bạch truật, Đan sâm, Bá tử nhân"
Suy tim,Tâm tỳ dương hư,,"Hồi hộp, khó thở, làm việc nhẹ khó thở tăng, chán ăn, đầy bụng, buồn nôn hoặc nôn, chân phù, rêu lưỡi dày nhớt, mạch nhỏ Sác Kết Đại",rêu lưỡi dày nhớt,mạch nhỏ Sác Kết Đại,Kiện tỳ ôn dương - Tứ Quân Tử Thang hợp Linh Quế Truật Cam Thang gia giảm,"Đẳng sâm, Bạch linh, Bạch truật, Trích thảo, Sa tiền, Ý dĩ, Đan sâm, Quế chi"
Suy tim,Tâm thận dương hư,,"Hồi hộp, khó thở, tay chân lạnh, sợ lạnh, tiểu ít, chân phù, mặt phù, tinh thần mệt mỏi, môi lưỡi xanh tím, rêu trắng, mạch Trầm Tế Nhược hoặc Kết Đại","môi lưỡi xanh tím, rêu trắng",mạch Trầm Tế Nhược hoặc Kết Đại,Ôn dương lợi thủy - Chân Vũ Thang hợp Ngũ Linh Tán gia giảm,"Nhân sâm, Phụ tử, Bạch linh, Bạch truật, Sinh khương, Quế chi, Trạch tả, Sa tiền, Đan sâm"
Suy tim,Khí âm lưỡng hư,,"Hồi hộp, khó thở, mệt mỏi, váng đầu, hoa mắt, khô miệng, khô họng, mất ngủ, mồ hôi trộm, lòng bàn tay chân nóng, lưỡi thon đỏ ít rêu, mạch Tế Sác",lưỡi thon đỏ ít rêu,mạch Tế Sác,Ích khí dưỡng âm - Chích Cam Thảo Thang hợp Sinh Mạch Tán gia giảm,"Nhân sâm, Trích thảo, Mạch môn, Ngũ vị, Sinh địa, A giao, Sinh khương"
Suy tim,Khí hư huyết ứ,,"Hồi hộp, ho, khó thở, đau ngực sườn tức, đầy bụng, 2 má đỏ, môi lưỡi tím đen, phù, tiểu ít, chất lưỡi tím thâm, mạch Sáp hoặc Huyền Kết","môi lưỡi tím đen, chất lưỡi tím thâm",mạch Sáp hoặc Huyền Kết,Ích khí hoạt huyết hóa ứ - Huyết Phủ Trục Ứ Thang gia giảm,"Đẳng sâm, Đan sâm, Xuyên khung, Xích thược, Hồng hoa, Hoàng kỳ, Hương phụ, Chỉ sác, Đào nhân, Sài hồ"
Suy tim,Đờm ẩm bế phế,,"Hồi hộp, ngắn hơi, ho khó thở, ho khạc nhiều đờm trắng có bọt, đầy bụng, ăn ít, phù, tiểu ít, thân lưỡi bệu, rêu lưỡi trắng dày hoặc vàng nhớt, mạch Hoạt Sác","thân lưỡi bệu, rêu lưỡi trắng dày hoặc vàng nhớt",mạch Hoạt Sác,Tuyên phế hóa đàm chỉ khái bình suyễn - Tả Phế Thang hợp Tiểu Thanh Long Thang gia giảm,"Đình lịch tử, Trích thảo, Tang bì, Sa sâm, Địa cốt bì, Bán hạ, Ngũ vị, Ma hoàng, Hạnh nhân, Hậu phác"
Suy tim,Dương khí hư thoát,,"Hồi hộp, khó thở, ngồi thở dốc, khó chịu bứt rứt, sắc mặt xanh xám, tay chân lạnh toát, mồ hôi, nặng thì hôn mê nói sảng, chất lưỡi tím, mạch Trầm Tế muốn tuyệt",chất lưỡi tím,mạch Trầm Tế muốn tuyệt,Hồi dương cứu nghịch - Sâm Phụ Long Mẫu Thang hợp Sinh Mạch Tán gia giảm,"Nhân sâm, Phụ tử, Sinh Long cốt, Mẫu lệ, Mạch môn, Ngũ vị, Sơn thù"
Thống kinh,Huyết nhiệt,"kinh nguyệt, kinh, thai, sản, âm đạo, huyết trắng, đới hạ, băng","Đau trước kỳ, cự án, đau lan 2 bên bụng dưới, kinh nguyệt trước kỳ, lượng nhiều, sắc đỏ tím đặc, môi đỏ, môi khô, tâm phiền, ít ngủ, táo bón, tiểu vàng, lưỡi đỏ, rêu vàng, mạch hoạt sác hoặc huyền sác","lưỡi đỏ, rêu vàng",mạch hoạt sác hoặc huyền sác,"Thanh nhiệt lương huyết, hành khí hoạt huyết","Mộc hương, Thanh bì, Cam thảo, Hương phụ, Ích mẫu, Đan bì, Huyền hồ, Đào nhân, Huyền sâm, Địa cốt bì, Uất kim, Hồng hoa, Sinh địa"
Thống kinh,Huyết ứ,"kinh nguyệt, kinh, thai, sản, âm đạo, huyết trắng, đới hạ, băng","Đau trước hoặc lúc mới hành kinh, bụng dưới đau như gò, ấn có cục, kinh ít màu tím đen, ra huyết cục, khi kinh ra thì đỡ đau, sắc mặt tím, khô da, khô miệng không muốn uống, lưỡi đỏ có điểm tím",lưỡi đỏ có điểm tím,,Hoạt huyết tiêu ứ - Tứ vật đào hồng,"Qui xuyên, Sinh địa, Xích thược, Hương phụ, Chỉ sác, Mộc hương, Ngưu tất, Cam thảo, Huyền hồ, Thanh bì, Xuyên khung, Đào nhân, Hồng hoa"
Thống kinh,Khí trệ,"kinh nguyệt, kinh, thai, sản, âm đạo, huyết trắng, đới hạ, băng","Bụng dưới trướng đau, kinh nguyệt ít không thông, lúc trướng căng thì ngực sườn đầy tức, chu kỳ không nhất định, lợm giọng, thở dài, rêu lưỡi mỏng, mạch huyền",rêu lưỡi mỏng,mạch huyền,Hành khí điều kinh,"Ô dược, Xa nhân, Hương phụ, Cam thảo, Huyền hồ, Mộc hương, Ngưu tất"
Thống kinh,Cảm hàn,"kinh nguyệt, kinh, thai, sản, âm đạo, huyết trắng, đới hạ, băng","Đang hành kinh bị lạnh, nhức đầu, sợ lạnh, mỏi lưng, mạch phù khẩn, đau hạ vị lạnh cự án, chườm nóng đỡ, kinh ít máu đỏ sẫm có cục",,mạch phù khẩn,Ôn kinh tán hàn,"Ngô thù, Tế tân, Bán hạ, Phòng phong, Cảo bản, Can khương, Mộc hương, Đan bì, Qui đầu, Phục linh, Mạch môn, Cam thảo, Ô dược, Xương truật"
Thống kinh,Hư hàn,"kinh nguyệt, kinh, thai, sản, âm đạo, huyết trắng, đới hạ, băng","Sau khi hành kinh đau bụng liên miên, thích xoa bóp chườm nóng, toàn thân mệt mỏi, tay chân lạnh, lưng mỏi, kinh đen trong loãng, rêu lưỡi trắng, mạch tế trì",rêu lưỡi trắng,mạch tế trì,Ôn kinh bổ hư - Ôn kinh thang,"Ngô thù, Qui đầu, Xuyên khung, A giao, Bạch thược, Sinh khương, Nhân sâm, Quế chi, Đan bì, Bán hạ, Ngưu tất, Nga truật, Cam thảo, Mạch môn"
Thống kinh,Khí huyết hư,"kinh nguyệt, kinh, thai, sản, âm đạo, huyết trắng, đới hạ, băng","Sau khi hành kinh đau bụng liên miên, ưa xoa bóp, kinh nhạt, sắc mặt xanh trắng hoặc úa vàng, môi nhạt, gầy yếu, choáng hoa mắt, hồi hộp mất ngủ, táo bón, lưỡi nhạt không rêu, mạch nhu tế",lưỡi nhạt không rêu,mạch nhu tế,Bổ khí huyết chỉ thống - Bát trân thang gia giảm,"Đẳng sâm, Bạch truật, Bạch linh, Cam thảo, Qui đầu, Thục địa, Bạch thược, Xuyên khung, Hương phụ, Đỗ Trọng, Tục đoạn, Kê huyết đằng"
Thống kinh,Can thận hư,"kinh nguyệt, kinh, thai, sản, âm đạo, huyết trắng, đới hạ, băng","Sau khi hành kinh bụng dưới đau, eo lưng mỏi, 2 bên sườn chướng căng, mệt mỏi, kinh nhạt, lưỡi nhạt, rêu mỏng, mạch trầm nhược","lưỡi nhạt, rêu mỏng",mạch trầm nhược,Bổ thận bổ can huyết - Điều can thang,"Thỏ ty tử, Bạch thược, Phá cố chỉ, Qui đầu, Ba kích, A giao, Thục địa, Ngưu tất, Cam thảo, Sơn thù, Hoài sơn"
Nhĩ lung,Can nhiệt,"ù tai, tai, điếc, nghe kém, nhĩ minh, nhĩ lung","Ù tai, sau đó tai điếc, kèm huyễn vựng, miệng đắng, tâm phiền, nhiều đàm, ngực khó chịu, đại tiện bí kết, tiểu vàng đỏ, lưỡi đỏ, rêu vàng nhớt, mạch huyền sác hoặc huyền hoạt","lưỡi đỏ, rêu vàng nhớt",mạch huyền sác hoặc huyền hoạt,Long đởm tả can thang hợp Thanh khí hóa đàm hoàn,"Long đởm thảo, Hoàng cầm, Chi tử, Qui đầu, Sài hồ, Mộc thông, Cam thảo, Sinh địa, Sa tiền, Trạch tả, Qua lâu, Bạch linh, Đởm nam tinh, Chỉ thực, Hạnh nhân, Trần bì, Bán hạ"
Tiết tả tính,Hàn thấp,"tiêu chảy, đại tiện lỏng, phân lỏng, phân nát, ỉa chảy, đi lỏng, tiết tả","Đau đầu, đau mình, đau bụng, sôi bụng, ỉa chảy, hơi sợ lạnh, sợ gió, rêu trắng dầy, tiểu tiện ít, mạch nhu hoãn hoặc phù hoãn",rêu trắng dầy,mạch nhu hoãn hoặc phù hoãn,Giải biểu ôn trung tán hàn táo thấp - Hoắc hương chính khí tán,"Cát cánh, Bạch linh, Hậu phác, Tô diệp, Bạch truật, Bán hạ, Bạch chỉ, Phúc bì, Trần Bì, Chích thảo, Hoắc hương, Biển đậu, Mộc hương, Táo, Sinh khương"
Tiết tả tính,Thấp nhiệt,"tiêu chảy, đại tiện lỏng, phân lỏng, phân nát, ỉa chảy, đi lỏng, tiết tả","Đau bụng tiết tả, đi tả cấp bách nhiều lần, phân vàng xẫm hoặc vẩn đục hoặc như nước vàng hôi thối, khát nước, tiểu vàng sẻn, nôn mửa, đỏ nóng rát hậu môn, mạch sác",,mạch sác,Thanh nhiệt lợi thấp - Cát căn cầm liên thang,"Ô mai, Hoàng cầm, Cam thảo, Biển đậu, Hoàng liên, Hoắc hương, Hoạt thạch, Cát căn, Mộc thông, Hậu phác, Nhân trần, Ngân hoa"
Tiết tả tính,Bội thực,"tiêu chảy, đại tiện lỏng, phân lỏng, phân nát, ỉa chảy, đi lỏng, tiết tả","đau bụng nhiều, phân thối, chướng bụng, ợ hơi, đại tiện xong đỡ đau, mạch huyền sác hoặc trầm huyền",,mạch huyền sác hoặc trầm huyền,Tiêu thực đạo trệ,"Chỉ thực, Bạch truật, Bạch linh, Hoàng cầm, Hoàng liên, Trạch tả, Thần khúc, Đại hoàng, Can khương"
Tiết tả tính,Vị phủ bất hòa,"tiêu chảy, đại tiện lỏng, phân lỏng, phân nát, ỉa chảy, đi lỏng, tiết tả","Thượng vị đầy tức, nôn khan, sôi bụng, tiêu chảy, rêu vàng mỏng nhớt, mạch huyền tế sác",rêu vàng mỏng nhớt,mạch huyền tế sác,Điều hòa vị phủ - Bán hạ tả tâm thang,"Bán hạ, Can khương, Chích thảo, Đại táo, Hoàng cầm, Đẳng sâm, Hoàng liên"
Nhĩ minh,Huyết ứ,"ù tai, tai, điếc, nghe kém, nhĩ minh, nhĩ lung","ù tai tiếng cao nhọn, đầu lưỡi có điểm ứ huyết, kinh nguyệt bế",đầu lưỡi có điểm ứ huyết,,Đào Hồng Tứ Vật Thang hợp Thông Khiếu Hoạt Huyết Thang gia giảm,"Qui đầu, Thục địa, Xích thược, Xuyên khung, Đào nhân, Hồng hoa, Hành, Táo, Xạ hương, Rượu"
Nhĩ minh,Can hỏa,"ù tai, tai, điếc, nghe kém, nhĩ minh, nhĩ lung","đau đầu, mắt đỏ, miệng đắng, khô họng, phiền táo, lúc buồn phiền tức giận tai càng ù, táo bón, rêu lưỡi vàng, mạch Huyền Sác",rêu lưỡi vàng,mạch Huyền Sác,Long đởm tả can thang gia giảm,"Hoàng cầm, Chi tử, Qui đầu, Sài hồ, Mộc thông, Cam thảo, Sinh địa, Long đởm thảo, Sa tiền, Trạch tả, Thuyền thoái"
Nhĩ minh,Đờm hỏa,"ù tai, tai, điếc, nghe kém, nhĩ minh, nhĩ lung","Ngực đầy, đờm nhiều, táo bón, tiểu khó, rêu lưỡi vàng bệu, mạch Hoạt Sác",rêu lưỡi vàng bệu,mạch Hoạt Sác,Ôn đởm thang gia giảm,"Trần bì, Bán hạ, Bạch linh, Táo, Chỉ thực, Trúc nhự, Sinh khương, Cam thảo, Hoàng liên"
Nhĩ minh,Can thận âm hư,"ù tai, tai, điếc, nghe kém, nhĩ minh, nhĩ lung","ù tai như ve kêu, đầu quay quắt không muốn mở mắt, đau đầu liên miên",,,Kỷ cúc địa hoàng hoàn gia giảm,"Đan bì, Bạch linh, Trạch tả, Thục địa, Sơn thù, Hoài sơn, Kỉ tử, Cúc hoa"
Nhĩ minh,Khí hư hạ hãm,"ù tai, tai, điếc, nghe kém, nhĩ minh, nhĩ lung","ù tai, tay chân mệt mỏi, ăn ít, tiêu lỏng, hơi thở ngắn",,,Bổ Trung Ích Khí gia giảm,"Đẳng sâm, Hoàng kỳ, Chích thảo, Thăng ma, Qui đầu, Sài hồ, Bạch truật, Trần Bì"
Tiêu khát,Phế nhiệt,"khát nước, khát nhiều, uống nhiều, uống nước nhiều, đa niệu, tiểu nhiều, đái nhiều, tiểu tiện nhiều","Khát nước, khô họng, lưỡi đỏ ít rêu, mạch sác",lưỡi đỏ ít rêu,mạch sác,Dưỡng âm nhuận phế,"Thiên hoa, Sinh địa, Mạch môn, Cam thảo, Ngũ vị, Gạo nếp"
Tiêu khát,Vị nhiệt,"khát nước, khát nhiều, uống nhiều, uống nước nhiều, đa niệu, tiểu nhiều, đái nhiều, tiểu tiện nhiều","Đói nhiều, ăn nhiều, người gầy, táo bón, lưỡi đỏ rêu vàng, mạch hoạt sác",lưỡi đỏ rêu vàng,mạch hoạt sác,Dưỡng âm sinh tân - Tăng dịch thang,"Huyền sâm, Sinh địa, Mạch môn, Đại hoàng, Thiên hoa, Hoàng liên"
Tiêu khát,Thận âm hư,"khát nước, khát nhiều, uống nhiều, uống nước nhiều, đa niệu, tiểu nhiều, đái nhiều, tiểu tiện nhiều","Tiểu tiện nhiều lần, lượng nhiều, nước tiểu như cao mỡ, khô miệng khát, gầy còm, hồi hộp, lòng bàn tay chân nóng, lưỡi đỏ ít rêu, mạch tế sác",lưỡi đỏ ít rêu,mạch tế sác,Bổ âm,"Đan bì, Thiên môn, Trạch tả, Thiên hoa, Hoài sơn, Sơn thù, ý dĩ, Sa sâm, Kỉ tử, Thạch cao, Biển đậu, Sinh địa, Mạch môn, Thạch hộc, Tang bì, Hoàng liên"
Tiêu khát,Thận dương hư,"khát nước, khát nhiều, uống nhiều, uống nước nhiều, đa niệu, tiểu nhiều, đái nhiều, tiểu tiện nhiều","Tiểu tiện nhiều, sợ lạnh, tay chân lạnh, đau lưng mỏi gối",,,Bổ dương cố sáp,"Thục địa, Đan bì, Bạch linh, Đại hồi, Hoài sơn, Sơn thù, Trạch tả, Tang phiêu tiêu, Kim anh tử, Khiếm thực, Nhục quế"
Tiêu khát,Âm hư,"khát nước, khát nhiều, uống nhiều, uống nước nhiều, đa niệu, tiểu nhiều, đái nhiều, tiểu tiện nhiều","Dưỡng âm thanh nhiệt, sinh tân dịch, bổ thận âm, hoạt huyết hóa ứ",,,Dưỡng âm thanh nhiệt hoạt huyết,"Đan bì, Thiên môn, Trạch tả, Thiên hoa, Hoài sơn, Sơn thù, ý dĩ, Sa sâm, Kỉ tử, Thạch cao, Biển đậu, Sinh địa, Mạch môn, Thạch hộc, Tang bì, Hoàng liên"
Táo bón,Âm hư huyết nhiệt,"táo bón, đại tiện táo, khó đại tiện, phân khô, tiện bí","Táo bón lâu ngày và thường xuyên, khô họng, khô miệng, hay lở loét miệng, lưỡi đỏ ít rêu, người háo, khát nước, hay cáu gắt, mạch tế",lưỡi đỏ ít rêu,mạch tế,"Lương huyết nhuận táo, dưỡng âm nhuận táo","Ma nhân, Sa sâm, Mạch môn, Sinh địa, Huyền sâm, Thạch hộc, Hậu phác, Hạnh nhân, Bá tử nhân, Chỉ thực, Đại hoàng"
Táo bón,Thiếu máu,"táo bón, đại tiện táo, khó đại tiện, phân khô, tiện bí",Táo bón kéo dài ở người thiếu máu,,,Bổ huyết nhuận táo,"Qui đầu, Thục địa, Bạch thược, Bá tử nhân, Ma nhân, Táo, Kỉ tử, Long nhãn, Xuyên khung, Hạnh nhân, Đào nhân, Nhung, Ban long"
Táo bón,Khí hư,"táo bón, đại tiện táo, khó đại tiện, phân khô, tiện bí","Cơ nhão, táo bón, hay đầy bụng, chậm tiêu, ăn kém, ợ hơi",,,Ích khí nhuận tràng,"Đẳng sâm, Bạch truật, Hoàng kỳ, Qui đầu, Cam thảo, Trần bì, Sài hồ, Thăng ma, Nhục thung dung, Bá tử nhân, Ma nhân, Kỉ tử, Nhung, Mật ong"
Táo bón,Khí trệ,"táo bón, đại tiện táo, khó đại tiện, phân khô, tiện bí",Táo bón do ngồi lâu không thay đổi tư thế hoặc do viêm đại tràng mãn tính,,,"Bổ khí, hành khí, nhuận táo","Đẳng sâm, Bạch truật, Hoàng kỳ, Qui đầu, Cam thảo, Trần bì, Sài hồ, Thăng ma, Nhục thung dung, Bá tử nhân, Ma nhân, Kỉ tử, Chỉ thực, Chỉ sác, Hậu phác, Mật ong"
Táo bón,Hàn kết,"táo bón, đại tiện táo, khó đại tiện, phân khô, tiện bí","Đại tiện sáp trệ khó bài tiết, đau bụng khá nặng, ưa ấm ưa trườm",,,Ôn dương trợ khí tán hàn,"Bán hạ, Lưu hoàng, Nhục thung dung, Qui đầu, Mật ong"
Tĩnh mạch viêm tắc,Thấp nhiệt,"chân, bắp chân, cẳng chân, chi dưới, bắp đùi, gân xanh, nổi gân, giãn tĩnh mạch","Bắp chân xưng trướng, xuất hiện sợi mạch cứng rắn như chuỗi thừng và sưng đau, nóng rát đỏ bừng, tiểu vàng, rêu vàng nhớt",rêu vàng nhớt,,"Thanh hoá thấp nhiệt, thông kinh hoạt huyết chỉ thống","Ngưu tất, Mộc qua, Xương truật, Kê huyết đằng, Ô dược, Xích thược, Đào nhân, Trạch tả, Trạch lan"
Tĩnh mạch viêm tắc,Hàn thấp ngưng trệ,"chân, bắp chân, cẳng chân, chi dưới, bắp đùi, gân xanh, nổi gân, giãn tĩnh mạch","Chân nặng, ấn lõm, sáng nhẹ chiều nặng, sợ lạnh, sắc khô dang tươi, bắp đau chân khó co duỗi, ăn uống kém, lưỡi trắng bệu, mạch Tế Nhu hoặc Trầm Tế",lưỡi trắng bệu,mạch Tế Nhu hoặc Trầm Tế,Ôn dương hóa trệ lợi thấp thông kết - Thực Tỳ Ẩm gia giảm,"Bạch truật, Phục linh, Mộc qua, Hậu phác, Thảo đậu khấu, Đại phúc bì, Mộc hương, Phụ tử, Can khương, Cam thảo, Sinh khương, Táo"
Tĩnh mạch viêm tắc,Huyết ứ,"chân, bắp chân, cẳng chân, chi dưới, bắp đùi, gân xanh, nổi gân, giãn tĩnh mạch","Da đau nặng tức, sắc đỏ tím, cử động đau, bắp đau chân hoặc vết ngoằn nghèo, ấn căng cứng, lưỡi có ban tím, mạch Trầm Tế hoặc Trầm Sáp",lưỡi có ban tím,mạch Trầm Tế hoặc Trầm Sáp,Hoạt huyết hóa ứ hành khí tán kết,"Tô mộc, Bạch thược, Tam lăng, Trần bì, Mộc hương, Xích thược, Hồng hoa, Nga truật"
Tĩnh mạch viêm tắc,Tỳ hư không kiện vận,"chân, bắp chân, cẳng chân, chi dưới, bắp đùi, gân xanh, nổi gân, giãn tĩnh mạch","Da vùng bệnh sưng tức ấn lõm, sắc hơi trắng hoặc xanh úa, chân nặng không sức, bụng trên khó chịu, sắc mặt vàng úa, duỗi chân khó, chân lạnh, tiêu lỏng, lưỡi trắng nhạt",lưỡi trắng nhạt,,"Phù Tỳ kiện Vị, ích khí dưỡng huyết - Phòng kỷ hoàng kỳ thang gia giảm","Phòng kỉ, Hoàng kỳ, Cam thảo, Sinh khương, Táo"
Tĩnh mạch viêm tắc,Can uất,"chân, bắp chân, cẳng chân, chi dưới, bắp đùi, gân xanh, nổi gân, giãn tĩnh mạch","Vùng ngực bụng hông sườn có mạch máu bế tắc, đau như kim đâm, đau tức hoặc đột ngột, phiền muộn thở dài, lưỡi đỏ sậm hoặc ban tím, mạch Huyền hoặc Huyền Sáp",lưỡi đỏ sậm hoặc ban tím,mạch Huyền hoặc Huyền Sáp,Thanh Can giải uất hoạt huyết giải độc - Phục nguyên hoạt huyết thang gia giảm,"Sài hồ, Qui đầu, Thiên hoa, Đào nhân, Hồng hoa, Xuyên sơn giáp, Đại hoàng, Cam thảo"
Phong thấp tâm,Phong nhiệt,,"Sốt, đau họng, khát nước, các cơ khớp đau nhức di chuyển, khớp sưng nóng đỏ, lưỡi nhạt vàng, mạch Sác hoặc Phù Sác hay Hoạt Sác",lưỡi nhạt vàng,mạch Sác hoặc Phù Sác hay Hoạt Sác,Bạch Hổ Quế Chi Thang gia giảm,"Thạch cao, Tri mẫu, Quế chi, Cam thảo, Liên kiều, Sinh địa, Bồ công anh, Xích thược, Đan bì, Tang chi"
Phong thấp tâm,Thấp nhiệt,,"Sốt, người nặng nề, khát nước không muốn uống, khớp sưng to nóng, tiểu vàng đậm, rêu lưỡi vàng nhớt, mạch Hoạt Sác",rêu lưỡi vàng nhớt,mạch Hoạt Sác,Quyên Tý Thang hợp Nhị Diệu Tán gia giảm,"Độc hoạt, Thiên niên kiện, Hoạt thạch, Liên kiều, Hạnh nhân, Phòng kỉ, Chi tử, Ý dĩ, Xích tiểu đậu, Tầm sa, Xương truật, Qui đầu, Hoàng bá, Tỳ giải, Trạch tả"
Phong thấp tâm,Hư nhiệt,,"Người nóng, khô da, sốt về chiều hoặc đêm, ra mồ hôi trộm, mệt mỏi, khát nước, chảy máu cam, hồi hộp, khớp đau nóng, lưỡi thon đỏ ít rêu, mạch Tế Sác",lưỡi thon đỏ ít rêu,mạch Tế Sác,Mạch Vị Địa Hoàng Hoàn gia giảm,"Mạch môn, Sinh địa, Liên kiều, Tri mẫu, Huyền sâm, Hoài sơn, Sơn thù, Đan bì, Đan sâm, Bạch linh, Trạch tả, Ngũ vị"
Phong thấp tâm,Huyết hư,,"Sốt nhẹ, các khớp đau nhức hoặc sưng nhẹ, váng đầu, mệt mỏi, sắc mặt tái nhợt, hồi hộp, khó ngủ, lưỡi nhợt, rêu vàng, mạch Tế Sác","lưỡi nhợt, rêu vàng",mạch Tế Sác,Tứ Vật Thang hợp Đương Qui Bổ Huyết Thang gia vị,"Qui đầu, Sinh địa, Xích thược, Sinh khương, A giao, Hoàng kỳ, Hà thủ ô, Ý dĩ, Hi thiêm, Kê huyết đằng, Độc hoạt, Tang kí sinh, Địa long"
Trĩ,Huyết ứ,"trĩ, hậu môn, đại tiện ra máu, tiêu ra máu, đi ngoài ra máu, ỉa ra máu, sa búi, búi trĩ","Đại tiện xong huyết ra từng giọt, táo bón",,,Lương huyết chỉ huyết hoạt huyết khứ ứ,"Hòe hoa, Kinh giới, Sinh địa, Huyền sâm, Trắc bách diệp, Qui đầu, Địa du, Hoàng cầm, Xích thược, Bạch thược, Xuyên khung, Chỉ sác, Hồng hoa, Đào nhân, Đại hoàng"
Trĩ,Thấp nhiệt,"trĩ, hậu môn, đại tiện ra máu, tiêu ra máu, đi ngoài ra máu, ỉa ra máu, sa búi, búi trĩ","Vùng hậu môn sưng đỏ, đau, trĩ sưng to, táo bón, nước tiểu đỏ",,,Thanh nhiệt lợi thấp hoạt huyết chỉ thống,"Trạch tả, Ngân hoa, Chi tử, Chỉ sác, Kinh giới, Đào nhân, Trắc bách diệp, Xích thược, Đương qui, Sinh địa, Cam thảo, Hoàng bá, Đại hoàng"
Trĩ,Khí huyết hư,"trĩ, hậu môn, đại tiện ra máu, tiêu ra máu, đi ngoài ra máu, ỉa ra máu, sa búi, búi trĩ","Tiêu ra máu lâu ngày, chóng mặt, hoa mắt, ù tai, sắc mặt trắng, người mệt mỏi, hơi thở ngắn, tự ra mồ hôi, rêu lưỡi trắng mỏng, mạch Trầm Tế",rêu lưỡi trắng mỏng,mạch Trầm Tế,Bổ khí huyết thăng đề chỉ huyết - Bổ Trung Ích Khí gia giảm,"Đẳng sâm, Hoàng kỳ, Chích thảo, Thăng ma, Qui đầu, Sài hồ, Bạch truật, Trần Bì, Kê huyết đằng"
Huyết hư,Tỳ thận hư,,"Da và niêm mạc trắng bệch, đánh trống ngực, làm việc chóng mệt, hoa mắt, chóng mặt, váng đầu, ù tai, có thể bị ngất, phụ nữ kinh nguyệt không đều, ít hoặc không thấy kinh, lưỡi nhạt, mạch Hư Nhược",lưỡi nhạt,mạch Hư Nhược,Kiện Tỳ Ôn Thận Thang,"Ba kích, Đẳng sâm, Bạch truật, Cam thảo, Trần bì, Thục địa, Nhục quế, Cốt toái bổ, Lộc giác, Hoàng kỳ, Qui đầu, A giao, Hồng sâm phấn, Lộc nhung phấn"
Huyết hư,Khí hư thận hư,,"Da và niêm mạc trắng bệch, đánh trống ngực, làm việc chóng mệt, hoa mắt, chóng mặt, váng đầu, ù tai, có thể bị ngất, phụ nữ kinh nguyệt không đều, ít hoặc không thấy kinh, lưỡi nhạt, mạch Hư Nhược",lưỡi nhạt,mạch Hư Nhược,Sâm Kỳ Tiên Bổ Thang,"Nhân sâm, Hoàng kỳ, Cốt toái bổ, Tiên hạc thảo"
Huyết hư,Âm hư nhiệt độc,,"Da và niêm mạc trắng bệch, đánh trống ngực, làm việc chóng mệt, hoa mắt, chóng mặt, váng đầu, ù tai, có thể bị ngất, phụ nữ kinh nguyệt không đều, ít hoặc không thấy kinh, lưỡi nhạt, mạch Hư Nhược",lưỡi nhạt,mạch Hư Nhược,Lương Huyết Giải Độc Thang,"Linh dương giác, Đan bì, Bán liên chi, Sinh địa, Tây thảo, Hoàng cầm, Ké, Tân di, Tam thất, Hổ phách"
Huyết hư,Tỳ thận hư,,"Da và niêm mạc trắng bệch, đánh trống ngực, làm việc chóng mệt, hoa mắt, chóng mặt, váng đầu, ù tai, có thể bị ngất, phụ nữ kinh nguyệt không đều, ít hoặc không thấy kinh, lưỡi nhạt, mạch Hư Nhược",lưỡi nhạt,mạch Hư Nhược,Ích Huyết Thang,"Nhân sâm, Bạch truật, Qui bản, A giao, Trần bì, Mộc hương, Qui đầu, Bạch thược, Cam thảo, Nhục quế, Long nhãn, Táo"
Huyết hư,Khí huyết lưỡng hư,,"Da và niêm mạc trắng bệch, đánh trống ngực, làm việc chóng mệt, hoa mắt, chóng mặt, váng đầu, ù tai, có thể bị ngất, phụ nữ kinh nguyệt không đều, ít hoặc không thấy kinh, lưỡi nhạt, mạch Hư Nhược",lưỡi nhạt,mạch Hư Nhược,Bát Trân Thang hợp Tam Giao Thang gia giảm,"Tây Đẳng sâm, Thục địa, Tiên hạc thảo, Kê huyết đằng, Bạch truật, Qui đầu, Lộc giác, A giao, Qui bản, Hoàng kỳ, Trích thảo, Mộc hương, Phụ phiến, Tam thất"
Trúng phong,Phong đờm ứ huyết,"liệt, méo miệng, bán thân bất toại, tê bại, khó nói, mất ngôn ngữ, trúng phong, tai biến","Liệt nửa người, miệng méo, lưỡi lệch, lưỡi cứng, nói khó, nửa người giảm cảm giác, váng đầu, hoa mắt, lưỡi tối nhạt, rêu trắng nhạt hoặc trắng nhờn, mạch Huyền Hoạt","lưỡi lệch, lưỡi cứng, lưỡi tối nhạt, rêu trắng nhạt hoặc trắng nhờn",mạch Huyền Hoạt,Hóa Đờm Thông Lạc Thang,"Bán hạ, Phục linh, Bạch truật, Nam tinh, Trúc hoàng, Thiên ma, Hương phụ, Đan sâm, Đại hoàng"
Trúng phong,Can dương thịnh,"liệt, méo miệng, bán thân bất toại, tê bại, khó nói, mất ngôn ngữ, trúng phong, tai biến","Liệt nửa người, nửa người tê dại, lưỡi cứng, khó nói hoặc không nói được, miệng méo, chóng mặt đau đầu, mặt đỏ, mắt đỏ, miệng đắng, khô họng, tâm phiền, dễ tức giận, nước tiểu đỏ, táo bón, lưỡi đỏ hoặc đỏ tím, rêu vàng nhạt, mạch Huyền có lực","lưỡi cứng, lưỡi đỏ hoặc đỏ tím, rêu vàng nhạt",mạch Huyền có lực,Thiên Ma Câu Đằng Ẩm,"Thiên ma, Câu đằng, Thạch quyết minh, Chi tử, Hoàng cầm, Ngưu tất, Ích mẫu, Tang ký sinh, Dạ giao đằng, Bạch linh"
Trúng phong,Đờm nhiệt,"liệt, méo miệng, bán thân bất toại, tê bại, khó nói, mất ngôn ngữ, trúng phong, tai biến","Liệt nửa người, mắt lệch, miệng méo, nói khó hoặc không nói được, nửa người giảm cảm giác, bụng trướng, phân khô, táo bón, váng đầu, hoa mắt, khạc đờm hoặc đờm nhiều, lưỡi đỏ tối hoặc tối nhạt, rêu vàng hoặc vàng nhớt, mạch Huyền Hoạt hoặc Huyền Hoạt mà Đại","lưỡi đỏ tối hoặc tối nhạt, rêu vàng hoặc vàng nhớt",mạch Huyền Hoạt hoặc Huyền Hoạt mà Đại,Hóa đờm thông phủ - Tiểu thừa khí thang,"Đại hoàng, Mang tiêu, Quát lâu, Nam tinh, Đan sâm"
Trúng phong,Khí hư huyết ứ,"liệt, méo miệng, bán thân bất toại, tê bại, khó nói, mất ngôn ngữ, trúng phong, tai biến","Liệt nửa người, miệng méo, lưỡi lệch, nói khó hoặc không nói được, nửa người mất cảm giác, sắc mặt u tối, hơi thở ngắn, không có sức, chảy nước miếng, tự ra mồ hôi, hồi hộp, tiêu lỏng, tay chân phù, lưỡi tối nhạt, rêu trắng hoặc trắng nhạt, mạch Trầm Tế, Tế Sác hoặc Tế Huyền","lưỡi lệch, lưỡi tối nhạt, rêu trắng hoặc trắng nhạt",mạch Trầm Tế,Ích khí hoạt huyết phù chính khứ tà - Bổ Dương Hoàn Ngũ Thang,"Hoàng kỳ, Đương quy vĩ, Xích thược, Địa long, Xuyên khung, Đào nhân, Hồng hoa"
Trúng phong,Âm hư phong động,"liệt, méo miệng, bán thân bất toại, tê bại, khó nói, mất ngôn ngữ, trúng phong, tai biến","Liệt nửa người, miệng méo, lưỡi cứng, nói khó hoặc không nói được, nửa người tê dại, phiền táo, mất ngủ, chóng mặt, ù tai, ngũ tâm phiền nhiệt, lưỡi đỏ sẫm hoặc đỏ tối, ít rêu hoặc không rêu, mạch Tế Huyền hoặc Tế Huyền Sác","lưỡi cứng, lưỡi đỏ sẫm hoặc đỏ tối, ít rêu hoặc không rêu",mạch Tế Huyền hoặc Tế Huyền Sác,Tư dưỡng Can Thận tiềm dương tức phong - Trấn Can Tức Phong Thang,"Ngưu tất, Long cốt, Qui bản, Huyền sâm, Xuyên luyện tử, Nhân trần, Giả thạch, Mẫu lệ, Bạch thược, Thiên môn, Mạch nha, Cam thảo"
Trúng phong,Đờm nhiệt nội bế thanh khiếu,"liệt, méo miệng, bán thân bất toại, tê bại, khó nói, mất ngôn ngữ, trúng phong, tai biến","Đột ngột hôn mê, liệt nửa người, ngạt mũi, đờm khò khè, tay chân gồng cứng co rút, gáy lưng và cơ thể nóng, bứt rứt không yên, tay chân lạnh, có khi nôn ra máu, lưỡi đỏ sẫm, rêu vàng nhờn hoặc khô, mạch Huyền Hoạt Sác","lưỡi đỏ sẫm, rêu vàng nhờn hoặc khô",mạch Huyền Hoạt Sác,Thanh nhiệt hóa đờm tỉnh thần khai khiếu - Linh Dương Giác Thang kèm An Cung Ngưu Hoàng Hoàn,"Linh dương giác, Trân châu, Trúc nhự, Thiên trúc, Xương bồ, Viễn trí, Hạ khô thảo, Đan bì, An Cung Ngưu Hoàng Hoàn"
Trúng phong,Đờm thấp che lấp tâm khiếu,"liệt, méo miệng, bán thân bất toại, tê bại, khó nói, mất ngôn ngữ, trúng phong, tai biến","Cơ thể vốn dương hư, thấp đờm nội uẩn, hôn mê, liệt nửa người, tay chân mềm không ấm hoặc lạnh, mặt trắng, môi xám, đờm dãi nhiều, lưỡi tối nhạt, rêu trắng nhờn, mạch Trầm Hoạt hoặc Trầm Hoãn","lưỡi tối nhạt, rêu trắng nhờn",mạch Trầm Hoạt hoặc Trầm Hoãn,Ôn dương hóa đờm tỉnh thần khai khiếu - Cổn Đờm Thang kèm Tô Hợp Hương Hoàn,"Bán hạ, Trần bì, Phục linh, Nam tinh, Trúc nhự, Xương bồ, Tô Hợp Hương Hoàn"
Trúng phong,"Nguyên khí bại thoát, Thần minh tán loạn","liệt, méo miệng, bán thân bất toại, tê bại, khó nói, mất ngôn ngữ, trúng phong, tai biến","Đột ngột hôn mê, tay chân mềm yếu, ra mồ hôi nhiều, nặng thì toàn thân lạnh, nặng nề, tiêu tiểu không tự chủ, lưỡi mềm, lưỡi đỏ tối, rêu trắng nhờn, mạch Trầm Hoãn hoặc Trầm Vi","lưỡi mềm, lưỡi đỏ tối, rêu trắng nhờn",mạch Trầm Hoãn hoặc Trầm Vi,Ích khí hồi dương cố thoát - Sâm phụ thang,"Nhân sâm, Phụ tử"
Trúng phong,Phong trúng kinh lạc,"liệt, méo miệng, bán thân bất toại, tê bại, khó nói, mất ngôn ngữ, trúng phong, tai biến","Giai đoạn mới phát, liệt nửa người, miệng méo, lưỡi lệch, tê bì",lưỡi lệch,,Dưỡng huyết khu phong thông kinh hoạt lạc - Đại Tần Giao Thang,"Tần giao, Qui đầu, Khương hoạt, Độc hoạt, Bạch chỉ, Bạch thược, Hoàng cầm, Tế tân, Thục địa, Bạch truật, Bạch linh, Xuyên khung, Cam thảo, Thạch cao"
Trúng phong,Khí hư huyết ứ,"liệt, méo miệng, bán thân bất toại, tê bại, khó nói, mất ngôn ngữ, trúng phong, tai biến","Sau giai đoạn cấp, di chứng liệt nửa người, miệng méo, nói khó",,,Bổ khí trừ ứ thông kinh hoạt lạc - Bổ dương hoàn ngũ thang,"Hoàng kỳ, Xuyên khung, Qui xuyên, Đào nhân, Xích thược, Hồng hoa, Địa long"
Ung thư can,"Can khí uất kết, tỳ thất kiện vận","khối u, sụt cân, nuốt nghẹn, ho ra máu, u bướu, sưng hạch, di căn, ung thư","Vùng gan chướng đau liên tục, đau tăng khi ấn gõ, ăn kém, vị quản chướng đầy hoặc đau, toàn thân vô lực, sắc mặt vàng bủng, đại tiện lỏng nát, lưỡi nhợt hoặc bệu to, rìa lưỡi có hằn răng, mạch hư nhược hoặc tế nhược hoặc huyền tế vô lực","lưỡi nhợt hoặc bệu to, rìa lưỡi có hằn răng",mạch hư nhược hoặc tế nhược hoặc huyền tế vô lực,Sài hồ sơ can tán gia giảm,"Sài hồ, Bạch thược, Chỉ sác, Trích thảo, Xuyên khung, Hương phụ, Mẫu lệ, Sinh địa"
Ung thư can,"Huyết ứ nội trở, can lạc bất thông","khối u, sụt cân, nuốt nghẹn, ho ra máu, u bướu, sưng hạch, di căn, ung thư","Đau nhói vùng gan, cự án, bệnh ngày nhẹ đêm nặng, khô miệng, không muốn ăn, sắc mặt sạm đen, hình thể gầy gò, đa số có kỳ nhiệt, da cơ khô, móng tay móng chân khô sác, có thể có bàn tay son, sao mạch, nôn ra máu, ỉa ra máu, lưỡi xám tía có ban điểm ứ huyết, mạch huyền hoặc tế nhược",lưỡi xám tía có ban điểm ứ huyết,mạch huyền hoặc tế nhược,Phục nguyên hoạt huyết thang gia giảm,"Đào nhân, Hồng hoa, Đại hoàng, Thiên hoa phấn, Đương quy, Sài hồ, Xuyên sơn giáp, Tam lăng, Nga truật, Diên hồ sách, Uất kim, Cam thảo"
Ung thư can,"Ứ độc nội trở, ngoan tụ bất tán","khối u, sụt cân, nuốt nghẹn, ho ra máu, u bướu, sưng hạch, di căn, ung thư","Vùng gan đau kịch liệt, đau mỗi ngày một tăng hoặc chướng đau, có lúc sốt cao, có lúc không sốt, bệnh tình tiến triển tăng, vàng da, vàng mắt, có phúc thủy, tiểu vàng đỏ, lưỡi hồng, rêu vàng hoặc vàng nhờn, mạch hoạt sác","lưỡi hồng, rêu vàng hoặc vàng nhờn",mạch hoạt sác,Nhân trần cao thang gia giảm,"Nhân trần, Sơn chi, Đại hoàng, Bạch hoa xà thiệt thảo, Hoàng cầm, Bồ công anh, Sài hồ, Mộc hương, Hương phụ, Diên hồ sách"
Ung thư can,"Khí âm song hao, chính bất thắng tà","khối u, sụt cân, nuốt nghẹn, ho ra máu, u bướu, sưng hạch, di căn, ung thư","Sắc mặt xám đen hoặc xám bệch, thiểu khí phạp lực, loạn ngôn, tự hãn, vùng gan ẩn thống, khí nghịch ẩu thổ, đại tiện lỏng nát, lông tóc khô cứng, móng tay và móng chân khô ráp, lưỡi không có hằn răng, mất rêu, mạch tế nhược","lưỡi không có hằn răng, mất rêu",mạch tế nhược,Lục vị địa hoàng hoàn gia giảm,"Đan bì, Bạch linh, Trạch tả, Thục địa, Sơn thù, Hoài sơn, Miết giáp, Sinh Mẫu lệ, Trần bì, Nhân sâm"
Nhũ tịch,Can uất đờm ngưng,"vú, tuyến vú, đau vú, sưng vú, cục ở vú, núm vú, tắc sữa, áp xe vú","Tinh thần bứt rứt dễ cáu gắt, mất ngủ, hay mơ, bầu vú đau tức, chất lưỡi đỏ, rêu trắng mỏng, mạch Huyền","chất lưỡi đỏ, rêu trắng mỏng",mạch Huyền,Tiêu Dao Bối Lâu Tán hoặc Lục Thần Toàn Yết Hoàn,"Sài hồ, Đương quy, Bạch thược, Bạch truật, Phục linh, Cam thảo, Bối mẫu, Qua lâu, Bạc hà, Sinh khương"
Nhũ tịch,Xung nhâm thất điều,"vú, tuyến vú, đau vú, sưng vú, cục ở vú, núm vú, tắc sữa, áp xe vú","Kèm kinh nguyệt không đều, vùng thắt đau lưng nhức, kinh ít, thống kinh hoặc kinh bế, chất lưỡi đỏ nhạt, rêu trắng mỏng, mạch Huyền Tế hoặc Trầm Tế","chất lưỡi đỏ nhạt, rêu trắng mỏng",mạch Huyền Tế hoặc Trầm Tế,Nhị Tiên Thang,"Tiên mao, Dâm dương hoắc, Qui đầu, Ba kích, Tri mẫu, Hoàng bá, Xuyên khung, Thục địa, Bạch thược"
Nhũ tịch,"Can uất đờm ngưng, khí trệ huyết ứ","vú, tuyến vú, đau vú, sưng vú, cục ở vú, núm vú, tắc sữa, áp xe vú","Nhũ tịch do can uất đờm ngưng, khí trệ huyết ứ",,,Nhũ Tịch Thang,"Sài hồ, Bạch truật, Mẫu lệ, Qui bản, Qui đầu, Hoàng kỳ, Xích thược, Lưỡng đàu tiêm, Bán hạ, Xuyên khung, Bội lan, Trần bì"
Nhũ tịch,Đờm ngưng khí trệ,"vú, tuyến vú, đau vú, sưng vú, cục ở vú, núm vú, tắc sữa, áp xe vú",Nhũ tịch do đờm ngưng khí trệ,,,Qua Lâu Thang Gia Vị,"Qui đầu, Qua lâu, Nhũ hương, Một dược, Cam thảo, Cát cánh, Lệ hạch chi"
Ung thư phế,Âm hư đờm nhiệt,"khối u, sụt cân, nuốt nghẹn, ho ra máu, u bướu, sưng hạch, di căn, ung thư","Đờm ít hoặc đờm trắng dính hoặc có máu, miệng lưỡi khô, sốt về chiều, mồ hôi trộm, lưỡi đỏ rêu mỏng vàng dính, mạch hoạt sác, bệnh lâu ngày người gầy","miệng lưỡi khô, lưỡi đỏ rêu mỏng vàng dính",mạch hoạt sác,Dưỡng âm thanh phế,"Sa sâm, Nam Sa sâm, Mạch môn, Thiên môn, Thạch hộc, Tang bì, Sinh địa, Huyền sâm, Qua lâu, Tử uyển, Rấp cỏ, Bán liên chi, Sơn đậu căn, Lô căn tươi, Ý dĩ, Đông qua nhân, Tỳ bà diệp, A giao, Xuyên Bối mẫu, Sinh thạch cao, Hải giáp sác"
Ung thư phế,Khí âm hư,"khối u, sụt cân, nuốt nghẹn, ho ra máu, u bướu, sưng hạch, di căn, ung thư","Tiếng ho nhỏ, ít đờm, đờm lỏng nhớt, khó thở, mệt mỏi ưa nằm, ăn kém, người gầy, sắc mặt tái nhợt, khô miệng, lưỡi đỏ, mạch tế nhược",lưỡi đỏ,mạch tế nhược,Bổ khí dưỡng âm,"Ngũ vị, Mạch môn, Sa sâm, Đan sâm, Thục địa, Xuyên Bối mẫu, Hoài sơn"
Ung thư phế,Khí huyết ứ trệ,"khối u, sụt cân, nuốt nghẹn, ho ra máu, u bướu, sưng hạch, di căn, ung thư","Khó thở, sườn đau tức ngực, váng đầu, ho đàm khó khạc, đàm có dính máu, giãn tĩnh mạch thành ngực hoặc tràn dịch màng phổi, môi lưỡi tím có nốt ứ huyết, rêu lưỡi mỏng vàng, mạch huyền sáp","môi lưỡi tím có nốt ứ huyết, rêu lưỡi mỏng vàng",mạch huyền sáp,"Hành khí hoạt huyết, hoá đàm nhuyễn kiên","Hạ khô thảo, Hải tảo, Bối mẫu, Huyền sâm, Thiên hoa, Xích thược, Xuyên sơn giáp"
Ung thư phế,Khí âm lưỡng hư,"khối u, sụt cân, nuốt nghẹn, ho ra máu, u bướu, sưng hạch, di căn, ung thư","Ung thư phổi thể khí âm lưỡng hư, ho khan, đờm dính hoặc có máu, người gầy, mệt mỏi",,,Bài thuốc kinh nghiệm(không có tên cụ thể),"Sa sâm, Hoài sơn, Rấp cá, Bán liên chi, Bạch hoa xà, Thiên môn, Mạch môn, Xuyên Bối mẫu, Tri mẫu, A giao, Tang diệp, Bạch linh, Sinh địa, Tam thất, Cam thảo"
Ung thư não – U não,Âm hư nhiệt kết,"khối u, sụt cân, nuốt nghẹn, ho ra máu, u bướu, sưng hạch, di căn, ung thư","U não, đau đầu, mờ mắt, chóng mặt, choáng ngất, sắc mặt vàng héo, người gầy, lưỡi đỏ nhẵn bóng không rêu, ngủ mê, mạch thốn hồng xích sáp",lưỡi đỏ nhẵn bóng không rêu,mạch thốn hồng xích sáp,Bổ âm thanh nhiệt thông khiếu,"Sinh địa, Huyền sâm, Xương bồ, Bạch thược, Uất kim, Qui bản, Thiên trúc hoàng, Thạch quyết minh, Trân châu mẫu, Đại giả thạch, Ngưu tất, Câu đằng, Viễn trí, Quất lạc, Đào nhân, Đương qui, Trúc nhự, Địa long"
Ung thư não – U não,Âm hư nhiệt kết,"khối u, sụt cân, nuốt nghẹn, ho ra máu, u bướu, sưng hạch, di căn, ung thư","U lành tuyến yên, choáng váng đầu, mất ngủ, mộng mị nhiều, lòng dạ dày dứt rối bời, thắt lưng mỏi, đầu gối yếu, sắc mặt xám xịt, tóc rụng, lưỡi đỏ, rêu trắng, mạch huyền hoạt","lưỡi đỏ, rêu trắng",mạch huyền hoạt,Bổ âm thanh nhiệt,"Đan sâm, Hà thủ ô, Xương bồ, Cúc hoa, Nữ trinh tử, Sơn từ cô, Mẫu lệ, Bạch hoa xà"
Ung thư não – U não,Tỳ hư đàm kết,"khối u, sụt cân, nuốt nghẹn, ho ra máu, u bướu, sưng hạch, di căn, ung thư","Đầu óc choáng váng, mờ mắt, kinh nguyệt rối loạn, u tuyến yên, đầu óc không tỉnh táo, nhìn vật không rõ, thiểu khí, lười nói, tự nhiên ra mồ hôi, đại tiện nát, hai đầu vú tràn sữa, lưỡi nhạt, mạch tế nhược",lưỡi nhạt,mạch tế nhược,Kiện tỳ hóa đàm,"Bán hạ, Nam tinh, Cương tàm, Thạch kiến xuyên, Mẫu lệ, Hoàng kỳ, Đương qui, Cam thảo, Bạch truật, Phù tiểu mạch, Bạch biển đậu"
Ung thư não – U não,Đàm thấp nội trở,"khối u, sụt cân, nuốt nghẹn, ho ra máu, u bướu, sưng hạch, di căn, ung thư","U não, lợm giọng buồn nôn, nôn mửa, đau đầu, mờ mắt",,,Hóa đàm trừ thấp,"Bán hạ, Trần bì, Uy linh tiên, Vân linh, Đởm nam tinh, Chỉ thực, Bạch truật, Xương bồ, Trúc nhự, Thanh mông thạch, Qua lâu, Trư linh"
Ung thư não – U não,Tỳ thận dương hư,"khối u, sụt cân, nuốt nghẹn, ho ra máu, u bướu, sưng hạch, di căn, ung thư","U não, tay chân lạnh, đau đầu, đau nhiều về sáng, đại tiện lỏng loãng, mạch xích trầm nhược",,mạch xích trầm nhược,Ôn bổ tỳ thận,"Thục địa, Sơn thù, Thỏ ty tử, Ích trí nhân, Vân linh, Trạch tả, Phụ tử, Nhục quế, Ngưu tất, Lộc giác giao, Xa tiền tử, Bổ cốt chỉ, Bạch truật"
Ung thư não – U não,Âm hư huyết ứ,"khối u, sụt cân, nuốt nghẹn, ho ra máu, u bướu, sưng hạch, di căn, ung thư","Người gầy, lưỡi đỏ ít rêu có vết bầm tím, ngủ kém mê nhiều, đau như dùi đâm",lưỡi đỏ ít rêu có vết bầm tím,,Tư âm hoạt huyết,"Thục địa, Hoài sơn, Sơn thù, Đan bì, Bạch linh, Trạch tả, Đan sâm, Kỉ tử, Bán liên chi, Bạch hoa xà, Mạn kinh tử, Cúc hoa, Chỉ thực, Táo nhân, Liên nhục"
Ung thư não – U não,Can nhiệt,"khối u, sụt cân, nuốt nghẹn, ho ra máu, u bướu, sưng hạch, di căn, ung thư","U não, miệng đắng, chóng mặt, mạch huyền sác",,mạch huyền sác,Thanh can nhiệt,"Sinh địa, Xích thược, Đởm thảo, Hoàng cầm, Trạch tả, Mộc thông, Ngưu tất, Chỉ tử, Đương qui, Hạ khô thảo, Cúc hoa, Xà lục cốc, Xa tiền thảo"
Uất chứng,Can khí uất kết,"căng thẳng, uất ức, buồn phiền, trầm cảm, lo âu, stress, tinh thần không, hay thở dài","Tinh thần căng thẳng, tâm trí không yên, ngực sườn đầy tức căng đau không cố định, ợ hơi, kém ăn, rêu trắng, mạch huyền",rêu trắng,mạch huyền,Sơ can lí khí giải uất,"Sài hồ, Bạch thược, Chỉ sác, Xuyên khung, Hương phụ, Sơn tra, Mạch nha, Thần khúc, Thanh bì, Sơn chi, Xương truật"
Uất chứng,Đờm trệ khí uất,"căng thẳng, uất ức, buồn phiền, trầm cảm, lo âu, stress, tinh thần không, hay thở dài","Mai hạch khí, cổ họng vướng mắc như bị tắc nghẹn, khạc không ra, nuốt không trôi, lúc tụ lúc tan, ngực buồn tức, rêu trắng, mạch huyền",rêu trắng,mạch huyền,"Hoá đờm, lợi khí, giải uất","Bán hạ, Bạch linh, Tô diệp, Hậu phác, Sinh khương, Táo"
Uất chứng,Tổn thần,"căng thẳng, uất ức, buồn phiền, trầm cảm, lo âu, stress, tinh thần không, hay thở dài","Tinh thần hoảng hốt không yên, u buồn muốn khóc, có lúc trầm ngâm, lưỡi nhạt, mạch tế",lưỡi nhạt,mạch tế,Dưỡng tâm an thần,"Cam thảo, Tiểu mạch, Táo, Táo nhân, Bạch linh, Hợp hoan bì, Bá tử nhân"
Uất chứng,Tâm tỳ hư,"căng thẳng, uất ức, buồn phiền, trầm cảm, lo âu, stress, tinh thần không, hay thở dài","Lo nghĩ hại tỳ, mất ngủ hay quên, sắc mặt không tươi, choáng đầu, mệt mỏi, chán ăn, lưỡi nhạt, mạch tế",lưỡi nhạt,mạch tế,Kiện tỳ dưỡng tâm bổ khí huyết,"Sinh khương, Bạch truật, Phục thần, Thục địa, Mộc hương, Viễn trí, Táo nhân, Qui đầu, Long nhãn, Đẳng sâm, Hoàng kỳ"
Ung thư thận,Âm hư hỏa vượng – tâm thận bất giao,"khối u, sụt cân, nuốt nghẹn, ho ra máu, u bướu, sưng hạch, di căn, ung thư","Đột nhiên ngất, mặt mày xanh xám, môi miệng tím đen, răng nghiến chặt, trợn mắt, mồ hôi vã ra toàn thân, tay chân tê liệt, mệt nhọc hoặc ấn vào thắt lưng thì tái phát, chóng mặt đau đầu, hai mắt quầng đen, bức bối trong ngực, tim đập loạn nhịp, thở đoản hơi, hay nôn nóng cáu gắt, có lúc đau ngực",,,Tư âm phong hỏa,"Xuyên Hoàng liên, Hoàng cầm, A giao, Nữ trinh, Bạch thược, Hán liên thảo, Sinh địa, Ích mẫu, Kê tử hoàng, Sinh Mẫu lệ, Hạ khô thảo"
Ung thư thận,Vết mổ không lành,"khối u, sụt cân, nuốt nghẹn, ho ra máu, u bướu, sưng hạch, di căn, ung thư","Khối u thận tế bào ác tính đã cắt bỏ nhưng miệng lỗ vết cắt lâu ngày không khỏi, sắc mặt trắng bệch, gầy gò hốc hác, tinh thần mệt mỏi, sức yếu ớt, màu da quanh miệng vết cắt xám đen, bị sụt lõm, mầm thịt trắng xanh, ấn ép có nước chảy mủ ra lúc đục lúc loãng, mùi hôi thối, lưỡi nhạt béo, rêu trắng nhuận, mạch trầm cấp, thốn vô lực","lưỡi nhạt béo, rêu trắng nhuận",mạch trầm cấp,"Ôn dương ích khí, điền bổ tinh huyết, nội thác bài nung","Sinh Hoàng kỳ, Pháo Phụ tử, Ý dĩ, Bại tương thảo, Bạch thược, Sinh Cam thảo, Thục địa, Lộc giác sương, Bạch giới tử, Ma hoàng, Nhục quế, Pháo khương"
Ung thư thận,Khí trệ huyết ứ ,"khối u, sụt cân, nuốt nghẹn, ho ra máu, u bướu, sưng hạch, di căn, ung thư","Đau nhiều, lưỡi có vết bầm tím, mạch sáp",lưỡi có vết bầm tím,mạch sáp,"Hành khí hoạt huyết, hóa ứ chỉ thống","Đại hoàng, Thủy điệt, Nga truật, Thổ miết trùng, Sinh địa, Hồng sâm, Hoàng kỳ, Giáp châu, Xích thược"
Ung thư thận,Khí trệ huyết ứ ,"khối u, sụt cân, nuốt nghẹn, ho ra máu, u bướu, sưng hạch, di căn, ung thư","Đau nhiều, lưỡi có vết bầm tím, mạch sáp",lưỡi có vết bầm tím,mạch sáp,"Hoạt huyết hóa ứ, thanh nhiệt giải độc","Tiểu kế, Cù mạch, Thạch kiến xuyên, Đại kế, Bạch hoa xà, Bán liên chi, Xích thược, Pháo sơn giáp, Tục đoạn, Ngưu tất, Trư linh"
Ung thư thận,Thận dương hư,"khối u, sụt cân, nuốt nghẹn, ho ra máu, u bướu, sưng hạch, di căn, ung thư","Ung thư thận, tay chân lạnh giá",,,"Ôn bổ thận dương, hoạt huyết giải độc","Nhục quế, Chế phụ phiến, Thục địa, Sơn dược, Sơn du, Phục linh, Dâm dương hoắc, Tam thất phấn, Nhân sâm, Đan sâm, Bán liên chi, Bạch hoa xà"
Ung thư bàng quang,Thấp nhiệt hóa hỏa,"bàng quang, tiểu buốt, tiểu rắt, tiểu khó, bí tiểu, tiểu ra máu, tiểu nhiều lần, khối u","Tiểu ra máu từng lúc, màu đỏ tươi hoặc có máu cục, thường không đau, chất lưỡi đỏ, rêu vàng nhớt khô, mạch Huyền Sác","chất lưỡi đỏ, rêu vàng nhớt khô",mạch Huyền Sác,Tiểu kế ẩm tử gia giảm,"Tiểu kế, Bồ hoàng, Sinh địa, Hoàng bá, Mao căn, Ích mẫu, Đan bì, Đại hoàng, Xích thược, Địa du, Đạm Trúc diệp, Bạch vi, Sa tiền, Chi tử, Hoạt thạch"
Ung thư bàng quang,Thấp nhiệt ở hạ tiêu,"bàng quang, tiểu buốt, tiểu rắt, tiểu khó, bí tiểu, tiểu ra máu, tiểu nhiều lần, khối u","Tiểu ra máu hoặc trong nước tiểu có máu, tiểu tiện khó hoặc đau bụng dưới, đau tức, tiểu vàng, chất lưỡi đỏ rêu nhớt khô, mạch Huyền",chất lưỡi đỏ rêu nhớt khô,mạch Huyền,Long đởm tả can thang gia giảm,"Long đởm thảo, Chi tử, Hoàng cầm, Sài hồ, Sa tiền, Trạch tả, Mộc thông, Biển xúc, Cù mạch, Hoạt thạch, Bạch hoa xà, Bán liên chi, Bạch anh, Thổ phục linh"
Ung thư bàng quang,Âm hư thấp nhiệt,"bàng quang, tiểu buốt, tiểu rắt, tiểu khó, bí tiểu, tiểu ra máu, tiểu nhiều lần, khối u","Bệnh lâu ngày, mất máu, phần âm bị tổn thương, chóng mặt, ù tai, lưng gối đau mỏi, lòng bàn tay chân nóng, ra mồ hôi trộm, sốt về chiều, huyết niệu nhiều lần tái phát, lưỡi đỏ, rêu ít vàng, mạch Huyền Tế Sác","lưỡi đỏ, rêu ít vàng",mạch Huyền Tế Sác,Tri bá địa hoàng hoàn gia giảm,"Sinh địa, Hoài sơn, Sơn thù, Bạch linh, Đan bì, Trạch tả, Tri mẫu, Hoàng bá, Ngưu tất, Tang kí sinh, Nữ trinh tử, Hạn niên thảo, Ích mẫu, Mao căn, Qui bản"
Thực quản ái,Đàm khí uất kết,"khối u, sụt cân, nuốt nghẹn, ho ra máu, u bướu, sưng hạch, di căn, ung thư","Ngực đầy, đau tức hoặc khó thở, nấc cụt, ợ hơi, khó nuốt, khô miệng, táo bón, rêu lưỡi trắng dày, mạch Huyền Hoạt",rêu lưỡi trắng dày,mạch Huyền Hoạt,Toàn phúc đại giả thạch thang gia giảm,"Toàn phúc hoa, Đại giả thạch, Bán hạ, Hương phụ, Mộc hương, Uất kim, Đan sâm, Phục linh, Chỉ sác, Cát cánh, Qua lâu, Phỉ bạch, Uy linh tiên, Nam tinh, Bạch anh, Hạ khô thảo, Trúc nhự, Ngõa lăng tử"
Thực quản ái,Huyết ứ,"khối u, sụt cân, nuốt nghẹn, ho ra máu, u bướu, sưng hạch, di căn, ung thư","đau ngực, ăn vào nôn ra, nặng thì khó uống nước, phân như phân dê, người gầy khô da, lưỡi đỏ khô, mạch Tế Sáp",lưỡi đỏ khô,mạch Tế Sáp,Đào hồng tứ vật thang gia giảm,"Sinh địa, Qui đầu, Bạch thược, Xuyên khung, Đào nhân, Hồng hoa"
Thực quản ái,Nhiệt độc thương âm,"khối u, sụt cân, nuốt nghẹn, ho ra máu, u bướu, sưng hạch, di căn, ung thư","Nuốt rất khó, lưng đau ngực bỏng rát, khô miệng, khô họng, ngũ tâm phiền nhiệt, táo bón, chất lưỡi đỏ, rêu ít hoặc không rêu, mạch Huyền Tế Sác","chất lưỡi đỏ, rêu ít hoặc không rêu",mạch Huyền Tế Sác,Tư âm thông cách ẩm gia giảm,"Bồ công anh, Hoàng liên, Chi tử, Sinh địa, Qui đầu, Xuyên khung, Sa sâm, Mạch môn, Huyền sâm, Tỳ bà diệp, Lô căn, Bạch hoa xà, Bán liên chi, Bạch anh, Hạ khô thảo"
Thực quản ái,Âm dương lưỡng hư,"khối u, sụt cân, nuốt nghẹn, ho ra máu, u bướu, sưng hạch, di căn, ung thư","Nuốt không xuống, ngày càng gầy, mệt mỏi, hồi hộp, sắc mặt tái nhợt, tay chân thân mình mát lạnh, mặt sưng, chân phù, sắc lưỡi nhạt, mạch Tế Nhược",sắc lưỡi nhạt,mạch Tế Nhược,Bát trân thang hợp Bát vị hoàn gia giảm,"Hồng sâm, Hoàng kỳ, Thục địa, Xa nhân, Hoài sơn, Nhục quế, Kỉ tử, Phụ tử, Qui đầu, Bạch thược, Bạch linh, Táo, Cam thảo, Sinh khương"
Vị ái,Can vị bất hòa,"khối u, sụt cân, nuốt nghẹn, ho ra máu, u bướu, sưng hạch, di căn, ung thư","Vùng thượng vị đầy đau, ợ mùi thối, buồn nôn, nôn, mạch Huyền",,mạch Huyền,Tiêu dao tán hợp Tuyền phúc đại giả thang gia giảm,"Sài hồ, Bạch thược, Bạch truật, Qui đầu, Hoàng liên, Bán hạ, Chỉ sác, Hậu phác, Trầm hương, Xuyên luyện tử, Tuyền phúc hoa, Đại giả thạch"
Vị ái,Tỳ vị hư hàn,"khối u, sụt cân, nuốt nghẹn, ho ra máu, u bướu, sưng hạch, di căn, ung thư","đau bụng âm ỉ, ấn vào hoặc chườm nóng giảm, mệt mỏi, tay chân lạnh, tiêu lỏng, lưỡi nhạt bệu có dấu răng, mạch Trầm Huyền Nhược",lưỡi nhạt bệu có dấu răng,mạch Trầm Huyền Nhược,"Hoàng kỳ kiến trung thang, Hương Sa Lục Quân Thang gia giảm","Hoàng kỳ, Quế chi, Táo, Bạch thược, Cam thảo, Sinh khương, Di đường, Trần bì, Bán hạ, Mộc hương, Đẳng sâm, Bạch truật, Bạch linh, Xa nhân"
Vị ái,Vị âm hư,"khối u, sụt cân, nuốt nghẹn, ho ra máu, u bướu, sưng hạch, di căn, ung thư","Cảm giác nóng cồn cào vùng thượng vị, khô miệng, ăn vào đau nhiều, ngũ tâm phiền nhiệt, táo bón, lưỡi đỏ không rêu, mạch Tế Sác",lưỡi đỏ không rêu,mạch Tế Sác,"Mạch môn đông thang, Nhất quán tiễn gia giảm","Mạch môn, Đẳng sâm, Bán hạ, Ngạch mễ, Táo, Cam thảo, Xuyên luyện tử, Sa sâm, Qui đầu, Kỉ tử, Sinh địa"
Vị ái,Huyết ứ,"khối u, sụt cân, nuốt nghẹn, ho ra máu, u bướu, sưng hạch, di căn, ung thư","Vùng thượng vị đau dữ dội như dao đâm, đau cố định, không cho sờ vào khối u, đại tiện phân đen, chất lưỡi tím bầm hoặc có vết ban ứ huyết, mạch Trầm Sáp",chất lưỡi tím bầm hoặc có vết ban ứ huyết,mạch Trầm Sáp,Đào hồng tứ vật hợp Thất tiếu tán gia giảm,"Qui đầu, Thục địa, Xích thược, Xuyên khung, Đào nhân, Hồng hoa, Tam thất, Đan sâm, Bạch thược, Chỉ sác, Bồ hoàng, Ngũ linh chi"
Vị ái,Khí huyết đều hư,"khối u, sụt cân, nuốt nghẹn, ho ra máu, u bướu, sưng hạch, di căn, ung thư","Thời kỳ cuối, cơ thể gầy đét, tinh thần mệt mỏi, môi lưỡi nhợt nhạt",môi lưỡi nhợt nhạt,,Thập toàn đại bổ thang gia giảm,"Nhân sâm, Hoàng kỳ, Bạch truật, Bạch linh, Trích thảo, Qui đầu, Thục địa, A giao, Hà thủ ô"
Vị ái,Lợi huyết thang,"khối u, sụt cân, nuốt nghẹn, ho ra máu, u bướu, sưng hạch, di căn, ung thư","Tăng cường sức đề kháng, giảm tác dụng phụ hóa trị",,,Lợi huyết thang,"Hoàng kỳ, Thái tử sâm, Kê huyết đằng, Bạch truật, Bạch linh, Kỉ tử, Nữ trinh tử, Thỏ ti tử"
Vị ái,Tỳ thận phương,"khối u, sụt cân, nuốt nghẹn, ho ra máu, u bướu, sưng hạch, di căn, ung thư","Tăng cường sức đề kháng, giảm tác dụng phụ hóa trị",,,Tỳ thận phương,"Đẳng sâm, Kỉ tử, Nữ trinh tử, Thỏ ti tử, Bạch truật, Cốt toái bổ"
Vị ái,Địa hoàng thang,"khối u, sụt cân, nuốt nghẹn, ho ra máu, u bướu, sưng hạch, di căn, ung thư","Tăng cường sức đề kháng, ức chế bệnh phát triển",,,Địa hoàng thang,"Sinh địa, Đẳng sâm, Hoàng tinh, Biển đậu, Hoàng kỳ"
Vị ái,"Ưu uất khí kết, khí trệ huyết ứ","khối u, sụt cân, nuốt nghẹn, ho ra máu, u bướu, sưng hạch, di căn, ung thư","Đau ngâm ngẩm dạ dày, ăn giảm, nôn ra máu, đại tiện phân đen, sờ thấy khối u cứng rắn",,,"Lý khí hoạt huyết, tiêu thũng kiên","Cẩu khởi, Quất diệp, Chỉ xác, Trần bì, Bát nguyệt trát, Phật thủ, Đinh hương, Hồng hoa, Qủa cau, Đan sâm, Xích thược, Mẫu lệ, Thạch sùng, Mộc hương, Hương phụ, Dĩ nhân, Hợp hoan bì, Phục linh"
Vị ái,Thời kỳ cuối di căn,"khối u, sụt cân, nuốt nghẹn, ho ra máu, u bướu, sưng hạch, di căn, ung thư","Đau rên rỉ liên tục, tinh thần mệt mỏi, ăn uống kém",,,"Hóa kết, hoạt huyết, tiêu thũng","Bột giả thạch, Hải tảo, Hoàn phục hoa, Toàn lăng, Côn bố, Nga truật, Hạ khô thảo, Xích thược, Miết giáp, Bạch mao căn, Bạch hoa xà, Mật ong"
Vị ái,Đàm ứ trở,"khối u, sụt cân, nuốt nghẹn, ho ra máu, u bướu, sưng hạch, di căn, ung thư","khó nuốt, đau tắc nghẽn, lưỡi nhạt rêu nhẫy bẩn, mạch tế hoạt",lưỡi nhạt rêu nhẫy bẩn,mạch tế hoạt,Hóa đàm trừ ứ,"Thảo ô, Mộc miết tử, Ngũ linh chi, Bạch giao hương, Xạ hương, Hương mặc, Mạt dược, Đương qui, Địa long, Nhũ hương"
Vị ái,Tỳ vị hư hàn,"khối u, sụt cân, nuốt nghẹn, ho ra máu, u bướu, sưng hạch, di căn, ung thư","Ung thư dạ dày thể hàn hư, đau bụng âm ỉ, thích ấm, mệt mỏi, ăn kém",,,Ôn trung tán hàn,"Hồng sâm, Bạch truật cháy, Bán hạ, Lương khương, Tảo hưu, Phòng phong, Sinh dĩ nhân, Mạt dược, Sa nhân, Mộc hương, Sơn giáp sao, Văn truật, Cam thảo, Sinh khương, Táo tầu"
Vị ái,Khí trệ huyết ứ,"khối u, sụt cân, nuốt nghẹn, ho ra máu, u bướu, sưng hạch, di căn, ung thư","Ung thư dạ dày, đau thượng vị, ăn kém, buồn nôn, gầy sút",,,Lí vị hoá kết thang,"Đẳng sâm, Phục linh, Thục địa, Thiên đông, Bạch truật, Ô dược, Khiếm thảo, Nguyên hồ, Bối mẫu, Nội kim, Mộc hương, Bạch anh, Cốc mộc thảo, Bạch hoa xà, Cam thảo, Đại táo, Tam thất"
Vị ái,Can khí uất kết,"khối u, sụt cân, nuốt nghẹn, ho ra máu, u bướu, sưng hạch, di căn, ung thư","Can khí không khai thông, khí huyết ư kết, đau tức ngực sườn, ợ hơi",,,Sài hồ khai thông gan thang,"Sài hồ, Bạch thược, Chỉ thực, Trần bì, Hương phụ, Uất kim, Diên hồ, Sinh khương, Đinh hương, Lá cây hỉ thụ"
Vị ái,Tỳ vị hư hàn,"khối u, sụt cân, nuốt nghẹn, ho ra máu, u bướu, sưng hạch, di căn, ung thư","Ung thư dạ dày thể tỳ vị hư hàn, đau bụng âm ỉ, sợ lạnh, mệt mỏi",,,Ôn trung tán hàn,"Nhân sâm, Bạch truật, Can khương, Hồng khấu, Ngô du, Đinh hương, Cuống tai hồng, Đàn hương, Nhục quế, Phụ phiến, Bán hạ, Kha tử"
Vị ái,Can vị bất hòa,"khối u, sụt cân, nuốt nghẹn, ho ra máu, u bướu, sưng hạch, di căn, ung thư","Ung thư dạ dày thể can vị bất hòa, đau thượng vị, ợ hơi, buồn nôn",,,Sơ can hòa vị,"Sài hồ, Chỉ xác, Hoàn phục hoa, Đại giả thạch, Bán hạ, Cam thảo, Tiêu tam tiên, Hồng hoa"
Vị ái,Đàm thấp ngưng kết,"khối u, sụt cân, nuốt nghẹn, ho ra máu, u bướu, sưng hạch, di căn, ung thư","Ung thư dạ dày thể đàm thấp ngưng kết, đầy bụng, buồn nôn, rêu lưỡi dày nhớt",rêu lưỡi dày nhớt,,Hóa đàm trừ thấp,"Can khương, Nhũ hương, Phục linh, Trần bì, Pháp hạ, Sinh nam tinh, Hoàng dược tử, Thũng tiết phong, Hải tảo, Hạ khô thảo, Ngô du"
Vị ái,Khí huyết đều thiếu,"khối u, sụt cân, nuốt nghẹn, ho ra máu, u bướu, sưng hạch, di căn, ung thư","Ung thư dạ dày thể khí huyết đều thiếuUng thư dạ dày thể khí huyết đều thiếu, người gầy, mệt mỏi, sắc mặt nhợt",,,Bổ khí dưỡng huyết,"Nhân sâm, Hoàng kì, Đương qui, Bạch truật, Bạch thược, Thục địa, Nga truật, Thạch kiên xuyên"
Vị ái,Nhiệt vị thương âm,"khối u, sụt cân, nuốt nghẹn, ho ra máu, u bướu, sưng hạch, di căn, ung thư","Ung thư dạ dày thể nhiệt vị thương âm, nóng rát thượng vị, khô miệng, táo bón",,,Thanh nhiệt dưỡng âm,"Thạch cao, Hàn thuỷ thạch, Tri mẫu, Sa sâm, Ngọc trúc, Thạch hộc, Trúc nhự, Đại hoàng"
Vị ái,Ứ độc nội trở,"khối u, sụt cân, nuốt nghẹn, ho ra máu, u bướu, sưng hạch, di căn, ung thư","Ung thư dạ dày thể ứ độc nội trở, đau dữ dội, có khối u, đại tiện đen",,,Hoạt huyết hóa ứ giải độc,"Ngũ linh chi, Sinh bồ hoàng, Nga truật, Miết giáp, Giáp châu, Tảo hưu, Thạch kiến xuyến, Thổ miết trùng, Xích thược"
Vị ái,Khí huyết hư,"khối u, sụt cân, nuốt nghẹn, ho ra máu, u bướu, sưng hạch, di căn, ung thư","Ung thư dạ dày sau phẫu thuật hoặc chưa cắt bỏ, mệt mỏi, ăn kém, đau nhẹ",,,Hoà khí dưỡng vinh thang gia giảm,"Uất kim, Nguyên hồ, Bạch truật, Phục linh, Đẳng sâm sao, Đương quy sao, Hoàng kỳ, Nga truật, Lục ngác mai, Cam thảo, Mạch nha"
Vị ái,Đàm ứ kết,"khối u, sụt cân, nuốt nghẹn, ho ra máu, u bướu, sưng hạch, di căn, ung thư","Ung thư dạ dày, khó nuốt, nôn, đau, gầy sút",,,Đại giải thạch hoàn phục thang gia giảm,"Sinh giả thạch, Hoàn phục hoa, Bán hạ, Thủy điệt, Ngô công, Mẫu lệ, Hải thạch, Đẳng sâm, Nội kim, Mạch nha, Tô tử, Trúc như, Vĩ căn"
Vị ái,Độc ứ,"khối u, sụt cân, nuốt nghẹn, ho ra máu, u bướu, sưng hạch, di căn, ung thư","Ung thư dạ dày, đau bụng, buồn nôn, gầy sút",,,Tam tử hoàn,"Hoàng dược tử, Thiên quỳ tử, Toán bàn tử"
Vị ái,Khí trệ huyết ứ,"khối u, sụt cân, nuốt nghẹn, ho ra máu, u bướu, sưng hạch, di căn, ung thư","Ung thư dạ dày, đau thượng vị, ăn kém, ợ hơi, gầy sút",,,Nhị sâm thang,"Lưỡng đầu tiêm, Bán hạ, Sa sâm, Đan sâm, Bối xác, Thảo khấu, Khương phác, Vân linh, Cam thảo, Mộc hương, Trần bì, Ngõa lăng tử, Hương phụ, Nguyên hồ, Kê nội kim, Cốc nha"
Vị ái,"Ung thư dạ dày, đau thượng vị, ăn kém, ợ hơi, gầy sút","khối u, sụt cân, nuốt nghẹn, ho ra máu, u bướu, sưng hạch, di căn, ung thư","Ung thư dạ dày thể khí kết thương âm, đau tức, khô miệng, táo bón",,,Hành khí tiểu nham thang,"Đan sâm, Phục linh, Uất kim, Sa nhân, Thốn đông, Qua lâu, Bán liên chi, Cóc khô, Thủy điệt, Hà diệp"
Vị ái,Khí huyết hư,"khối u, sụt cân, nuốt nghẹn, ho ra máu, u bướu, sưng hạch, di căn, ung thư","Ung thư dạ dày thời kỳ giữa, kết hợp hóa trị, mệt mỏi, ăn kém",,,Thăng ngư thang,"Hoàng kỳ, Thái tử sâm, Kê huyết đằng, Bạch truật, Vân linh, Cẩu khởi tử, Thỏ ty tử"
Vị ái,Khí ứ kết,"khối u, sụt cân, nuốt nghẹn, ho ra máu, u bướu, sưng hạch, di căn, ung thư","Ung thư dạ dày, đau thượng vị, ăn kém, buồn nôn, gầy mòn",,,Lí vị hóa kết thang,"Đẳng sâm, Bạch truật, Phục linh, Cam thảo, Hoàng kỳ, Thục địa, Hoàng tinh, Bạch mao đằng, Bạch hoa xà, Tam thất, Đại táo, Sa sâm"
Vị ái,Khí uất thương âm,"khối u, sụt cân, nuốt nghẹn, ho ra máu, u bướu, sưng hạch, di căn, ung thư","Ung thư dạ dày, khó nuốt, đau, nôn, táo bón",,,Lí vị thông quan thang,"Đẳng sâm, Bạch truật, Phục linh, Cam thảo, Ngô du, Mạch cốc nha, Xà thiệt thảo, Kê nội kim, Bạch nhân, Sa sâm, Điền tam thất, Thục địa"
Ngân tiết,Phong nhiệt,"ngứa, mẩn, ban, mụn, ghẻ, da, phát ban, mề đay","Những nốt chấm xuất hiện nhiều và liên tục, lâu ngày to dần, màu trắng đục, ngứa nhiều, mọc ở tay chân hoặc đầu mặt, gây hoại tử da sau đó có chấm xuất huyết, kèm sốt, khát, khô họng, đau, lưỡi đỏ sậm, rêu hơi vàng, mạch Phù Sác","lưỡi đỏ sậm, rêu hơi vàng",mạch Phù Sác,Hoè hoa thang gia giảm,"Hòe hoa, Sinh địa, Thổ phục linh, Thăng ma, Tử thảo, Địa phụ tử, Ké"
Ngân tiết,Phong huyết táo,"ngứa, mẩn, ban, mụn, ghẻ, da, phát ban, mề đay","Nhiều nốt ban chẩn mới ít xuất hiện, những nốt cũ màu hơi đỏ, ngứa, mặt khô da, lưỡi ít tân dịch, rêu hơi vàng khô, mạch Huyền Tế hoặc Tế Sác","lưỡi ít tân dịch, rêu hơi vàng khô",mạch Huyền Tế hoặc Tế Sác,Lương huyết,"Huyền sâm, Ngân hoa, Sinh địa, Ké, Hà thủ ô, Hỏa ma nhân"
Ngân tiết,Phong hàn,"ngứa, mẩn, ban, mụn, ghẻ, da, phát ban, mề đay","Nhiều vết chấm như đồng tiền hoặc từng mảng màu hồng, trên mặt mụn có thể thối nát, phát bệnh quanh năm, từ mùa đông đến mùa hè thường tự bớt hoặc giảm ẩn, lưỡi hồng nhạt, rêu trắng nhạt, mạch Phù Khẩn","lưỡi hồng nhạt, rêu trắng nhạt",mạch Phù Khẩn,Tứ vật ma hoàng thang gia giảm,"Ma hoàng, Quế chi, Qui đầu, Bạch thược, Sinh địa, Sa sâm"
Ngân tiết,Thấp nhiệt,"ngứa, mẩn, ban, mụn, ghẻ, da, phát ban, mề đay","Nhiều vết chấm như nước trong lỗ rỉ ra, xuất hiện ở bên dưới bầu vú, vùng hội âm, khuỷu tay, hố mắt, vùng sinh dục, màu hồng xám, thường gom lại thành mảng lớn, chảy nước trắng đục, hơi ngứa, khô miệng không khát, cơ thể nóng, mệt mỏi, lưỡi đỏ sậm, rêu vàng hoặc có ngấn bệu, mạch Hoạt Sác","lưỡi đỏ sậm, rêu vàng hoặc có ngấn bệu",mạch Hoạt Sác,Tiêu ngân nhị hiệu thang gia giảm,"Long đởm thảo, Khổ sâm, Hoàng cầm, Xương truật, Phục linh, Trạch tả, Tỳ giải, Bắc đậu căn, Thảo hà sa, Thổ phục linh, Đan bì"
Ngân tiết,Huyết nhiệt,"ngứa, mẩn, ban, mụn, ghẻ, da, phát ban, mề đay","Mới phát hoặc tái phát không lâu, vết sần nổi lên như đồng tiền hoặc bùn, thường nổi hạt nhỏ như ban chẩn, to nhỏ không đều, màu hồng tươi, mọc nhiều ở tứ chi, có thể mọc ở đầu và mặt trước, bề mặt có màu trắng đục, khô, vỡ nát có khi rướm máu, kèm ngứa, tâm phiền, khát, táo bón, tiểu ít vàng, lưỡi đỏ sậm, rêu hơi vàng, mạch Huyền Hoạt hoặc Hoạt Sác","lưỡi đỏ sậm, rêu hơi vàng",mạch Huyền Hoạt hoặc Hoạt Sác,Ngân hoa hổ trượng thang gia giảm,"Ngân hoa, Hổ trượng, Sinh địa, Qui vĩ, Xích thược, Hòe hoa, Đại thanh diệp, Đan bì, Tử thảo, Bắc đậu căn"
Ngân tiết,Huyết ứ,"ngứa, mẩn, ban, mụn, ghẻ, da, phát ban, mề đay","Vết ban màu đỏ tối hoặc tím, to nhỏ không đều, bề mặt hơi lõm, khô trắng đục, không bong da, có một ít vết ban nhỏ mới xuất hiện kèm ngứa hoặc không, khô miệng không muốn uống, lưỡi đỏ tối hoặc có điểm ứ huyết, rêu trắng nhạt hoặc hơi vàng, mạch Huyền Sáp hoặc Trầm Sáp","lưỡi đỏ tối hoặc có điểm ứ huyết, rêu trắng nhạt hoặc hơi vàng",mạch Huyền Sáp hoặc Trầm Sáp,Hoàng kỳ đan sâm thang gia giảm,"Đan sâm, Trạch lan, Tây thảo, Hoạt huyết đằng, Hoàng kỳ, Hương phụ, Thanh bì, Trần bì, Xích thược, Tam lăng, Nga truật, Lăng tiêu hoa, Thỏ ti tử, Ô xà"
Ngân tiết,Huyết hư,"ngứa, mẩn, ban, mụn, ghẻ, da, phát ban, mề đay","Cơ thể vốn suy yếu, bệnh kéo dài lâu ngày, da chuyển sang trắng bệch, nhiều vết ban có dạng từng mảng hoặc phát ra toàn thân, màu hồng nhạt ướt hoặc nhạt tối, bong da có những vết ban mới xuất hiện, ngứa nặng hoặc nhẹ, kèm chóng mặt, ít ngủ, ăn uống kém, lưỡi hồng nhạt, rêu ít, ít tân dịch, mạch Huyền Tế hoặc Trầm Tế","lưỡi hồng nhạt, rêu ít",mạch Huyền Tế hoặc Trầm Tế,Dưỡng huyết khứ phong thang gia giảm,"Hoàng kỳ, Đẳng sâm, Qui đầu, Ma nhân, Huyền sâm, Bạch thược, Thục địa, Kê huyết đằng, Mạch môn, Bạch tiễn bì, Bạch chỉ, Tật lê"
Ngân tiết,Mạch xung nhâm không điều hoà,"ngứa, mẩn, ban, mụn, ghẻ, da, phát ban, mề đay","Da nổi nhiều nốt sẩn đặc biệt vào thời kỳ kinh nguyệt, có thai, sinh đẻ, đa số trước khi có kinh, đang có thai và trước khi sinh thì phát nặng hơn, có một ít sau khi có kinh và sau khi sinh mới phát. Toàn thân nổi lên những vết ban mọc thành đám, màu đỏ tươi sau đó trở thành trắng đục, lúc mới phát có những vết xuất huyết. Toàn thân hơi ngứa, tâm phiền, khô miệng, váng đầu, đau lưng, lưỡi đỏ sẫm hoặc đỏ nhạt, rêu trắng, mạch Hoạt Sác hoặc Trầm Tế","lưỡi đỏ sẫm hoặc đỏ nhạt, rêu trắng",mạch Hoạt Sác hoặc Trầm Tế,Nhị tiên thang gia giảm,"Tiên mao, Hoàng bá, Tri mẫu, Dâm dương hoắc, Thỏ ty tử, Sinh địa, Thục địa, Qui đầu, Nữ trinh tử, Hạn niên thảo"
Ngân tiết,Nhiệt độc thương doanh,"ngứa, mẩn, ban, mụn, ghẻ, da, phát ban, mề đay","Phát bệnh nhanh, toàn thân đều nổi ban đỏ, đỏ tím, đỏ sẫm, nóng, ấn vào thì nhạt màu, sưng phù, bong da, toàn thân sốt cao, sợ lạnh, tâm phiền, khát, tinh thần uể oải, tay chân không có sức, lưỡi đỏ sẫm, ít tân dịch, mạch Huyền Sác hoặc Hoạt Sác",lưỡi đỏ sẫm,mạch Huyền Sác hoặc Hoạt Sác,Linh Dương Hoá Ban Thang gia giảm,"Linh dương giác, Sinh địa, Ngân hoa, Tử thảo, Bạch hoa xà, Đan bì, Xích thược, Huyền sâm, Sa sâm, Liên kiều, Hoàng cầm, Hoàng liên, Tri mẫu, Thạch cao"
Viêm âm đạo,Thấp nhiệt,"âm đạo, âm hộ, vùng kín","Khí hư ra nhiều, kèm dính huyết, mùi hôi tanh, nặng đầu, hoa mắt, mệt nhọc, khát không muốn uống, ít ngủ, táo hoặc ỉa chảy, nước tiểu ít đỏ, rêu lưỡi vàng nhờn, mạch nhu sác",rêu lưỡi vàng nhờn,mạch nhu sác,Long đởm tả can thang gia giảm,"Long đởm thảo, Sài hồ, Chi tử, Sa tiền, Bạch thược, Sinh địa, Mộc thông, Hoàng bá, Tỳ giải, Phục linh, ý dĩ"
Viêm âm đạo,Huyết ứ,"âm đạo, âm hộ, vùng kín","Âm đạo sưng đỏ, đau hoặc ứ máu tại chỗ, có dấu hiệu ngoại thương, lưỡi bình thường hoặc hơi có vết ứ máu, mạch bình thường",lưỡi bình thường hoặc hơi có vết ứ máu,mạch bình thường,Huyết Phủ Trục Ứ Thang,"Qui xuyên, Xích thược, Ngưu tất, Đào nhân, Xuyên khung, Cát cánh, Cam thảo, Hồng hoa, Sinh địa, Tam thất, Chỉ sác"
Viêm bàng quang cấp,Thấp nhiệt uất ở hạ tiêu,"bàng quang, tiểu buốt, tiểu rắt, tiểu khó, bí tiểu, tiểu ra máu, tiểu nhiều lần, tiểu","Đái giắt, đái buốt, đái khó, đái đục hoặc có mủ, bụng dưới đau tức, sốt, táo bón, rêu lưỡi vàng, mạch Huyền Sác",rêu lưỡi vàng,mạch Huyền Sác,Thanh nhiệt lợi thấp lợi niệu thông lâm,"Bạch linh, Trư linh, Sa tiền, Cam thảo, Sài hồ, Mộc thông, Mao căn, Sinh địa, Tỳ giải, Bán hạ, Đăng tâm, Hoạt thạch, Bồ công anh, Chi tử, Hoàng bá"
Viêm bàng quang mạn,Âm hư thận hư kèm thấp nhiệt,"bàng quang, tiểu buốt, tiểu rắt, tiểu khó, bí tiểu, tiểu ra máu, tiểu nhiều lần, tiểu","đau lưng mỏi, chóng mặt, mệt mỏi, ù tai, tiểu nhiều hoặc tiểu giắt, vùng hạ vị đau ê ẩm, tiểu vàng, lưỡi đỏ, rêu lưỡi vàng, mạch Tế Sác","lưỡi đỏ, rêu lưỡi vàng",mạch Tế Sác,Tri bá địa hoàng hoàn gia giảm,"Đan bì, Bạch linh, Thục địa, Trạch tả, Hoài sơn, Sơn thù, Sa tiền, Ngân hoa, Liên kiều, Thạch hộc, Ngưu tất, Tri mẫu, Hoàng bá, Tỳ giải"
Viêm cầu thận mạn,Tỳ dương hư,"phù, tiểu ít, tiểu đục, tiểu ra máu, phù mặt, phù chân, albumin, protein niệu","Phù ít, không rõ ràng, phù ở mí mắt, sắc mặt trắng xanh, thở gấp, tay chân mệt mỏi, hay đầy bụng, phân nhão, tiểu tiện ít, chất lưỡi bệt có vết răng, tay chân lạnh, mạch hoãn",chất lưỡi bệt có vết răng,mạch hoãn,Thực tỳ ẩm hợp Vị linh thang,"Bạch linh, Can khương, Thảo quả, Chích thảo, Hậu phác, Phụ tử, Sinh khương, Mộc hương, Đại phúc bì, Bạch truật, Binh lang, Mộc qua, Trư linh, Trạch tả, Táo"
Viêm cầu thận mạn,Thận tỳ dương hư,"phù, tiểu ít, tiểu đục, tiểu ra máu, phù mặt, phù chân, albumin, protein niệu","Phù không rõ ràng, phù ít kéo dài, nhất là 2 mắt cá chân, bụng trướng, ỉa lỏng, nước tiểu ít, sắc mặt trắng xanh, lưỡi bệu, mệt mỏi, lưng mỏi, tay chân lạnh, sợ lạnh, mạch trầm tế",lưỡi bệu,mạch trầm tế,Ôn dương lợi thủy,"Phụ tử, Bạch linh, Bạch truật, Sinh khương, Bạch thược, Trạch tả, Xa tiền tử, Trư linh, Nhục quế, Thổ phục, Mã đề, Tỳ giải"
Viêm cầu thận mạn,Âm hư dương xung,"phù, tiểu ít, tiểu đục, tiểu ra máu, phù mặt, phù chân, albumin, protein niệu","Phù ít, đau đầu, chóng mặt, hồi hộp, miệng khát, môi đỏ, khô họng, chất lưỡi đỏ, mạch huyền sác",chất lưỡi đỏ,mạch huyền sác,Bình can tư âm lợi thủy,"Hoài sơn, Đan bì, Bạch linh, Trạch tả, Sơn thù, Kỉ tử, Cúc hoa, Qui đầu, Bạch thược, Ngưu tất, Thục địa, Xa tiền tử, Đan sâm, Tang kí sinh"
Viêm cầu thận mạn,Viêm cầu thận mạn nặng,"phù, tiểu ít, tiểu đục, tiểu ra máu, phù mặt, phù chân, albumin, protein niệu","Ure máu cao, lợm giọng buồn nôn, sắc mặt đen, tức ngực, trướng bụng, đại tiện lỏng, tiểu tiện ngắn ít, chất lưỡi bệu, rêu trắng dầy, mạch huyền tế hoặc nhu tế","chất lưỡi bệu, rêu trắng dầy",mạch huyền tế hoặc nhu tế,Ôn dương giáng nghịch,"Phụ tử chế, Đại hoàng, Trần bì, Bạch linh, Bạch truật, Hậu phác, Bán hạ, Sinh khương, Đẳng sâm"
Viêm kết mạc,Phong nhiệt,"mắt đỏ, đỏ mắt, mắt sưng, sưng mắt, đau mắt, mắt đau, nhức mắt, cộm mắt","Mắt cảm thấy có dị vật, nóng, tức, sợ ánh sáng, sáng dậy nhiều dử mắt, mắt sưng đỏ",,,Thanh nhiệt khu phong,"Ngân hoa, Hoàng đằng, Chi tử, Cát cánh, Cúc hoa, Liên kiều, Hoàng cầm, Kinh giới, Bạc hà, Tang diệp, Ngưu bàng"
Viêm kết mạc,Thấp nhiệt,"mắt đỏ, đỏ mắt, mắt sưng, sưng mắt, đau mắt, mắt đau, nhức mắt, cộm mắt","Hai mắt đỏ, ngứa, sợ ánh sáng",,,"Khu phong thanh nhiệt, lợi thấp","Mạn kinh tử, Tang diệp, Hoàng đằng, Phòng phong, Bạc hà, Kinh giới, Hoàng cầm, Nhân trần, Sa tiền"
Viêm kết mạc,Âm hư,"mắt đỏ, đỏ mắt, mắt sưng, sưng mắt, đau mắt, mắt đau, nhức mắt, cộm mắt","Mắt khô, ngứa, nhặm, nóng, đỏ nhẹ, nhiều tia máu, nhìn lâu mỏi, kèm mệt nhọc, nhức đầu, táo bón",,,"Khu phong thanh nhiệt, dưỡng âm","Tang bì, Ngân hoa, Ngưu bàng, Cúc hoa, Sinh địa, Mạch môn, Hạ khô thảo"
Viêm khớp dạng thấp,Đợt tiến triển cấp,,"Khớp sưng nóng đỏ đau, xuất hiện đối xứng, cự án, ngày nhẹ đêm nặng, co duỗi cử động khó khăn, sốt, ra mồ hôi, sợ gió, lưỡi đỏ rêu vàng mỏng, mạch hoạt sác",lưỡi đỏ rêu vàng mỏng,mạch hoạt sác,"Khu phong thanh nhiệt, giải độc hoạt huyết, lợi niệu trừ thấp","Thổ phục linh, Ké, Hi thiêm, ý dĩ, Kê huyết đằng, Đan sâm, Tỳ giải, Thạch cao, Tri mẫu, Quế chi, Ngân hoa, Xương truật, Hoàng bá, Tang chi, Ngạch mễ, Liên kiều, Cam thảo, Phòng phong, Bạch thược"
Viêm khớp dạng thấp,Đàm ứ cấu kết,,"Viêm khớp kéo dài có biến dạng, teo cơ, dính cứng khớp",,,"Khu phong thanh nhiệt, trừ thấp, trừ đàm","Quế chi, Thổ phục linh, Xương truật, Tỳ giải, Hi thiêm, Bạch thược, Tri mẫu, Nam tinh, Bạch giới tử, Xuyên sơn giáp, Đào nhân, Cương tằm, Ma hoàng, Ngân hoa, Phòng phong, Cam thảo, Liên kiều"
Viêm khớp dạng thấp,Can thận hư kèm phong thấp,,"Viêm khớp dạng thấp giai đoạn ổn định, cần phòng tái phát",,,Độc hoạt kí sinh thang gia giảm,"Đẳng sâm, Bạch thược, Bạch linh, Cam thảo, Xuyên khung, Qui đầu, Thục địa, Độc hoạt, Phòng phong, Đỗ trọng, Tang kí sinh, Tế tân, Ngưu tất, Tần giao, Quế tâm, Phụ tử, Hà thủ ô, Thổ phục linh"
Viêm tai giữa,"Phong nhiệt, nhiệt độc xâm phạm can đởm","ù tai, tai, điếc, nghe kém, nhĩ minh, nhĩ lung","Thường xảy ra ở trẻ em, trong khi bị sởi hoặc cảm cúm sốt kéo dài, sợ lạnh, đau đầu, ù tai, đau trong tai, chảy mủ tai vàng đặc có dính máu, mạch huyền sác, rêu lưỡi vàng",rêu lưỡi vàng,mạch huyền sác,Thanh nhiệt giải độc,"Đan bì, Trạch tả, Mộc thông, Sài hồ, Long đởm thảo, Hoàng cầm, Chi tử, Bạc hà, Ngân hoa, Ngưu bàng, Sinh địa, Sa tiền, Cam thảo, Qui đầu, ý dĩ, Thuyền thoái, Xương bồ, Xương truật"
Viêm tai giữa,Can kinh thấp nhiệt,"ù tai, tai, điếc, nghe kém, nhĩ minh, nhĩ lung","đau tai nhức, chảy mủ đặc dính mùi hôi lượng nhiều",,,Thanh nhiệt lợi thấp,"Hoàng cầm, Chi tử, Qui đầu, Long đởm thảo, Mộc thông, Cam thảo, Sinh địa, Sa tiền, Trạch tả, Sài hồ"
Viêm tai giữa,Thận âm hư hỏa vượng,"ù tai, tai, điếc, nghe kém, nhĩ minh, nhĩ lung","Ra mủ thường xuyên, loãng, ù tai, nghe kém, hoa mắt, chóng mặt, ít ngủ, lưng gối đau mỏi, rêu lưỡi ít, mạch tế sác",rêu lưỡi ít,mạch tế sác,"Dưỡng âm thanh nhiệt, bổ thận thông khiếu","Đan bì, Bạch linh, Trạch tả, Tri mẫu, Hoài sơn, Sơn thù, Hoàng bá, Thuyền thoái"
Viêm tai giữa,Tỳ hư,"ù tai, tai, điếc, nghe kém, nhĩ minh, nhĩ lung","Chảy mủ mãn kéo dài, sắc mặt vàng bủng, ăn kém, chậm tiêu, đại tiện loãng, mệt mỏi, mạch hoãn nhược",,mạch hoãn nhược,Kiện tỳ hoá thấp,"Đẳng sâm, Thuyền thoái, Hoàng kỳ, Hoàng bá, Bạch truật, Trần bì, Sài hồ, Bạch linh, Cam thảo, Hoài sơn, Biển đậu, ý dĩ, Xa nhân, Cát cánh, Liên nhục"
Nhũ ung,Khí trệ huyết ngưng,"vú, tuyến vú, đau vú, sưng vú, cục ở vú, núm vú, tắc sữa, áp xe vú","Vú sưng đầy đau, da đỏ nhẹ hoặc không đỏ, có hoặc không có hòn cục, sữa ra không thông, kèm sốt sợ lạnh, đau đầu, cơ thể đau, tức ngực, rêu lưỡi trắng mỏng hoặc hơi vàng, mạch Huyền Sác hoặc Phù Sác",rêu lưỡi trắng mỏng hoặc hơi vàng,mạch Huyền Sác hoặc Phù Sác,Sơ Can thanh nhiệt thông nhũ tán kết,"Đào nhân, Hồng hoa, Hoàng kì, Chỉ thực, Tạo giác, Chỉ sác, Xuyên khung, Cam thảo, Xuyên sơn giáp"
Nhũ ung,Nhiệt độc,"vú, tuyến vú, đau vú, sưng vú, cục ở vú, núm vú, tắc sữa, áp xe vú","Sốt có khi sốt rét, vú bị sưng đau do tắc sữa, mạch nhanh, rêu lưỡi vàng dầy, mạch Huyền Sác",rêu lưỡi vàng dầy,"mạch nhanh, mạch Huyền Sác",Thanh nhiệt giải độc hoạt huyết lợi sữa,"Bồ công anh, Sài đất, Huyền sâm, Đan sâm, Xuyên khung, Mộc thông, Xa tiền tử, Thông thảo, Ngân hoa, Qua lâu, Liên kiều, Hoàng cầm, Thanh bì, Sài hồ, Chỉ thực, Tạo giác thích"
Nhũ ung,Giai đoạn vỡ mủ,"vú, tuyến vú, đau vú, sưng vú, cục ở vú, núm vú, tắc sữa, áp xe vú","Tự vỡ hoặc rạch tháo mủ, hạ sốt, sưng đau giảm, miệng liền dần",,,Điều hòa khí huyết thanh giải nhiệt độc - Thác Lý Tiêu Độc Tán,"Bạch chỉ, Bạch thược, Bạch truật, Cam thảo, Cát cánh, Hoàng kỳ, Ngân hoa, Đẳng sâm, Tạo giác thích, Đào nhân"
Nữ bất dục,Can huyết hư,,"Thân thể yếu ớt, mặt vàng, choáng đầu, mờ mắt, hình thể suy, lượng kinh ít, sắc nhạt, kinh chậm, mạch hư",,mạch hư,Dưỡng tinh chủng ngọc thang,"Thục địa, Bạch thược, Qui đầu, Sơn thù"
Nữ bất dục,Hư hàn,,"Bụng dưới lạnh hay phát cơn đau, kinh chậm lượng ít, sắc nhạt, rêu mỏng, mạch trầm sáp, tiểu tiện đi nhiều",rêu mỏng,mạch trầm sáp,Ôn kinh bổ huyết,"Ngải cứu, Qui đầu, Ngô thù, Xuyên khung, Tục đoạn, Bạch thược, Hoàng kỳ, Hương phụ, Sinh địa, Quan quế, Sà sàng"
Nữ bất dục,Đàm thấp,,"Người béo, nhiều lông, chóng mặt hồi hộp, khí hư trắng dính ra nhiều, kinh nhiều sắc nhạt hoặc không đều, lưỡi non bệu, rêu trắng dầy nhờn dính","lưỡi non bệu, rêu trắng dầy nhờn dính",,Khải cung hoàn,"Bán hạ, Hương phụ chế, Trần bì, Xuyên khung, Thần khúc, Bạch linh"
Nữ bất dục,Can uất,,"Hay uất không vui, sườn ngực đầy tức, ngủ mê, kinh không đều, mạch huyền sác",,mạch huyền sác,Sơ can giải uất,"Qui đầu tẩm rượu sao, Bạch truật, Bạch linh, Đan bì, Bạch thược, Hương phụ, Thiên hoa"
Xơ gan,Khí trệ huyết ứ,"vùng gan, gan to, men gan, viêm gan, xơ gan, vàng da, da vàng, mắt vàng","Bệnh mới bị, bệnh nhân còn khỏe",,,Hoạt huyết hóa ứ kiêm điều can lý tỳ - Huyết phủ trục ứ thang gia giảm,"Qui xuyên, Xích thược, Ngưu tất, Đào nhân, Xuyên khung, Cát cánh, Cam thảo, Hồng hoa, Sinh địa, Ngũ linh chi, Chỉ sác, Đan sâm, Miết giáp"
Xơ gan,Hư thực lẫn lộn,"vùng gan, gan to, men gan, viêm gan, xơ gan, vàng da, da vàng, mắt vàng","Chức năng gan suy giảm, cơ thể yếu, có phù, đầy bụng, có nước, vùng gan đầy tức",,,Sơ can hoạt huyết kiện tỳ lợi thủy - Tiêu dao tán thêm Ngũ bì ẩm gia giảm,"Sài hồ, Bạch truật, Đan sâm, Đại phúc bì, Qui đầu, Bạch linh, Chỉ thực, Tang bì, Xích thược, Đẳng sâm, Trần bì, Sinh khương"
Xơ gan,"Chính khí hư, tà khí thực","vùng gan, gan to, men gan, viêm gan, xơ gan, vàng da, da vàng, mắt vàng","Cơ thể suy yếu, cổ trướng tăng",,,"Bổ khí huyết - Bát trân thang, Thập toàn đại bổ gia giảm","Đẳng sâm, Bạch truật, Bạch linh, Cam thảo, Qui đầu, Thục địa, Bạch thược, Xuyên khung, Hoàng kỳ, Đan sâm, Hoài sơn, Sa tiền, Ý dĩ, Trích thảo, Kỉ tử"
Xơ gan,Tỳ thận dương hư,"vùng gan, gan to, men gan, viêm gan, xơ gan, vàng da, da vàng, mắt vàng","Ăn kém, tiêu lỏng, mặt xạm, đau lưng, bàn chân phù, tay chân lạnh, lưỡi bệu, rêu trắng, mạch Trầm Trì Huyền","lưỡi bệu, rêu trắng",mạch Trầm Trì Huyền,Ôn bổ tỳ thận,"Chế Phụ tử, Nhục quế, Xuyên ngưu tất, Phòng kỷ, Can khương, Bạch linh, Bạch truật, Trạch tả"
Xơ gan,Can thận âm hư,"vùng gan, gan to, men gan, viêm gan, xơ gan, vàng da, da vàng, mắt vàng","Hoa mắt, chóng mặt, ù tai, mắt khô, ít ngủ, lưỡi đỏ ít rêu, mạch Huyền Tế Sác",lưỡi đỏ ít rêu,mạch Huyền Tế Sác,Tư dưỡng can thận,"Hà thủ ô, Kỷ tử, Sinh địa, Mạch môn, Sa sâm, Thạch hộc, Đan sâm, Kê huyết đằng, Quy bản, Miết giáp"
Xơ cứng động mạch vành,Đau thắt ngực,"đau ngực, đau thắt ngực, tức ngực, đau vùng tim, đau trước tim, vùng tim, ngực, vùng ngực","Tức ngực, đau vùng tim từng cơn thưa thớt hoặc liên tục, chất lưỡi tím hay có điểm ứ huyết, mạch trầm tế sác",chất lưỡi tím hay có điểm ứ huyết,mạch trầm tế sác,Hành khí hoạt huyết thông dương hóa trọc,"Hồng hoa, Sài đất, Trần bì, Cát cánh, Phỉ bạch, Chỉ sác, Qua lâu, Xuyên khung, Qui đầu, Thục địa, Xích thược, Đan sâm, Bán hạ, Huyền hồ, Uất kim"
Xơ cứng động mạch vành,Nhồi máu cơ tim,"đau ngực, đau thắt ngực, tức ngực, đau vùng tim, đau trước tim, vùng tim, ngực, vùng ngực","Đau vùng ngực dữ dội, cơn đau tái phát nhiều lần, mặt xanh tái nhợt, toát mồ hôi, tay chân lạnh, lưỡi tím tái, mạch nhỏ muốn tuyệt",lưỡi tím tái,mạch nhỏ muốn tuyệt,"Ôn dương cứu nghịch, hoạt huyết, ích khí, phù mạch","Nhân sâm, Ngũ vị, Mạch môn, Cam thảo"
Xơ cứng động mạch vành,Can thận âm hư,"đau ngực, đau thắt ngực, tức ngực, đau vùng tim, đau trước tim, vùng tim, ngực, vùng ngực","Chóng mặt, ù tai, đau lưng mỏi gối, chất lưỡi đỏ, khô miệng, mạch huyền tế",chất lưỡi đỏ,mạch huyền tế,"Bổ can thận, bình can tiềm dương hoặc tư âm giáng hỏa","Kỉ tử, Thục địa, Tang kí sinh, Câu đằng, Qua lâu, Bán hạ, Thạch quyết minh, Phỉ bạch, Thiên môn, Hồng hoa, Uất kim, Hà thủ ô, Đan sâm, Kê huyết đằng, Hoàng tinh, Thạch hộc, Qui bản, Thiên ma"
Xơ cứng động mạch vành,Tâm tỳ hư,"đau ngực, đau thắt ngực, tức ngực, đau vùng tim, đau trước tim, vùng tim, ngực, vùng ngực","choáng đầu, hoa mắt, thở gấp, hồi hộp, ít ngủ, sắc mặt trắng bệch, môi nhạt, lưỡi nhạt, mạch nhỏ vô lực hay kết đại",lưỡi nhạt,mạch nhỏ vô lực hay kết đại,Kiện tỳ an thần - Qui tỳ thang gia giảm,"Sinh khương, Bạch truật, Phục thần, Mộc hương, Viễn trí, Táo nhân, Qui đầu, Long nhãn, Đẳng sâm, Bá tử nhân, Qua lâu, Uất kim, Hoàng kỳ, Thục địa"
Nhiễm mỡ xơ mạch,"Can thận âm hư, Can phong thịnh",,"Chóng mặt, váng đầu, ù tai, khô họng, bứt rứt, ít ngủ hay mơ, đau lưng gối mỏi, lưỡi đỏ khô, mạch Huyền Tế Sác. Nặng: chóng mặt tăng, đau đầu giật hoặc đau tức, tay chân tê hoặc run giật, đi không vững, có khi ngã quỵ, liệt nửa người, khó nói",lưỡi đỏ khô,mạch Huyền Tế Sác. Nặng: chóng mặt tăng,Tư âm tiềm dương bình Can tức phong - Thiên ma câu đằng ẩm hợp Kỷ cúc địa hoàng hoàn gia giảm,"Thiên ma, Câu đằng, Hà thủ ô, Kỉ tử, Bạch thược, Qui bản, Tang diệp, Tật lê, Thạch quyết minh, Trân châu"
Nhiễm mỡ xơ mạch,Đờm trở huyết ứ,,"Váng đầu, chóng mặt, đau đầu, nặng đầu như bị bó chặt, tức ngực, buồn nôn, tinh thần lạnh nhạt, ù tai điếc, có lúc nói khó, nhẹ hay quên, nặng trầm cảm hoặc tức giận thất thường, lưỡi sạm, rêu trắng nhớt, mạch Huyền Hoạt","lưỡi sạm, rêu trắng nhớt",mạch Huyền Hoạt,Hóa đàm khai khiếu hoạt huyết hóa ứ - Đạo đàm thang hợp Huyết phủ trục ứ thang gia giảm,"Bán hạ, Bạch truật, Thiên ma, Phục linh, Trạch tả, Viễn trí, Xương bồ, Quất hồng, Đan sâm, Xuyên khung, Uất kim, Sơn thù"
Nhiễm mỡ xơ mạch,Khí huyết đều hư,,"Váng đầu, chóng mặt, hồi hộp hay quên, ít ngủ hay mơ, mệt mỏi, hơi thở ngắn, ăn kém, đầy bụng, dễ tiêu chảy, lưỡi nhợt, mạch Trầm Tế hoặc Tế Sác",lưỡi nhợt,mạch Trầm Tế hoặc Tế Sác,Ích khí dưỡng huyết hoạt huyết thông mạch - Quy tỳ thang gia giảm,"Sinh khương, Bạch truật, Phục thần, Đương qui, Mộc hương, Viễn trí, Táo nhân, Thục địa, Long nhãn, Đẳng sâm, Hoàng kỳ, Cam thảo"
Nhiễm mỡ xơ mạch,Thận dương bất túc,,"Váng đầu, ù tai, tay chân lạnh, sợ lạnh, lưng gối nhức mỏi hoặc mặt và tay chân phù, hay quên, đần độn, tiêu lỏng, tiểu nhiều, lưỡi bệu, mạch Trầm Trì Tế Phục",lưỡi bệu,mạch Trầm Trì Tế Phục,Ích thận ôn dương - Địa hoàng âm tử gia giảm,"Ba kích, Thỏ ty tử, Nhục thung dung, Dâm dương hoắc, Thục địa, Lộc giác, Kỉ tử, Thạch hộc, Phục linh, Sơn thù"
Nhiễm mỡ xơ mạch,Xơ cứng động mạch vành,,"Tức ngực, đau vùng tim từng cơn, lưỡi tím hoặc có điểm ứ huyết, mạch trầm tế sác",lưỡi tím hoặc có điểm ứ huyết,mạch trầm tế sác,Hành khí hoạt huyết thông dương hóa trọc,"Hồng hoa, Sài đất, Trần bì, Cát cánh, Phỉ bạch, Chỉ sác, Qua lâu, Xuyên khung, Qui đầu, Thục địa, Xích thược, Đan sâm, Bán hạ, Huyền hồ, Uất kim"
Nhiễm mỡ xơ mạch,Xơ cứng động mạch vành,,"choáng đầu, hoa mắt, thở gấp, hồi hộp, ít ngủ, sắc mặt trắng bệch, môi nhạt, lưỡi nhạt, mạch nhỏ vô lực hay kết đại",lưỡi nhạt,mạch nhỏ vô lực hay kết đại,Kiện tỳ an thần - Quy tỳ thang gia giảm,"Sinh khương, Bạch truật, Phục thần, Mộc hương, Viễn trí, Táo nhân, Qui đầu, Long nhãn, Đẳng sâm, Bá tử nhân, Qua lâu, Uất kim, Hoàng kỳ, Thục địa"
Tảo tiết,Thận khí hư,"liệt dương, dương nuy, di tinh, mộng tinh, tảo tiết, hoạt tinh, xuất tinh, dương vật","Tảo tiết, đau lưng mỏi, gối yếu, tóc rụng, răng lung lay, kèm mệt mỏi, hồi hộp",,,Trị tảo tiết chứng phương,"Sơn thù, Ngũ bội tử, Dâm dương, Ngũ vị, Tang thầm, Đẳng sâm, Câu Kỉ tử"
Tảo tiết,Thận dương hư,"liệt dương, dương nuy, di tinh, mộng tinh, tảo tiết, hoạt tinh, xuất tinh, dương vật","Tảo tiết, sợ lạnh, tay chân lạnh, nước tiểu trong hoặc tiểu vặt nhiều lần, đoản hơi, sắc mặt nhợt nhạt, mạch Trầm trì",,mạch Trầm trì,Tiết thị trấn nuy tán,"Đồng Tật lê, Dâm dương, Hồ lô ba, Thiên môn, Phỉ thái tử, Câu kỷ tử, Tiên mao, Ba kích, Mạch môn, Đại ngô công, Dương cao hoàn, Hoàng ngư phiêu giao châu"
Tảo tiết,Tâm thận bất giao,"liệt dương, dương nuy, di tinh, mộng tinh, tảo tiết, hoạt tinh, xuất tinh, dương vật","Tảo tiết, hồi hộp, mất ngủ, hoạt tinh, mộng tinh",,,Bí tinh thang,"Sinh Mẫu lệ, Khiếm thực, Tri mẫu, Ngũ vị, Sinh Long cốt, Sinh Liên tu, Mạch môn"
Tảo tiết,Âm hư,"liệt dương, dương nuy, di tinh, mộng tinh, tảo tiết, hoạt tinh, xuất tinh, dương vật","Tảo tiết, mỏi lưng, tinh thần uể oải, tâm phiền khô họng, choáng đầu, ù tai, mồ hôi trộm, khô miệng, tiểu vàng, táo bón, ngủ hay mê, lưỡi đỏ ít rêu, mạch tế sác",lưỡi đỏ ít rêu,mạch tế sác,Hoá tinh xung tễ,"Sinh địa, Xích thược, Phục linh, Tri mẫu, Mạch môn, Câu kỷ tử, Thục địa, Đan bì, Trạch tả, Hoàng bá, Ngũ vị"
Đới trạng bào chẩn,Phong nhiệt,,"Ngoài da phỏng rộp như bị bỏng, đau rát, ngày càng lan rộng",,,Thanh nhiệt trừ thấp,"Tỳ giải, Thổ phục linh, Ngân hoa, Hoạt thạch, Liên kiều, ý dĩ, Bồ công anh, Hoàng bá, Linh bì, Nhân trần, Mộc thông, Sa tiền, Bạc hà, Xương truật, Trần bì, Hậu phác, Kinh giới"
Đới trạng bào chẩn,Huyết ứ,,"Sau khi vết thương lành, chỗ bị zona vẫn còn đau cắn nhấm nháy và có lúc hơi ngứa",,,Hoạt huyết hóa ứ khu phong - Tiêu Dao Tán,"Bạch linh, Bạch thược, Qui xuyên, Bạch truật, Sài hồ, Trần bì, Trích thảo, Sinh khương, Bạc hà, Đan bì, Sơn chi, Sinh địa, Kê huyết đằng, Hạ khô thảo, Xích thược, Xuyên khung, Hoàng đằng, Đào nhân, Hồng hoa"
Đới trạng bào chẩn,Thấp nhiệt,,"Vùng da tổn thương màu đỏ, mụn nước tụ lại, chất nước trong, vỡ ra hoặc lở loét, đau nhức, ăn vào đầy trướng, mạch Nhu Sác hoặc Hoạt Sác, lưỡi hơi đỏ, rêu trắng bệu hoặc vàng bệu","lưỡi hơi đỏ, rêu trắng bệu hoặc vàng bệu",mạch Nhu Sác hoặc Hoạt Sác,Ý Nhãn Xích Đậu Thang gia giảm,"ý dĩ, Xích tiểu đậu, Linh bì, Ngân hoa, Địa phụ tử, Sinh địa, Sa tiền, Sa tiền thảo, Xích thược, Mã xỉ hiện, Cam thảo, Hoắc hương, Bội lan"
Đới trạng bào chẩn,Nhiệt độc,,"Vùng da tổn thương màu đỏ, có nốt ban có nước, mọc gom một chỗ hoặc giống như dải khăn, cảm thấy nóng rát, về đêm không ngủ được, khô họng, miệng đắng, tiểu vàng, táo bón, lưỡi đỏ, rêu vàng hoặc vàng khô, mạch Huyền Sác","lưỡi đỏ, rêu vàng hoặc vàng khô",mạch Huyền Sác,Đại Thanh Liên Kiều Thang gia giảm,"Đại thanh diệp, Huyền sâm, Liên kiều, Hoàng cầm, Ngân hoa, Sinh địa, Mã xỉ hiện, Đan bì, Xích thược, Lục đậu y"
Đới trạng bào chẩn,Khí trệ huyết ngưng,,"Thường gặp ở người lớn tuổi, sau khi vết tổn thương lặn đi thì rất đau, đêm không ngủ được, tâm phiền, lưỡi đỏ hoặc đỏ tối, ít rêu hoặc rêu trắng nhạt, mạch Tế Sáp","lưỡi đỏ hoặc đỏ tối, ít rêu hoặc rêu trắng nhạt",mạch Tế Sáp,Kim Linh Tử Tán gia giảm,"Kim linh tử, Uất kim, Tử thảo căn, Huyền hồ, Sài hồ tẩm giấm, Thanh bì, Bạch thược, Qui đầu, Ty qua lạc"
Đới trạng bào chẩn,Tỳ hư thấp trệ,,"Sắc ban chẩn nhạt không tươi, mụn nước dày, có thủy bào lớn, loét chảy nước thì đau nhẹ hơn, khô miệngng khát hoặc khát mà không thích uống, chán ăn, ăn xong đầy bụng, tiêu lỏng, lưỡi bệu sắc nhợt, rêu trắng dày hoặc nhầy, mạch Trầm Hoạt","lưỡi bệu sắc nhợt, rêu trắng dày hoặc nhầy",mạch Trầm Hoạt,Trừ Thấp Vị Linh Thang gia giảm,"Thương truật, Hậu phác, Trần bì, Cam thảo, Phục linh, Trư linh, Trạch tả, Bạch truật, Nhục quế, Kim ngân hoa, Bồ công anh, Huyền hồ"
Đới trạng bào chẩn,Khí trệ huyết ứ,,"Bào chẩn sắc tối, đau liên tục, môi thâm, móng tay xanh, tay chân lạnh, tinh thần mệt mỏi, da đã lành mà vẫn đau tiếp tục, lưỡi có điểm ứ huyết hoặc tím",lưỡi có điểm ứ huyết hoặc tím,,Huyết Phủ Trục ứ Thang gia giảm,"Đào nhân, Hồng hoa, Đương quy, Sinh địa, Xuyên khung, Xích thược, Ngưu tất, Cát cánh, Sài hồ, Chỉ xác, Cam thảo, Huyền hồ, Nhũ hương, Mộc dược, Đan sâm, Đại hoàng, Hoàng kỳ, Đảng sâm, Ngưu bàng tử, Cúc hoa, Thạch quyết minh, Qua lâu"
Tử cung hạ sa,Khí hư,"sa tử cung, tử cung sa, khối sa, sa xuống, trằn nặng, sa dạ con, âm đĩnh, lòi dom","Sa dạ con, mệt mỏi, hồi hộp, đoản khí, tiểu đi luôn, thường kiêm bạch đới trong loãng, lưỡi nhạt, mạch phù hư",lưỡi nhạt,mạch phù hư,Ích khí thăng đề,"Đẳng sâm, Bạch truật, Hoàng kỳ, Sài hồ, Thăng ma, Trần bì, Qui xuyên, Trích thảo, Thanh bì, Sơn chi, Sâm lô"
Tử cung hạ sa,Thận hư,"sa tử cung, tử cung sa, khối sa, sa xuống, trằn nặng, sa dạ con, âm đĩnh, lòi dom","Sa dạ con, đau lưng mỏi, bụng dưới tức nặng, hai vế nhức mỏi, không có bạch đới, âm đạo khô hoặc dính dẻo, tiểu đi luôn, đau đầu, ù tai, lưỡi đỏ nhạt, mạch trầm nhược",lưỡi đỏ nhạt,mạch trầm nhược,Đại bổ nguyên tiễn,"Nhân sâm, Hoài sơn, Thục địa, Kỉ tử, Qui đầu, Sơn thù, Chích thảo, Thanh bì, Sơn chi, Sâm lô, Thăng ma, Đỗ trọng"
Huyễn vựng,Can dương thượng kháng,"chóng mặt, hoa mắt, choáng váng, váng đầu, huyễn vựng, xây xẩm","Chóng mặt, ù tai, đau đầu căng mắt, mặt lúc đỏ lúc không, cáu gắt, ít ngủ mơ màng, miệng đắng, lưỡi đỏ rêu vàng hoặc ít rêu, mạch huyền hoặc huyền tế đới sác, khi giận dữ bệnh nặng lên",lưỡi đỏ rêu vàng hoặc ít rêu,mạch huyền hoặc huyền tế đới sác,HV Can dương (Chóng mặt 1),"Sinh địa, Đan bì, Bạch thược, Sài hồ, Kỉ tử, Câu đằng, Qui đầu, Thiên ma, Lá vông"
Huyễn vựng,Đàm trọc trung trở,"chóng mặt, hoa mắt, choáng váng, váng đầu, huyễn vựng, xây xẩm","Người béo trệ, chóng mặt, lợm giọng buồn nôn, ngực đầy bụng buồn, nặng đầu, ngủ li bì, ăn kém, sáng dậy khạc đờm, miệng nhạt, lưỡi non bệu rêu dính, mạch nhu hoạt",lưỡi non bệu rêu dính,mạch nhu hoạt,Bán hạ bạch truật thiên ma thang gia giảm,"Bán hạ, Bạch truật, Trần bì, Bạch linh, Thiên ma, Cam thảo, Sinh khương, Nhân sâm, Táo, Trạch tả, Hoàng bá, Mạch nha, Thần khúc, Can khương"
Huyễn vựng,Thận hư,"chóng mặt, hoa mắt, choáng váng, váng đầu, huyễn vựng, xây xẩm","Chóng mặt, tinh thần mệt mỏi, hay quên, lưng mỏi chân yếu, di tinh, ù tai, mất ngủ nhiều mộng, tay chân lạnh, lưng lạnh, tinh thần ủy mị, lưỡi nhạt, mạch trầm tế",lưỡi nhạt,mạch trầm tế,Hữu qui hoàn,"Qui đầu, Lộc giác, Đỗ trọng, Nhục quế, Thục địa, Kỉ tử, Thỏ ti tử, Phụ tử, Hoài sơn, Sơn thù"
Huyễn vựng,Thận hư,"chóng mặt, hoa mắt, choáng váng, váng đầu, huyễn vựng, xây xẩm","Chóng mặt, tinh thần mệt mỏi, hay quên, lưng mỏi chân yếu, di tinh, ù tai, mất ngủ nhiều mộng, ngũ tâm phiền nhiệt, lưỡi đỏ ít rêu, mạch huyền tế",lưỡi đỏ ít rêu,mạch huyền tế,Kỷ cúc địa hoàng hoàn,"Đan bì, Bạch linh, Trạch tả, Thục địa, Sơn thù, Hoài sơn, Kỉ tử, Cúc hoa"
Huyễn vựng,Khí huyết hư,"chóng mặt, hoa mắt, choáng váng, váng đầu, huyễn vựng, xây xẩm","Sắc mặt xanh hoặc vàng úa, hồi hộp, ít ngủ, mệt mỏi, hay quên, ăn kém, lưỡi nhạt ít rêu, móng tay móng chân không tươi, chóng mặt hoa mắt, tiếng nói nhỏ, ngại nói, kinh nguyệt không đều, lượng ít, sắc nhạt, mạch tế nhược",lưỡi nhạt ít rêu,mạch tế nhược,Bát trân thang gia giảm,"Đẳng sâm, Bạch truật, Phục linh, Cam thảo, Qui đầu, Thục địa, Bạch thược, Xuyên khung"
Cam nhãn,Tỳ vị tích nhiệt,"mắt đỏ, đỏ mắt, mắt sưng, sưng mắt, đau mắt, mắt đau, nhức mắt, cộm mắt","Trẻ chậm lớn, ăn uống kém, hay quấy khóc, da vàng, bụng ỏng, rêu lưỡi vàng dày",rêu lưỡi vàng dày,,Tiêu cam lý tỳ thang,"Hồ hoàng liên, Thanh bì, Mạch nha, Tam lăng, Binh lang, Cam thảo, Lô hội, Hoàng liên"
Cam nhãn,Cam nhiệt,"mắt đỏ, đỏ mắt, mắt sưng, sưng mắt, đau mắt, mắt đau, nhức mắt, cộm mắt","Trẻ bị lở loét miệng, lưỡi, lợi, môi, hôi miệng, khó ăn uống",lưỡi,,Bột cam răng,"Thanh đại, Hoàng bá"
Huyết áp cao,Âm hư dương cang,"huyết áp, tụt huyết áp, hạ áp, tụt áp, tăng áp","Đau đầu, chóng mặt, mặt đỏ, ù tai, dễ cáu gắt, ít ngủ, khô miệng, lưỡi đỏ, mạch huyền",lưỡi đỏ,mạch huyền,Kỷ cúc địa hoàng hoàn,"Thục địa, Hoài sơn, Sơn thù, Trạch tả, Đan bì, Bạch linh, Kỷ tử, Cúc hoa"
Huyết áp cao,Đàm thấp,"huyết áp, tụt huyết áp, hạ áp, tụt áp, tăng áp","nặng đầu, chóng mặt, tức ngực, mỡ máu cao, người béo, rêu lưỡi dày nhớt",rêu lưỡi dày nhớt,,Bán hạ bạch truật thiên ma thang,"Bạch truật, Bán hạ, Cam thảo, Phục linh, Thiên ma, Trần bì"
Huyết áp thấp,Tỳ khí hư,"huyết áp, tụt huyết áp, hạ áp, tụt áp, tăng áp","Ăn uống kém, cơ nhẽo, tay chân lạnh, đại tiện lỏng, mệt mỏi, mạch trầm",,mạch trầm,Bài thuốc bổ tỳ khí,"Cát lâm sâm, Mạch môn, Hoàng kỳ, Phá cố chỉ, Bạch linh, Nhục đậu, Bạch truật, Hoài sơn, Mộc hương, Cam thảo, Sa nhân, Nhục quế"
Huyết áp thấp,Tâm tỳ khí hư,"huyết áp, tụt huyết áp, hạ áp, tụt áp, tăng áp","Hồi hộp, mất ngủ, mệt mỏi, ăn kém, sắc mặt nhợt, chóng mặt khi thay đổi tư thế",,,Quy tỳ thang,"Đảng sâm, Bạch truật, Phục linh, Cam thảo, Đương quy, Hoàng kỳ, Long nhãn, Táo nhân, Viễn trí, Mộc hương"
Di niệu,Thận khí hư,"tiểu, đái, niệu, bàng quang, sỏi, tiểu đêm, tiểu gắt","Đái dầm về đêm, nước tiểu trong, tay chân lạnh, sợ lạnh, đau lưng, mỏi gối",,,Bát vị hoàn gia giảm,"Thục địa, Hoài sơn, Đan bì, Bạch linh, Trạch tả, Sơn thù, Nhục quế, Phụ tử, Thỏ ty tử, Tang phiêu tiêu, Xương bồ, Long cốt, Mẫu lệ, Phá cố chỉ"
Di niệu,Bàng quang nhiệt,"tiểu, đái, niệu, bàng quang, sỏi, tiểu đêm, tiểu gắt","Nằm mơ thấy đi đái, tiểu vàng, đêm ngủ hay nghiến răng",,,Ức can tán,"Đương quy, Câu đằng, Xuyên khung, Bạch truật, Bạch linh, Sài hồ, Cam thảo"
Viêm đại tràng,Thấp nhiệt,,"Đau bụng, đi ngoài nhiều lần, phân vàng có mùi thối, nóng rát hậu môn, rêu lưỡi vàng dày, mạch sác",rêu lưỡi vàng dày,mạch sác,Cát căn cầm liên thang gia giảm,"Cát căn, Hoàng liên, Hoàng cầm, Bạch truật, Kim ngân hoa, Chích cam thảo, Mộc thông, Hoắc hương"
Viêm đại tràng,Tỳ thận dương hư,,"Đau bụng âm ỉ, tiêu chảy kéo dài, phân lỏng nát, sợ lạnh, tay chân lạnh, mỏi lưng",,,Tứ thần hoàn gia giảm,"Phá cố chỉ, Nhục đậu khấu, Ngô thù du, Ngũ vị tử, Nhục quế, Hoài sơn, Đại táo, Can khương"
Động thai,Khí huyết hư,"kinh nguyệt, kinh, thai, sản, âm đạo, huyết trắng, đới hạ, băng","Mỏi lưng, đau bụng dưới, bụng căng sạ xuống, âm đạo ra huyết dịch, mệt mỏi, sắc mặt nhợt",,,An thai ẩm,"Bạch thược, Chích thảo, Hoàng kỳ, Thục địa, Xuyên khung, Bạch truật, Đương quy, Sâm cao ly, Tô ngạnh"
Động thai,Thận hư,"kinh nguyệt, kinh, thai, sản, âm đạo, huyết trắng, đới hạ, băng","Đau lưng, mỏi gối, đau bụng dưới, thai động không yên",,,Cố thận an thai phương,"Tục đoạn, Tang ký sinh, Củ gai, Đương quy, Đỗ trọng, A giao, Hoàng kỳ, Cam thảo"
Huyễn vựng,Can dương thượng kháng,"chóng mặt, hoa mắt, choáng váng, váng đầu, huyễn vựng, xây xẩm","Chóng mặt, hoa mắt, ù tai, đau đầu, dễ cáu gắt, mặt đỏ, miệng đắng, lưỡi đỏ",lưỡi đỏ,,Thiên ma câu đằng ẩm,"Thiên ma, Câu đằng, Thạch quyết minh, Chi tử, Hoàng cầm, Ngưu tất, Ích mẫu, Tang ký sinh, Dạ giao đằng, Phục linh"
Huyễn vựng,Đàm trọc trung trở,"chóng mặt, hoa mắt, choáng váng, váng đầu, huyễn vựng, xây xẩm","Chóng mặt, nặng đầu, tức ngực, buồn nôn, ợ hơi, rêu lưỡi dày nhớt",rêu lưỡi dày nhớt,,Bán hạ bạch truật thiên ma thang,"Bán hạ, Bạch truật, Thiên ma, Trần bì, Phục linh, Cam thảo, Sinh khương, Đại táo"
Huyễn vựng,Khí huyết hư,"chóng mặt, hoa mắt, choáng váng, váng đầu, huyễn vựng, xây xẩm","Chóng mặt tăng khi mệt, sắc mặt nhợt, mệt mỏi, hồi hộp, ăn kém, lưỡi nhạt",lưỡi nhạt,,Bát trân thang gia giảm,"Đảng sâm, Bạch truật, Phục linh, Cam thảo, Đương quy, Thục địa, Bạch thược, Xuyên khung"
Viêm xoang,Phong nhiệt,"mũi, hắt hơi, sổ mũi, chảy nước mũi, chảy mũi, ngạt mũi, nghẹt mũi, ngứa mũi","Hắt hơi, sổ mũi, đau nhức vùng mặt, đau đầu, chảy dịch mủ xuống họng, sốt, họng đỏ",,,Bài thuốc kết hợp,"Liên kiều, Trần bì, Thương nhĩ tử, Bạch chỉ, Đào nhân, Kim ngân hoa, Bạc hà, Hồng hoa"
Viêm xoang,Phế khí hư,"mũi, hắt hơi, sổ mũi, chảy nước mũi, chảy mũi, ngạt mũi, nghẹt mũi, ngứa mũi","Hắt hơi, sổ mũi trong, ngạt mũi, sợ lạnh, dễ cảm, viêm xoang tái phát về lạnh",,,Hoàng kỳ phương,"Hoàng kỳ, Ngũ vị tử, Cam thảo, Gừng, Quế chi, Tế tân, Bán hạ chế, Tang bạch bì, Bạch chỉ, Thương nhĩ tử"
Nam bất dục,Đàm thấp,,"Tinh trùng ít, yếu, hoặc không có tinh trùng, người béo, mệt mỏi, rêu lưỡi dày nhớt",rêu lưỡi dày nhớt,,Thương phụ đạo đàm thang gia giảm,"Hương phụ, Trần bì, Thương truật, Bán hạ chế, Đởm nam tinh, Bạch linh, Bạch truật, Cam thảo"
Nam bất dục,Hàn trệ can mạch,,"Tinh trùng yếu, vô sinh, vùng bẹn và bìu lạnh, có thể đau tức",,,Noãn can tiễn gia giảm,"Nhục quế, Tiểu hồi hương, Ô dược, Đương quy, Bạch thược, Phục linh, Cam thảo"
Viêm phế quản,Phong hàn,"ho, đờm, đàm, khạc, họng, cổ họng, phế quản, sổ mũi","Ho, đờm trắng loãng, tức ngực, sợ lạnh, ngạt mũi, rêu lưỡi trắng",rêu lưỡi trắng,,Hạnh tô tán,"Hạnh nhân, Tô diệp, Tiền hồ, Cát cánh, Chỉ xác, Bán hạ, Trần bì, Phục linh, Cam thảo, Sinh khương, Đại táo"
Viêm phế quản,Phong nhiệt,"ho, đờm, đàm, khạc, họng, cổ họng, phế quản, sổ mũi","Ho, đờm vàng dính, khó khạc, sốt, khát nước, rêu lưỡi vàng",rêu lưỡi vàng,,Tang cúc ẩm gia giảm,"Tang diệp, Cúc hoa, Liên kiều, Bạc hà, Cát cánh, Hạnh nhân, Cam thảo, Lô căn"
Viêm phế quản,Đàm thấp,"ho, đờm, đàm, khạc, họng, cổ họng, phế quản, sổ mũi","Ho nhiều đờm trắng dính, tức ngực, ăn kém, rêu lưỡi trắng dày",rêu lưỡi trắng dày,,Nhị trần thang,"Trần bì, Bán hạ, Phục linh, Cam thảo"
Viêm yết hầu,Phong nhiệt,"họng, hầu, amidan, khàn, nuốt đau, nuốt vướng, rát cổ, đau cổ","Đau họng, sốt, sợ gió, khát nước, họng đỏ, rêu lưỡi vàng mỏng",rêu lưỡi vàng mỏng,,Ngân kiều tán,"Kim ngân hoa, Liên kiều, Bạc hà, Cát cánh, Ngưu bàng tử, Cam thảo, Đậu xị, Trúc diệp, Kinh giới"
Viêm yết hầu,Âm hư,"họng, hầu, amidan, khàn, nuốt đau, nuốt vướng, rát cổ, đau cổ","khô họng, đau nhẹ, khàn giọng, tái phát nhiều lần, về chiều sốt nhẹ, lưỡi đỏ ít rêu",lưỡi đỏ ít rêu,,Lục vị địa hoàng hoàn gia giảm,"Thục địa, Hoài sơn, Sơn thù, Đan bì, Bạch linh, Trạch tả, Huyền sâm, Xạ can"
Tai biến mạch máu não,Huyết ứ,"liệt, méo miệng, bán thân bất toại, tê bại, khó nói, mất ngôn ngữ, trúng phong, tai biến","Liệt nửa người, nói khó, miệng méo, tay chân tê bì, cứng khớp",,,Bán hạ bạch truật thiên ma thang,"Bán hạ, Bạch truật, Thiên ma, Trần bì, Phục linh, Cam thảo"
Tai biến mạch máu não,Khí hư huyết ứ,"liệt, méo miệng, bán thân bất toại, tê bại, khó nói, mất ngôn ngữ, trúng phong, tai biến","Liệt nửa người mềm, tay chân không có lực, sắc mặt nhợt, mệt mỏi, hơi thở ngắn",,,Bổ dương hoàn ngũ thang,"Hoàng kỳ, Đương quy vĩ, Xích thược, Địa long, Xuyên khung, Đào nhân, Hồng hoa"
Ẩn chẩn,Phong nhiệt,"mề đay, mày đay, mẩn, ngứa, sẩn, ban đỏ, nổi ban, phát ban","Nổi mẩn đỏ ngứa, xuất hiện đột ngột, gặp nóng ngứa tăng, kèm sốt, miệng khát",,,Bài thuốc trị mề đay,"Kinh giới, Phòng phong, Chi tử, Kim ngân hoa, Cỏ mực, Nam hoàng bá, Đương quy, Cam thảo đất"
Ẩn chẩn,Huyết hư phong táo,"mề đay, mày đay, mẩn, ngứa, sẩn, ban đỏ, nổi ban, phát ban","Mề đay tái phát nhiều lần, ngứa về đêm, khô da, mệt mỏi, ít ngủ",,,Tiêu phong thang,"Kinh giới, Phòng phong, Đương quy, Sinh địa, Thạch cao, Thuyền thoái, Ngưu bàng, Hồng hoa"
Bất mị,Tâm tỳ hư,"mất ngủ, khó ngủ, không ngủ, ngủ không, thất miên, khó vào giấc, dễ tỉnh, trằn trọc","Khó ngủ, ngủ hay mơ, dễ tỉnh, hồi hộp, mệt mỏi, sắc mặt nhợt, ăn kém",,,Quy tỳ thang,"Đảng sâm, Bạch truật, Phục linh, Cam thảo, Đương quy, Hoàng kỳ, Long nhãn, Táo nhân, Viễn trí, Mộc hương, Sinh khương, Đại táo"
Bất mị,Âm hư hỏa vượng,"mất ngủ, khó ngủ, không ngủ, ngủ không, thất miên, khó vào giấc, dễ tỉnh, trằn trọc","Khó vào giấc ngủ, hay mê, hồi hộp, khô miệng, lòng bàn tay chân nóng, lưỡi đỏ ít rêu",lưỡi đỏ ít rêu,,Hoàng liên a giao thang,"Hoàng liên, Hoàng cầm, Bạch thược, A giao, Kê tử hoàng"
Bất mị,Đàm nhiệt,"mất ngủ, khó ngủ, không ngủ, ngủ không, thất miên, khó vào giấc, dễ tỉnh, trằn trọc","Ngủ không ngon, hay mê, miệng đắng, tức ngực, rêu lưỡi vàng nhớt, mạch hoạt",rêu lưỡi vàng nhớt,mạch hoạt,Ôn đởm thang,"Trần bì, Bán hạ, Phục linh, Chỉ thực, Trúc nhự, Cam thảo, Sinh khương, Đại táo"
Khẩu nhãn oa tà,Khí trệ huyết ứ,,"Mặt méo lệch, mắt nhắm không kín, khó nói, ăn uống rơi vãi, đau tai sau",,,Hoạt huyết,"Đan sâm, Xuyên khung, Ngưu tất, Tô mộc, Uất kim, Chỉ xác, Trần bì, Bạch thược, Cam thảo"
Khẩu nhãn oa tà,Phong tà nhập lạc,,"Mặt méo đột ngột, mắt nhắm không kín, miệng chảy nước bọt, đau sau tai, sợ gió",,,Khiên chính tán,"Bạch phụ tử, Toàn yết, Cương tàm"
Khái thấu,Phong hàn tập phế,"ho, khái thấu","Ho tiếng nặng, ngứa họng, khạc đờm loãng trắng, kèm nghẹt mũi, chảy nước mũi trong, hắt hơi; có thể sốt nhẹ sợ lạnh, đau đầu, không ra mồ hôi, người đau mỏi. Chất lưỡi nhạt, rêu lưỡi trắng mỏng. Mạch phù hoặc phù khẩn","người đau mỏi. Chất lưỡi nhạt, rêu lưỡi trắng mỏng. Mạch phù hoặc phù khẩn",,Tam ảo thang hợp Chỉ thấu tán,"Ma hoàng, Hạnh nhân, Cam thảo, Kinh giới, Cát cánh, Bách bộ, Tử uyển, Bạch tiền, Trần bì"
Khái thấu,Phong nhiệt phạm phế,"ho, khái thấu","Ho tiếng thô nặng hoặc ho khan, khạc đờm vàng đặc dính khó ra, họng đau khô rát, miệng khát; kèm phát sốt, sợ gió, chảy mũi vàng đục, đau đầu, ra mồ hôi. Chất lưỡi đỏ đầu lưỡi, rêu lưỡi vàng mỏng. Mạch phù sác","ra mồ hôi. Chất lưỡi đỏ đầu lưỡi, rêu lưỡi vàng mỏng. Mạch phù sác",,Tang cúc ẩm,"Tang diệp, Cúc hoa, Hạnh nhân, Liên kiều, Bạc hà, Cát cánh, Cam thảo, Lô căn"
Khái thấu,Phong táo thương phế,"ho, khái thấu","Ho khan không đờm hoặc đờm ít dính khó khạc, có thể lẫn tia máu; mũi họng khô, môi khô, họng ngứa đau, ho lâu không dứt; kèm sốt nhẹ sợ gió, đau đầu. Chất lưỡi đỏ, khô ít tân dịch, rêu lưỡi trắng mỏng hoặc vàng mỏng mà khô. Mạch phù sác hoặc phù","đau đầu. Chất lưỡi đỏ, rêu lưỡi trắng mỏng hoặc vàng mỏng mà khô. Mạch phù sác hoặc phù",,Tang hạnh thang,"Tang diệp, Hạnh nhân, Sa sâm, Xuyên bối mẫu, Đạm đậu xị, Chi tử bì, Lê bì"
Khái thấu,Đàm thấp uẩn phế,"ho, khái thấu","Ho nhiều đờm, đờm trắng loãng hoặc dính thành cục, dễ khạc ra, sáng sớm và sau ăn ho nặng hơn; ngực bụng đầy tức, ăn kém, mệt mỏi nặng người, đại tiện nhão. Chất lưỡi nhạt, rêu lưỡi trắng nhớt . Mạch nhu hoạt","đại tiện nhão. Chất lưỡi nhạt, rêu lưỡi trắng nhớt . Mạch nhu hoạt",,Nhị trần thang hợp Tam tử dưỡng thân thang,"Bán hạ, Trần bì, Phục linh, Cam thảo, Tô tử, Bạch giới tử, Lai phục tử"
Khái thấu,Đàm nhiệt uất phế,"ho, khái thấu","Ho khí thô, đờm nhiều đặc dính hoặc vàng, khó khạc, hoặc đờm có mùi tanh; ngực tức, có khi đau tức khi ho, mặt đỏ, miệng khô đắng, họng khô. Chất lưỡi đỏ, rêu lưỡi vàng nhớt. Mạch hoạt sác","họng khô. Chất lưỡi đỏ, rêu lưỡi vàng nhớt. Mạch hoạt sác",,Thanh kim hóa đàm thang,"Hoàng cầm, Chi tử, Cát cánh, Mạch môn, Tang bạch bì, Bối mẫu, Tri mẫu, Qua lâu nhân, Quất hồng, Phục linh, Cam thảo"
Khái thấu,Can hỏa phạm phế,"ho, khái thấu","Ho từng cơn, ho khi khí nghịch lên, mặt đỏ họng khô, khạc đờm ít dính khó ra, có khi đau tức ngực sườn, cơn ho tăng khi tức giận; miệng đắng họng khô. Chất lưỡi đỏ, rêu lưỡi vàng mỏng ít tân. Mạch huyền sác","cơn ho tăng khi tức giận; miệng đắng họng khô. Chất lưỡi đỏ, rêu lưỡi vàng mỏng ít tân. Mạch huyền sác",,Đại cáp tán hợp Tả bạch tán,"Thanh đại, Hải cáp xác, Tang bạch bì, Địa cốt bì, Cam thảo, Ngạnh mễ"
Khái thấu,Phế âm khuy hư,"ho, khái thấu","Ho khan kéo dài, đờm ít dính hoặc đờm lẫn tia máu, tiếng ho ngắn yếu; họng khô miệng ráo, khàn tiếng, về chiều triều nhiệt, gò má đỏ, đạo hãn, người gầy mệt. Chất lưỡi đỏ ít tân, ít rêu hoặc không rêu. Mạch tế sác","người gầy mệt. Chất lưỡi đỏ ít tân, ít rêu hoặc không rêu. Mạch tế sác",,Sa sâm mạch môn thang,"Sa sâm, Mạch môn, Ngọc trúc, Thiên hoa phấn, Tang diệp, Biển đậu, Cam thảo"
Suyễn chứng,Hàn háo,,"Thở gấp khò khè, trong họng có tiếng đờm cò cưa, tức ngực đầy tức, khạc đờm loãng trắng có bọt, sắc mặt xanh xám, không khát hoặc thích uống nóng, sợ lạnh, gặp lạnh thì bệnh phát hoặc nặng thêm; chất lưỡi nhạt, rêu lưỡi trắng nhớt ; mạch huyền khẩn hoặc phù khẩn","gặp lạnh thì bệnh phát hoặc nặng thêm; chất lưỡi nhạt, rêu lưỡi trắng nhớt ; mạch huyền khẩn hoặc phù khẩn",,Xạ can ma hoàng thang,"Xạ can, Ma hoàng, Sinh khương, Tế tân, Tử uyển, Khoản đông hoa, Ngũ vị tử, Đại táo, Bán hạ"
Suyễn chứng,Nhiệt háo,,"Thở gấp khò khè, tiếng đờm cò cưa to thô, ngực đầy tức phiền muộn, ho khạc đờm vàng đặc dính khó ra, sắc mặt đỏ hồng, người bứt rứt, miệng khát thích uống, mồ hôi ra, có thể sốt; chất lưỡi đỏ, rêu lưỡi vàng nhớt ; mạch hoạt sác","có thể sốt; chất lưỡi đỏ, rêu lưỡi vàng nhớt ; mạch hoạt sác",,Định suyễn thang,"Bạch quả, Ma hoàng, Tô tử, Cam thảo, Khoản đông hoa, Hạnh nhân, Tang bạch bì, Hoàng cầm, Bán hạ"
Suyễn chứng,Phong hàn bế phế,,"Thở gấp tức ngực, ho khạc đờm loãng trắng, kèm đau đầu, sợ lạnh phát sốt, không có mồ hôi, ngạt mũi chảy nước mũi trong, người đau mỏi; chất lưỡi nhạt, rêu lưỡi trắng mỏng ; mạch phù khẩn","người đau mỏi; chất lưỡi nhạt, rêu lưỡi trắng mỏng ; mạch phù khẩn",,Ma hoàng thang (kèm Tam ảo thang),"Ma hoàng, Quế chi, Hạnh nhân, Cam thảo"
Suyễn chứng,Đàm nhiệt uất phế,,"Suyễn thở khí thô, ho khạc đờm vàng đặc dính hoặc đờm có mùi tanh hôi, tức ngực đầy tức, phiền nhiệt bứt rứt, miệng khát muốn uống, mặt đỏ, đại tiện táo, tiểu tiện vàng đỏ; chất lưỡi đỏ, rêu lưỡi vàng nhớt ; mạch hoạt sác","tiểu tiện vàng đỏ; chất lưỡi đỏ, rêu lưỡi vàng nhớt ; mạch hoạt sác",,Thanh kim hóa đàm thang,"Hoàng cầm, Sơn chi tử, Cát cánh, Mạch môn, Tang bạch bì, Bối mẫu, Tri mẫu, Qua lâu nhân, Quất hồng, Phục linh, Cam thảo"
Suyễn chứng,Phế khí hư,,"Thở ngắn hụt hơi, tiếng nói nhỏ yếu, ho khan hoặc ho có đờm loãng, tự ra mồ hôi, sợ gió, dễ cảm mạo, mệt mỏi vô lực, sắc mặt trắng nhợt; chất lưỡi nhạt, rêu lưỡi trắng mỏng; mạch nhược hoặc hư nhuyễn","sắc mặt trắng nhợt; chất lưỡi nhạt, rêu lưỡi trắng mỏng; mạch nhược hoặc hư nhuyễn",,Bổ phế thang (hợp Ngọc bình phong tán),"Nhân sâm, Hoàng kỳ, Thục địa, Ngũ vị tử, Tử uyển, Tang bạch bì, Bạch truật, Phòng phong"
Suyễn chứng,Thận bất nạp khí,,"Thở gấp khí đoản lâu ngày, thở ra nhiều hít vào ít, hễ động thì suyễn tăng, khí không tiếp nối được, mệt mỏi, lưng gối mỏi yếu, sợ lạnh chân tay lạnh, tiểu tiện nhiều lần hoặc són tiểu khi suyễn, sắc mặt xanh xám, có thể phù chân; chất lưỡi nhạt bệu, rêu lưỡi trắng; mạch trầm tế vô lực","có thể phù chân; chất lưỡi nhạt bệu, rêu lưỡi trắng; mạch trầm tế vô lực",,Thận khí hoàn hợp Nhân sâm cáp giới tán,"Thục địa, Sơn thù, Hoài sơn, Trạch tả, Đan bì, Phục linh, Quế chi, Phụ tử, Nhân sâm, Cáp giới"
Hung tý,Tâm huyết ứ trở,"đau ngực, tức ngực, ngực đau, đau vùng ngực, đau thắt ngực, ngực đầy, đầy tức ngực, đau trước tim","Đau vùng ngực như dao đâm, đau cố định không di chuyển, đau lan ra vai lưng, tâm quý, về đêm đau tăng, môi và móng tay tím. Chất lưỡi tím tối hoặc có điểm ứ huyết, rêu mỏng; mạch trầm sáp hoặc kết đại","môi và móng tay tím. Chất lưỡi tím tối hoặc có điểm ứ huyết, rêu mỏng; mạch trầm sáp hoặc kết đại",,Huyết phủ trục ứ thang,"Đào nhân, Hồng hoa, Đương quy, Sinh địa hoàng, Xuyên khung, Xích thược, Ngưu tất, Cát cánh, Sài hồ, Chỉ xác, Cam thảo"
Hung tý,Khí trệ tâm hung,"đau ngực, tức ngực, ngực đau, đau vùng ngực, đau thắt ngực, ngực đầy, đầy tức ngực, đau trước tim","Ngực đầy tức, đau lan mạn sườn, đau di chuyển không cố định, đau tăng khi tinh thần uất ức căng thẳng, hay thở dài, ợ hơi. Chất lưỡi hồng nhạt, rêu trắng mỏng; mạch huyền","ợ hơi. Chất lưỡi hồng nhạt, rêu trắng mỏng; mạch huyền",,Sài hồ sơ can tán,"Sài hồ, Trần bì, Xuyên khung, Hương phụ, Chỉ xác, Bạch thược, Cam thảo"
Hung tý,Đàm trọc bế trở,"đau ngực, tức ngực, ngực đau, đau vùng ngực, đau thắt ngực, ngực đầy, đầy tức ngực, đau trước tim","Ngực tức đầy trướng, đau lan vai lưng, người nặng nề mệt mỏi, đờm nhiều, thân thể béo bệu, ăn kém, buồn nôn. Chất lưỡi bệu, rêu trắng nhớt hoặc vàng nhớt; mạch hoạt","buồn nôn. Chất lưỡi bệu, rêu trắng nhớt hoặc vàng nhớt; mạch hoạt",,Qua lâu giới bạch bán hạ thang phối hợp Địch đàm thang,"Qua lâu, Giới bạch, Bán hạ, Bạch tửu (rượu), Trần bì, Chỉ thực, Phục linh, Cam thảo, Nam tinh, Trúc nhự, Nhân sâm, Thạch xương bồ"
Hung tý,Hàn ngưng tâm mạch,"đau ngực, tức ngực, ngực đau, đau vùng ngực, đau thắt ngực, ngực đầy, đầy tức ngực, đau trước tim","Ngực đau dữ dội lan ra sau lưng, gặp lạnh đau tăng, chân tay lạnh, sợ lạnh, sắc mặt trắng bợt, tim hồi hộp, thở gấp. Chất lưỡi nhợt, rêu trắng trơn; mạch trầm khẩn hoặc trầm tế","thở gấp. Chất lưỡi nhợt, rêu trắng trơn; mạch trầm khẩn hoặc trầm tế",,Qua lâu giới bạch bạch tửu thang hợp Đương quy tứ nghịch thang,"Qua lâu, Giới bạch, Bạch tửu (rượu), Đương quy, Quế chi, Bạch thược, Tế tân, Chích cam thảo, Thông thảo (Mộc thông), Đại táo"
Hung tý,Khí âm lưỡng hư,"đau ngực, tức ngực, ngực đau, đau vùng ngực, đau thắt ngực, ngực đầy, đầy tức ngực, đau trước tim","Ngực đau âm ỉ từng cơn, tim hồi hộp đoản hơi, mệt mỏi vô lực, tự hãn, gắng sức thì đau và mệt tăng, sắc mặt nhợt hoặc khô, miệng khô. Chất lưỡi hồng nhạt bệu có vết răng, rêu ít; mạch tế nhược hoặc kết đại","miệng khô. Chất lưỡi hồng nhạt bệu có vết răng, rêu ít; mạch tế nhược hoặc kết đại",,Sinh mạch tán hợp Nhân sâm dưỡng vinh thang,"Nhân sâm, Mạch môn, Ngũ vị tử, Hoàng kỳ, Bạch truật, Phục linh, Đương quy, Bạch thược, Thục địa, Trần bì, Nhục quế, Viễn chí, Chích cam thảo"
Hung tý,Tâm thận dương hư,"đau ngực, tức ngực, ngực đau, đau vùng ngực, đau thắt ngực, ngực đầy, đầy tức ngực, đau trước tim","Ngực đau tức, tim hồi hộp trống ngực dữ dội, đoản hơi khó thở, sắc mặt trắng bệch, sợ lạnh, chân tay lạnh, phù thũng chi dưới, tiểu ít, tinh thần mệt mỏi. Chất lưỡi nhợt bệu hoặc tím tối, rêu trắng trơn; mạch trầm tế vô lực hoặc trầm trì kết đại","tinh thần mệt mỏi. Chất lưỡi nhợt bệu hoặc tím tối, rêu trắng trơn; mạch trầm tế vô lực hoặc trầm trì kết đại",,Sâm phụ thang hợp Hữu quy ẩm,"Nhân sâm, Phụ tử (chế), Thục địa, Sơn thù du, Hoài sơn (Sơn dược), Câu kỷ tử, Đỗ trọng, Nhục quế, Chích cam thảo"
Bĩ mãn,Tà nhiệt nội hãm,,"Bụng trên đầy tức, ấn vào tức mà không đau, tâm hạ bĩ mãn, phiền khát, có thể kèm nôn ọe, tiểu tiện vàng, đại tiện táo hoặc lỏng nát; lưỡi đỏ, rêu vàng hoặc vàng nhớt, mạch sác","đại tiện táo hoặc lỏng nát; lưỡi đỏ, rêu vàng hoặc vàng nhớt",mạch sác,Đại hoàng hoàng liên tả tâm thang,"Đại hoàng, Hoàng liên"
Bĩ mãn,Ẩm thực nội đình,,"Bụng trên bĩ đầy trướng tức, ợ hơi ợ chua có mùi thức ăn, chán ăn, buồn nôn nôn ra thức ăn không tiêu, đại tiện bất sảng hoặc phân thối khẳm; lưỡi rêu dày nhớt, mạch hoạt",đại tiện bất sảng hoặc phân thối khẳm; lưỡi rêu dày nhớt,mạch hoạt,Bảo hòa hoàn,"Sơn tra, Thần khúc, Bán hạ, Phục linh, Trần bì, Liên kiều, La bặc tử"
Bĩ mãn,Đàm thấp trung trở,,"Tâm hạ bĩ mãn, ngực bụng đầy tức, đầu nặng như bọc, thân thể nặng nề, buồn nôn nôn ra đờm dãi, không muốn ăn uống, miệng nhạt nhớt; lưỡi bệu rêu trắng nhớt, mạch nhu hoạt",miệng nhạt nhớt; lưỡi bệu rêu trắng nhớt,mạch nhu hoạt,Bình vị tán hợp Nhị trần thang,"Thương truật, Hậu phác, Trần bì, Bán hạ, Phục linh, Cam thảo, Sinh khương, Đại táo"
Bĩ mãn,Can vị bất hòa,,"Bụng trên đầy tức, hai bên sườn trướng đau, tức ngực hay thở dài, ợ hơi ợ chua, bĩ mãn tăng khi tình chí không thư thái, chán ăn; lưỡi đỏ nhạt rêu trắng mỏng, mạch huyền",chán ăn; lưỡi đỏ nhạt rêu trắng mỏng,mạch huyền,Việt cúc hoàn hợp Sài hồ sơ can tán,"Hương phụ, Xuyên khung, Thương truật, Thần khúc, Chi tử, Sài hồ, Chỉ xác, Bạch thược, Trần bì, Cam thảo"
Bĩ mãn,Tỳ vị hư nhược,,"Bụng trên bĩ đầy, ấn vào mềm mà thích xoa nắn, ăn kém, ăn xong đầy trướng tăng, mệt mỏi vô lực, sắc mặt vàng úa, đại tiện lỏng nát; lưỡi nhợt bệu có hằn răng rêu trắng mỏng, mạch tế nhược",đại tiện lỏng nát; lưỡi nhợt bệu có hằn răng rêu trắng mỏng,mạch tế nhược,Hương sa lục quân tử thang,"Nhân sâm, Bạch truật, Phục linh, Cam thảo, Trần bì, Bán hạ, Mộc hương, Sa nhân"
Bĩ mãn,Vị âm bất túc,,"Bụng trên bĩ đầy khó chịu, đói mà không muốn ăn, miệng khô họng ráo, nôn khan nấc cụt, đại tiện táo kết; lưỡi đỏ ít tân dịch, rêu ít hoặc bong mảng, mạch tế sác","đại tiện táo kết; lưỡi đỏ ít tân dịch, rêu ít hoặc bong mảng",mạch tế sác,Ích vị thang,"Sa sâm, Mạch môn, Sinh địa, Ngọc trúc, Đường phèn (băng đường)"
Tào tạp (thôn toan),Can vị uất nhiệt,"cồn cào, ợ chua, nóng rát, thôn toan, tào tạp","Tào tạp, thôn toan ợ chua nóng rát, thượng vị và vùng ngực đau tức, ợ hơi, miệng đắng khô, phiền táo dễ cáu giận, đau tăng khi tức giận, đại tiện táo, nước tiểu vàng. Chất lưỡi đỏ, rêu lưỡi vàng mỏng hoặc vàng nhớt; mạch huyền sác","nước tiểu vàng. Chất lưỡi đỏ, rêu lưỡi vàng mỏng hoặc vàng nhớt; mạch huyền sác",,Tả kim hoàn hợp Hóa can tiễn,"Hoàng liên, Ngô thù du, Thanh bì, Trần bì, Bạch thược, Đan bì, Chi tử, Trạch tả, Bối mẫu"
Tào tạp (thôn toan),Hàn tà phạm vị,"cồn cào, ợ chua, nóng rát, thôn toan, tào tạp","Tào tạp cồn cào, thôn toan ợ chua, thượng vị đau lạnh đột ngột, đau cự án, gặp lạnh đau tăng gặp ấm đỡ đau, miệng nhạt không khát, thích uống nóng, có thể nôn ra nước trong. Chất lưỡi nhạt, rêu lưỡi trắng mỏng hoặc trắng nhớt; mạch huyền khẩn","có thể nôn ra nước trong. Chất lưỡi nhạt, rêu lưỡi trắng mỏng hoặc trắng nhớt; mạch huyền khẩn",,Lương phụ hoàn gia vị (Cao lương khương - Hương phụ),"Cao lương khương, Hương phụ, Sinh khương, Ngô thù du, Bán hạ, Trần bì, Cam thảo"
Tào tạp (thôn toan),Tỳ vị hư hàn,"cồn cào, ợ chua, nóng rát, thôn toan, tào tạp","Tào tạp âm ỉ kéo dài, thôn toan ợ chua nước trong, thượng vị đau ẩm ỉ thích xoa nắn, đói đau đỡ hoặc ăn vào đỡ đau, gặp lạnh và mệt nhọc đau tăng, ăn kém, mệt mỏi vô lực, tay chân lạnh, đại tiện nhão. Chất lưỡi nhạt bệu có hằn răng, rêu lưỡi trắng mỏng nhuận; mạch tế nhược hoặc trầm trì","đại tiện nhão. Chất lưỡi nhạt bệu có hằn răng, rêu lưỡi trắng mỏng nhuận; mạch tế nhược hoặc trầm trì",,Hoàng kỳ kiến trung thang,"Hoàng kỳ, Quế chi, Bạch thược, Sinh khương, Đại táo, Cam thảo (chích), Di đường (mạch nha đường)"
Hoàng đản,Dương hoàng - Nhiệt trọng ư thấp,"vàng da, da vàng, vàng mắt, mắt vàng, củng mạc vàng, vàng củng mạc, vàng tươi, vàng đậm","Da và củng mạc mắt vàng tươi sáng như màu quả quýt chín, sốt, khát nước, bụng đầy tức vùng thượng vị và hạ sườn phải, buồn nôn, nôn, tiểu tiện ít và vàng sẫm như nước chè đặc, đại tiện táo kết, miệng đắng khô. Chất lưỡi đỏ, rêu lưỡi vàng nhớp . Mạch huyền sác hoặc hoạt sác","miệng đắng khô. Chất lưỡi đỏ, rêu lưỡi vàng nhớp . Mạch huyền sác hoặc hoạt sác",,Nhân trần cao thang,"Nhân trần, Chi tử, Đại hoàng"
Hoàng đản,Dương hoàng - Thấp trọng ư nhiệt,"vàng da, da vàng, vàng mắt, mắt vàng, củng mạc vàng, vàng củng mạc, vàng tươi, vàng đậm","Da và mắt vàng nhưng không tươi bằng thể nhiệt trọng, đầu nặng mình mỏi, ngực bụng đầy trướng, ăn kém, buồn nôn, miệng nhạt dính, không khát hoặc khát mà không muốn uống, đại tiện nhão, tiểu tiện vàng đục và ít. Chất lưỡi đỏ, rêu lưỡi dày nhớp hơi vàng. Mạch nhu hoãn hoặc nhu sác","tiểu tiện vàng đục và ít. Chất lưỡi đỏ, rêu lưỡi dày nhớp hơi vàng. Mạch nhu hoãn hoặc nhu sác",,Nhân trần ngũ linh tán (Nhân trần hợp Ngũ linh tán),"Nhân trần, Trư linh, Phục linh, Trạch tả, Bạch truật, Quế chi"
Hoàng đản,Cấp hoàng,"vàng da, da vàng, vàng mắt, mắt vàng, củng mạc vàng, vàng củng mạc, vàng tươi, vàng đậm","Bệnh phát nhanh và nặng, sắc vàng đậm tối như màu vàng kim, sốt cao phiền khát, bụng trướng đầy đau, thần chí mê sảng nói nhảm, chảy máu cam, nôn ra máu, đại tiện ra máu, có thể phát ban chẩn, tiểu tiện ít đỏ sẫm. Chất lưỡi đỏ tía, rêu lưỡi vàng khô hoặc vàng đen. Mạch huyền sác hoặc hồng đại","tiểu tiện ít đỏ sẫm. Chất lưỡi đỏ tía, rêu lưỡi vàng khô hoặc vàng đen. Mạch huyền sác hoặc hồng đại",,Tê giác tán (Thanh ôn bại độc ẩm gia giảm),"Tê giác (nay thay bằng Thủy ngưu giác), Hoàng liên, Chi tử, Thăng ma, Nhân trần, Sinh địa, Huyền sâm, Đại hoàng"
Hoàng đản,Âm hoàng - Hàn thấp trở át,"vàng da, da vàng, vàng mắt, mắt vàng, củng mạc vàng, vàng củng mạc, vàng tươi, vàng đậm","Da và mắt vàng xỉn tối như màu khói ám, người lạnh, chân tay lạnh, tinh thần mệt mỏi uể oải, ăn kém, bụng đầy, đại tiện lỏng nát, miệng nhạt không khát, sợ lạnh. Chất lưỡi nhợt bệu, rêu lưỡi trắng nhớp. Mạch nhu hoãn hoặc trầm trì","sợ lạnh. Chất lưỡi nhợt bệu, rêu lưỡi trắng nhớp. Mạch nhu hoãn hoặc trầm trì",,Nhân trần truật phụ thang,"Nhân trần, Bạch truật, Phụ tử (chế), Can khương, Cam thảo (chích), Nhục quế"
Hoàng đản,Âm hoàng - Tỳ hư thấp trệ,"vàng da, da vàng, vàng mắt, mắt vàng, củng mạc vàng, vàng củng mạc, vàng tươi, vàng đậm","Sắc vàng nhạt và tối xỉn kéo dài, sắc mặt vàng bủng hoặc trắng nhợt, mệt mỏi vô lực, ăn ít, bụng trướng, đại tiện nhão lỏng, chân tay rã rời, đoản hơi ngại nói, có thể phù nhẹ. Chất lưỡi nhợt bệu có hằn răng, rêu lưỡi trắng mỏng nhớp. Mạch nhu nhược hoặc trầm tế vô lực","có thể phù nhẹ. Chất lưỡi nhợt bệu có hằn răng, rêu lưỡi trắng mỏng nhớp. Mạch nhu nhược hoặc trầm tế vô lực",,Hoàng kỳ kiến trung thang (phối hợp Nhân trần),"Hoàng kỳ, Quế chi, Bạch thược, Sinh khương, Đại táo, Cam thảo (chích), Di đường (mạch nha), Nhân trần"
Hiếp thống,Can khí uất kết,"đau sườn, đau hạ sườn, đau mạng sườn, tức sườn, đau hông sườn, sườn trướng, đau liên sườn, hiếp thống","Đau tức vùng hạ sườn, đau lan di động không cố định, đau tăng khi tình chí uất ức hoặc tức giận, ngực sườn đầy tức, hay thở dài, ợ hơi, ăn kém, bụng đầy trướng. Lưỡi chất hồng nhạt, rêu lưỡi trắng mỏng. Mạch huyền","bụng đầy trướng. Lưỡi chất hồng nhạt, rêu lưỡi trắng mỏng. Mạch huyền",,Sài hồ sơ can tán,"Sài hồ, Bạch thược, Chỉ xác, Xuyên khung, Hương phụ, Trần bì, Cam thảo (chích)"
Hiếp thống,Can đởm thấp nhiệt,"đau sườn, đau hạ sườn, đau mạng sườn, tức sườn, đau hông sườn, sườn trướng, đau liên sườn, hiếp thống","Đau tức vùng hạ sườn kèm cảm giác nóng rát, miệng đắng, họng khô, ngực sườn đầy tức, buồn nôn hoặc nôn, ăn kém, chán ăn dầu mỡ, tiểu tiện vàng sẫm, có thể phát sốt, mắt và da vàng . Lưỡi chất đỏ, rêu lưỡi vàng nhớt . Mạch huyền sác hoặc huyền hoạt","mắt và da vàng . Lưỡi chất đỏ, rêu lưỡi vàng nhớt . Mạch huyền sác hoặc huyền hoạt",,Long đởm tả can thang,"Long đởm thảo, Hoàng cầm, Chi tử (Sơn chi), Trạch tả, Mộc thông, Xa tiền tử, Đương quy, Sinh địa hoàng, Sài hồ, Cam thảo"
Hiếp thống,Ứ huyết trở lạc,"đau sườn, đau hạ sườn, đau mạng sườn, tức sườn, đau hông sườn, sườn trướng, đau liên sườn, hiếp thống","Đau tức vùng hạ sườn đau như kim châm, vị trí đau cố định không di chuyển, đau tăng về đêm, ấn vào đau tăng, có thể sờ thấy khối cứng dưới sườn, sắc mặt sạm tối. Lưỡi chất tím tối hoặc có điểm ứ huyết, rêu lưỡi mỏng. Mạch huyền sáp","sắc mặt sạm tối. Lưỡi chất tím tối hoặc có điểm ứ huyết, rêu lưỡi mỏng. Mạch huyền sáp",,Huyết phủ trục ứ thang,"Đào nhân, Hồng hoa, Đương quy, Sinh địa hoàng, Xuyên khung, Xích thược, Ngưu tất, Cát cánh, Sài hồ, Chỉ xác, Cam thảo"
Hiếp thống,Can âm bất túc,"đau sườn, đau hạ sườn, đau mạng sườn, tức sườn, đau hông sườn, sườn trướng, đau liên sườn, hiếp thống","Đau tức âm ỉ vùng hạ sườn, miệng khô họng ráo, đầu choáng mắt hoa, hai mắt khô sáp, tâm phiền, ngũ tâm phiền nhiệt, có thể sốt về chiều, gò má đỏ, mất ngủ. Lưỡi chất đỏ, ít tân dịch, rêu lưỡi ít hoặc không rêu. Mạch huyền tế sác","mất ngủ. Lưỡi chất đỏ, rêu lưỡi ít hoặc không rêu. Mạch huyền tế sác",,Nhất quán tiễn,"Sa sâm (Bắc sa sâm), Mạch môn, Đương quy, Sinh địa hoàng, Câu kỷ tử, Xuyên luyện tử"
Thủy thũng,Phong thủy phiếm lạm,"phù, thũng, sưng phù, phù nề, ấn lõm, mọng nước, mắt húp, húp mặt","Phù thũng khởi phát nhanh từ mi mắt, mặt rồi lan toàn thân, chi trên rõ hơn chi dưới, ấn lõm; kèm sốt, sợ gió, đau khớp, tiểu ít. Nếu thiên phong hàn thì rêu lưỡi trắng mỏng, mạch phù khẩn; nếu thiên phong nhiệt thì họng sưng đỏ đau, rêu lưỡi vàng mỏng, mạch phù sác. Chất lưỡi hồng nhạt","tiểu ít. Nếu thiên phong hàn thì rêu lưỡi trắng mỏng, rêu lưỡi vàng mỏng, mạch phù sác. Chất lưỡi hồng nhạt","mạch phù khẩn; nếu thiên phong nhiệt thì họng sưng đỏ đau, mạch phù sác. Chất lưỡi hồng nhạt",Việt tỳ gia truật thang (thiên phong hàn); Ma hoàng liên kiều xích tiểu đậu thang (thiên phong nhiệt),"Ma hoàng, Thạch cao, Bạch truật, Sinh khương, Đại táo, Cam thảo, Liên kiều, Xích tiểu đậu, Tang bạch bì, Hạnh nhân"
Thủy thũng,Thấp độc xâm dâm,"phù, thũng, sưng phù, phù nề, ấn lõm, mọng nước, mắt húp, húp mặt","Phù thũng toàn thân, ấn lõm; trên da đầu mặt hoặc tay chân nổi mụn nhọt, lở loét, đinh sang hoặc thấp chẩn, có khi mưng mủ; tiểu ít, sắc vàng đục, kèm sốt nhẹ, mệt mỏi. Chất lưỡi đỏ, rêu lưỡi vàng nhớt, mạch phù sác hoặc hoạt sác","mệt mỏi. Chất lưỡi đỏ, rêu lưỡi vàng nhớt",mạch phù sác hoặc hoạt sác,Ma hoàng liên kiều xích tiểu đậu thang hợp Ngũ vị tiêu độc ẩm,"Ma hoàng, Liên kiều, Xích tiểu đậu, Tang bạch bì, Hạnh nhân, Sinh khương, Đại táo, Cam thảo, Kim ngân hoa, Dã cúc hoa, Bồ công anh, Tử hoa địa đinh, Tử bối thiên quỳ"
Thủy thũng,Thủy thấp tẩm tý,"phù, thũng, sưng phù, phù nề, ấn lõm, mọng nước, mắt húp, húp mặt","Phù thũng toàn thân, chi dưới nặng hơn, ấn lõm lâu không nổi, kéo dài dai dẳng; người nặng nề mệt mỏi, ngực bụng đầy tức, tiểu tiện ít, không khát hoặc khát mà không muốn uống. Chất lưỡi bệu, rêu lưỡi trắng nhớt, mạch trầm hoãn hoặc trầm hoạt","không khát hoặc khát mà không muốn uống. Chất lưỡi bệu, rêu lưỡi trắng nhớt",mạch trầm hoãn hoặc trầm hoạt,Ngũ bì ẩm hợp Vị linh thang,"Tang bạch bì, Trần bì, Sinh khương bì, Đại phúc bì, Phục linh bì, Thương truật, Hậu phác, Bạch truật, Trư linh, Trạch tả, Phục linh, Quế chi, Cam thảo"
Thủy thũng,Thấp nhiệt ung thịnh,"phù, thũng, sưng phù, phù nề, ấn lõm, mọng nước, mắt húp, húp mặt","Phù thũng toàn thân, da căng bóng, ngực bụng đầy trướng, bí bách khó chịu; phiền nhiệt khát nước, tiểu tiện ngắn đỏ hoặc bí tiểu, đại tiện táo kết. Chất lưỡi đỏ, rêu lưỡi vàng nhớt, mạch trầm sác hoặc nhu sác","đại tiện táo kết. Chất lưỡi đỏ, rêu lưỡi vàng nhớt",mạch trầm sác hoặc nhu sác,Sơ tạc ẩm tử hợp Ngũ bì ẩm,"Khương hoạt, Tần giao, Khương hoàng, Xích tiểu đậu, Phục linh, Trạch tả, Trư linh, Mộc thông, Tiêu mục, Đại phúc bì, Binh lang, Thương truật, Trần bì, Tang bạch bì, Sinh khương bì"
Thủy thũng,Tỳ dương hư suy,"phù, thũng, sưng phù, phù nề, ấn lõm, mọng nước, mắt húp, húp mặt","Phù thũng kéo dài, thắt lưng trở xuống phù nặng hơn, ấn lõm khó phục hồi; sắc mặt vàng bủng hoặc trắng bệch, người mệt mỏi, tay chân lạnh, ăn kém, bụng đầy trướng, đại tiện lỏng nát, tiểu tiện ít. Chất lưỡi nhợt bệu có hằn răng, rêu lưỡi trắng nhớt hoặc trắng trơn, mạch trầm hoãn hoặc trầm nhược vô lực","tiểu tiện ít. Chất lưỡi nhợt bệu có hằn răng, rêu lưỡi trắng nhớt hoặc trắng trơn",mạch trầm hoãn hoặc trầm nhược vô lực,Thực tỳ ẩm,"Phụ tử chế, Can khương, Bạch truật, Phục linh, Mộc qua, Hậu phác, Mộc hương, Thảo quả nhân, Đại phúc bì, Binh lang, Cam thảo, Sinh khương, Đại táo"
Thủy thũng,Thận dương suy vi,"phù, thũng, sưng phù, phù nề, ấn lõm, mọng nước, mắt húp, húp mặt","Phù thũng lâu ngày tái phát, phù nặng từ thắt lưng trở xuống, ấn lõm sâu lâu phục hồi, có thể kèm cổ trướng; sắc mặt xám tối hoặc trắng bệch, sợ lạnh chi lạnh, lưng gối mỏi lạnh, tinh thần mệt mỏi, tiểu tiện ít, có thể hồi hộp khó thở. Chất lưỡi nhợt bệu, rêu lưỡi trắng, mạch trầm tế vô lực hoặc trầm trì","có thể hồi hộp khó thở. Chất lưỡi nhợt bệu, rêu lưỡi trắng",mạch trầm tế vô lực hoặc trầm trì,Tế sinh thận khí hoàn hợp Chân vũ thang,"Phụ tử chế, Nhục quế, Thục địa, Sơn thù du, Hoài sơn, Trạch tả, Phục linh, Đơn bì, Xa tiền tử, Ngưu tất, Bạch truật, Bạch thược, Sinh khương"
Long bế,Bàng quang thấp nhiệt,"tiểu, tiểu tiện, đi tiểu, bí tiểu, tiểu bí, bí đái, đái, nước tiểu","Tiểu tiện bí, lượng nước tiểu ít, nhỏ giọt không thông hoặc bí không đi được, nước tiểu vàng đỏ nóng rát, bụng dưới trướng đầy, miệng đắng dính, khát nhưng không muốn uống, đại tiện táo. Lưỡi đỏ, rêu vàng nhớt, mạch sác hoặc nhu sác","đại tiện táo. Lưỡi đỏ, rêu vàng nhớt",mạch sác hoặc nhu sác,Bát chính tán,"Mộc thông, Cù mạch, Biển súc, Xa tiền tử, Hoạt thạch, Chi tử (Sơn chi), Chích cam thảo, Đại hoàng, Đăng tâm thảo"
Long bế,Phế nhiệt ủng thịnh,"tiểu, tiểu tiện, đi tiểu, bí tiểu, tiểu bí, bí đái, đái, nước tiểu","Tiểu tiện bí không thông hoặc nhỏ giọt không dứt, họng khô, phiền khát muốn uống, hô hấp ngắn gấp hoặc ho khạc đờm, đại tiện táo kết. Lưỡi đỏ, rêu vàng mỏng, mạch sác","đại tiện táo kết. Lưỡi đỏ, rêu vàng mỏng",mạch sác,Thanh phế ẩm,"Hoàng cầm, Tang bạch bì, Mạch môn, Chi tử (Sơn chi), Mộc thông, Xa tiền tử, Phục linh"
Long bế,Can uất khí trệ,"tiểu, tiểu tiện, đi tiểu, bí tiểu, tiểu bí, bí đái, đái, nước tiểu","Tiểu tiện không thông hoặc thông mà không thông suốt, tình chí uất ức hoặc dễ cáu giận, bụng dưới và hai bên sườn trướng đầy, hay thở dài. Lưỡi đỏ, rêu vàng mỏng, mạch huyền","hay thở dài. Lưỡi đỏ, rêu vàng mỏng",mạch huyền,Trầm hương tán,"Trầm hương, Thạch vĩ, Hoạt thạch, Vương bất lưu hành, Đương quy, Quất bì, Bạch thược, Đông quỳ tử, Cam thảo"
Long bế,Trọc ứ trở tắc,"tiểu, tiểu tiện, đi tiểu, bí tiểu, tiểu bí, bí đái, đái, nước tiểu","Tiểu tiện nhỏ giọt không thông, hoặc bí tắc không đi được, nước tiểu ra như đường chỉ nhỏ, bụng dưới trướng đầy đau tức. Lưỡi tím tối hoặc có điểm ứ huyết, rêu trắng hoặc vàng, mạch sáp","bụng dưới trướng đầy đau tức. Lưỡi tím tối hoặc có điểm ứ huyết, rêu trắng hoặc vàng",mạch sáp,Đại để đương hoàn,"Đại hoàng, Manh trùng, Thủy điệt, Đào nhân, Sinh địa, Nhục quế, Xuyên sơn giáp, Mang tiêu"
Long bế,Tỳ khí bất thăng,"tiểu, tiểu tiện, đi tiểu, bí tiểu, tiểu bí, bí đái, đái, nước tiểu","Tiểu tiện muốn đi mà đi không được, hoặc lượng nước tiểu ít không thông suốt, bụng dưới trướng nặng sa xuống, tinh thần mệt mỏi, ăn kém, hơi thở ngắn, sắc mặt trắng bệch. Lưỡi nhạt, rêu trắng mỏng, mạch tế nhược","sắc mặt trắng bệch. Lưỡi nhạt, rêu trắng mỏng",mạch tế nhược,Bổ trung ích khí thang hợp Xuân trạch thang,"Hoàng kỳ, Đảng sâm, Bạch truật, Chích cam thảo, Đương quy, Trần bì, Thăng ma, Sài hồ, Phục linh, Trạch tả, Trư linh, Quế chi"
Long bế,Thận dương suy nhược,"tiểu, tiểu tiện, đi tiểu, bí tiểu, tiểu bí, bí đái, đái, nước tiểu","Tiểu tiện không thông hoặc nhỏ giọt không dứt, bài xuất vô lực, sắc mặt trắng bệch, tinh thần uể oải, sợ lạnh, lưng gối lạnh mỏi vô lực. Lưỡi nhạt bệu, rêu trắng, mạch trầm tế vô lực","lưng gối lạnh mỏi vô lực. Lưỡi nhạt bệu, rêu trắng",mạch trầm tế vô lực,Tế sinh thận khí hoàn,"Thục địa, Sơn thù, Hoài sơn, Trạch tả, Phục linh, Đơn bì, Nhục quế, Phụ tử chế, Ngưu tất, Xa tiền tử"
Lâm chứng,Nhiệt lâm,,"Tiểu nhiều lần, tiểu gấp, tiểu buốt rát, nước tiểu vàng đục hoặc đỏ, lượng ít, đau tức vùng bụng dưới và thắt lưng, có thể sốt, miệng đắng, họng khô. Chất lưỡi đỏ, rêu lưỡi vàng nhớt; mạch sác hoặc hoạt sác","họng khô. Chất lưỡi đỏ, rêu lưỡi vàng nhớt; mạch sác hoặc hoạt sác",,Bát chính tán,"Cù mạch, Biển súc, Xa tiền tử, Hoạt thạch, Chi tử (Sơn chi), Cam thảo (Chích cam thảo), Mộc thông, Đại hoàng, Đăng tâm thảo"
Lâm chứng,Thạch lâm,,"Tiểu ra sạn sỏi, tiểu khó, tiểu buốt, dòng tiểu đột ngột gián đoạn, đau quặn vùng thắt lưng bụng dưới lan xuống bộ phận sinh dục, nước tiểu vàng đục hoặc lẫn máu. Chất lưỡi đỏ, rêu lưỡi vàng nhớt; mạch huyền sác hoặc huyền khẩn","nước tiểu vàng đục hoặc lẫn máu. Chất lưỡi đỏ, rêu lưỡi vàng nhớt; mạch huyền sác hoặc huyền khẩn",,Thạch vĩ tán,"Thạch vĩ, Đông quỳ tử, Cù mạch, Hoạt thạch, Xa tiền tử, Kim tiền thảo, Hải kim sa, Kê nội kim, Cam thảo"
Lâm chứng,Khí lâm,,"Thể thực: tiểu khó, tiểu không thông, tiểu nhỏ giọt, tức trướng đau vùng bụng dưới và mạng sườn, tinh thần uất ức; chất lưỡi hồng, rêu mỏng, mạch huyền. Thể hư: tiểu són không dứt, bụng dưới trệ trướng, tiểu xong vẫn buồn tiểu, mệt mỏi đoản hơi; chất lưỡi nhạt, mạch tế nhược","tinh thần uất ức; chất lưỡi hồng, rêu mỏng, mệt mỏi đoản hơi; chất lưỡi nhạt","mạch huyền. Thể hư: tiểu són không dứt, mạch tế nhược",Trầm hương tán (thể thực); Bổ trung ích khí thang (thể hư),"Thể thực (Trầm hương tán): Trầm hương, Thạch vĩ, Hoạt thạch, Đương quy, Bạch thược, Trần bì, Đông quỳ tử, Vương bất lưu hành, Cam thảo. Thể hư (Bổ trung ích khí thang): Hoàng kỳ, Nhân sâm, Bạch truật, Chích cam thảo, Đương quy, Trần bì, Thăng ma, Sài hồ"
Lâm chứng,Huyết lâm,,"Tiểu ra máu, nước tiểu đỏ hồng hoặc lẫn máu cục, tiểu buốt rát đau, bụng dưới đau tức. Thể thực: chất lưỡi đỏ, rêu vàng, mạch hoạt sác. Thể hư : tiểu ra máu tái đi tái lại kèm sốt về chiều, lòng bàn tay chân nóng, lưng gối mỏi yếu; chất lưỡi đỏ ít rêu, mạch tế sác","bụng dưới đau tức. Thể thực: chất lưỡi đỏ, rêu vàng, lưng gối mỏi yếu; chất lưỡi đỏ ít rêu","mạch hoạt sác. Thể hư : tiểu ra máu tái đi tái lại kèm sốt về chiều, mạch tế sác",Tiểu kế ẩm tử (thể thực); Tri bá địa hoàng hoàn (thể âm hư),"Thể thực (Tiểu kế ẩm tử): Tiểu kế, Sinh địa hoàng, Bồ hoàng, Ngẫu tiết, Hoạt thạch, Mộc thông, Đạm trúc diệp, Chi tử, Đương quy, Chích cam thảo. Thể âm hư (Tri bá địa hoàng hoàn): Tri mẫu, Hoàng bá, Thục địa, Sơn thù du, Hoài sơn (Sơn dược), Trạch tả, Đơn bì (Mẫu đơn bì), Phục linh"
Lâm chứng,Cao lâm,,"Nước tiểu đục như nước vo gạo hoặc như mỡ/cao, tiểu buốt bí, có thể lẫn máu hoặc chất nhầy. Thể thực: chất lưỡi đỏ, rêu vàng nhớt, mạch nhu sác hoặc hoạt sác. Thể hư: tiểu đục kéo dài, gầy sút, lưng gối yếu mỏi, đầu váng tai ù; chất lưỡi nhạt, rêu trắng, mạch tế nhược","có thể lẫn máu hoặc chất nhầy. Thể thực: chất lưỡi đỏ, rêu vàng nhớt, đầu váng tai ù; chất lưỡi nhạt, rêu trắng","mạch nhu sác hoặc hoạt sác. Thể hư: tiểu đục kéo dài, mạch tế nhược",Trình thị tỳ giải phân thanh ẩm (thể thực); Cao lâm thang / Vô tỷ sơn dược hoàn (thể hư),"Thể thực (Trình thị tỳ giải phân thanh ẩm): Tỳ giải, Xa tiền tử, Phục linh, Bạch truật, Liên tử tâm, Đan sâm, Xương bồ (Thạch xương bồ), Hoàng bá. Thể hư (Cao lâm thang): Sơn dược (Hoài sơn), Khiếm thực, Long cốt, Mẫu lệ, Bạch thược, Đảng sâm, Sinh địa hoàng"
Lâm chứng,Lao lâm,,"Tiểu són nhỏ giọt không dứt, tiểu không thông sướng, bệnh dây dưa kéo dài, gặp mệt nhọc hoặc lao lực thì phát nặng, sắc mặt vàng bủng, tinh thần mệt mỏi, lưng gối mỏi yếu. Chất lưỡi nhạt, rêu trắng mỏng; mạch tế nhược","lưng gối mỏi yếu. Chất lưỡi nhạt, rêu trắng mỏng; mạch tế nhược",,Vô tỷ sơn dược hoàn,"Sơn dược (Hoài sơn), Nhục thung dung, Thục địa, Sơn thù du, Phục thần, Thỏ ty tử, Ngũ vị tử, Xích thạch chi, Ba kích thiên, Trạch tả, Đỗ trọng, Ngưu tất"
Tích tụ,Can khí uất trệ,,"Bụng đầy trướng, trong bụng có khối tụ lúc tan lúc tụ, đau di chuyển không cố định, sờ vào chưa thành khối rắn, đau tức vùng bụng và mạng sườn, ợ hơi, tinh thần uất ức hoặc dễ cáu gắt, các chứng tăng lên khi tình chí không thoải mái, ăn kém; chất lưỡi hồng nhạt, rêu lưỡi trắng mỏng; mạch Huyền","ăn kém; chất lưỡi hồng nhạt, rêu lưỡi trắng mỏng; mạch Huyền",,Sài hồ sơ can tán gia giảm,"Sài hồ, Hương phụ, Chỉ xác, Trần bì, Xuyên khung, Bạch thược, Chích cam thảo. (Đầy trướng nhiều gia Hậu phác, Mộc hương; ợ hơi nhiều gia Toàn phúc hoa, Đại giả thạch)"
Tích tụ,Thực trệ đàm trở,,"Trong bụng có khối tụ trướng đau, tụ tán không chừng, bụng đầy trướng khó chịu, ợ hơi ợ chua, nôn hoặc buồn nôn, đại tiện không thông sướng, ăn uống đình trệ kém tiêu, lồng ngực bĩ tức; chất lưỡi hồng, rêu lưỡi trắng nhớt ; mạch Huyền Hoạt","lồng ngực bĩ tức; chất lưỡi hồng, rêu lưỡi trắng nhớt ; mạch Huyền Hoạt",,Lục ma thang gia giảm,"Mộc hương, Ô dược, Trầm hương, Đại hoàng, Binh lang (Đại phúc bì), Chỉ thực. (Thực tích nặng gia Sơn tra, Lục khúc, Lai phục tử; đàm thấp thịnh gia Bán hạ, Trần bì, Phục linh)"
Tích tụ,Khí trệ huyết ứ,,"Trong bụng có khối tích đã thành hình, sờ được khối cứng, vị trí cố định không di chuyển, đau tức hoặc đau nhói vùng khối, bụng mạng sườn trướng đau, sắc mặt tối xạm, người gầy dần, ăn kém; chất lưỡi tím hoặc có điểm ứ huyết, rêu lưỡi mỏng; mạch Huyền hoặc Sáp","ăn kém; chất lưỡi tím hoặc có điểm ứ huyết, rêu lưỡi mỏng; mạch Huyền hoặc Sáp",,Sài hồ sơ can tán hợp Thất tiêu tán gia giảm,"Sài hồ, Hương phụ, Chỉ xác, Xuyên khung, Bạch thược, Trần bì, Chích cam thảo, Ngũ linh chi, Bồ hoàng, Đương quy, Đào nhân, Hồng hoa. (Đau nhiều gia Nguyên hồ, Uất kim)"
Tích tụ,Ứ huyết nội kết,,"Khối tích trong bụng ngày càng to và cứng rắn, ấn vào đau cố định, sắc mặt xám tối kém tươi, gầy sút, ăn uống giảm sút, mệt mỏi, có thể có thời kỳ sốt về chiều, phụ nữ có thể kinh nguyệt không đều hoặc bế kinh; chất lưỡi tím tối hoặc có ban điểm ứ huyết, rêu lưỡi mỏng; mạch Tế Sáp","phụ nữ có thể kinh nguyệt không đều hoặc bế kinh; chất lưỡi tím tối hoặc có ban điểm ứ huyết, rêu lưỡi mỏng; mạch Tế Sáp",,Cách hạ trục ứ thang gia giảm,"Đương quy, Xuyên khung, Đào nhân, Hồng hoa, Xích thược, Ngũ linh chi, Đan bì, Ô dược, Nguyên hồ (Diên hồ sách), Hương phụ, Chỉ xác, Cam thảo. (Kèm khí hư gia Đảng sâm, Hoàng kỳ, Bạch truật; khối rắn gia Tam lăng, Nga truật, Mẫu lệ, Miết giáp)"
Tích tụ,Chính hư ứ kết,,"Bệnh lâu ngày khối tích cứng rắn, đau tức không dứt, sắc mặt vàng úa hoặc xám sạm, cơ nhục gầy mòn róc, mệt mỏi vô lực, ăn ít, đoản hơi, có khi sốt nhẹ, sắc môi nhợt, phụ nữ kinh bế; chất lưỡi tím nhạt hoặc nhợt bệu có vết ứ huyết, rêu lưỡi ít; mạch Tế Sáp hoặc Hư mà vô lực","phụ nữ kinh bế; chất lưỡi tím nhạt hoặc nhợt bệu có vết ứ huyết, rêu lưỡi ít; mạch Tế Sáp hoặc Hư mà vô lực",,Bát trân thang hợp Hóa tích hoàn gia giảm,"Đảng sâm, Bạch truật, Phục linh, Chích cam thảo, Đương quy, Xuyên khung, Bạch thược, Thục địa, Tam lăng, Nga truật, Miết giáp (nướng), Mẫu lệ, A ngùy, Hải phù thạch. (Âm hư gia Sa sâm, Sinh địa, Kỷ tử; dương hư gia Phụ tử, Nhục quế)"
Nuy chứng,Phế nhiệt tân thương,"teo cơ, teo, liệt, yếu chi, chi yếu, tay chân yếu, chân tay yếu, yếu hai chân","Khởi bệnh sau khi sốt cao, hoặc trong lúc sốt thấy chân tay mềm yếu không cử động được; da khô nóng, tâm phiền khát nước, họng khô, ho khan ít đờm, tiểu vàng ít, đại tiện táo. Chất lưỡi đỏ, rêu lưỡi vàng, mạch tế sác","đại tiện táo. Chất lưỡi đỏ, rêu lưỡi vàng",mạch tế sác,Thanh táo cứu phế thang,"Tang diệp, Thạch cao, Cam thảo, Nhân sâm (hoặc Đảng sâm), A giao, Mạch môn, Hạnh nhân, Tỳ bà diệp, Hồ ma nhân (Mè đen)"
Nuy chứng,Thấp nhiệt xâm dâm,"teo cơ, teo, liệt, yếu chi, chi yếu, tay chân yếu, chân tay yếu, yếu hai chân","Tay chân mềm yếu, nặng nề, đặc biệt chi dưới yếu rõ, kèm cảm giác tê nóng, hoặc phù nhẹ; ngực bụng đầy tức, tiểu vàng đỏ nóng rít, thân thể nặng nề mệt mỏi, phát sốt về chiều. Chất lưỡi đỏ, rêu lưỡi vàng nhớt, mạch nhu sác hoặc hoạt sác","phát sốt về chiều. Chất lưỡi đỏ, rêu lưỡi vàng nhớt",mạch nhu sác hoặc hoạt sác,Gia vị nhị diệu tán,"Hoàng bá, Thương truật, Ngưu tất, Tỳ giải, Phòng kỷ, Đương quy, Quy bản, Ý dĩ nhân"
Nuy chứng,Tỳ vị hư nhược,"teo cơ, teo, liệt, yếu chi, chi yếu, tay chân yếu, chân tay yếu, yếu hai chân","Chân tay mềm yếu vô lực, teo cơ dần dần, hoạt động càng lúc càng kém; ăn kém, bụng đầy, đại tiện lỏng nát, sắc mặt vàng úa không tươi, mệt mỏi đoản hơi, gầy sút. Chất lưỡi nhợt, rêu lưỡi trắng mỏng, mạch tế nhược","gầy sút. Chất lưỡi nhợt, rêu lưỡi trắng mỏng",mạch tế nhược,Sâm linh bạch truật tán (phối hợp Bổ trung ích khí thang),"Nhân sâm (Đảng sâm), Bạch truật, Phục linh, Cam thảo, Sơn dược, Biển đậu, Liên nhục, Ý dĩ nhân, Sa nhân, Cát cánh, Đại táo"
Nuy chứng,Can thận khuy hư,"teo cơ, teo, liệt, yếu chi, chi yếu, tay chân yếu, chân tay yếu, yếu hai chân","Bệnh lâu ngày, chân tay mềm yếu teo cơ, cân cốt yếu, lưng gối mỏi đau ê ẩm, đứng đi khó khăn; kèm chóng mặt ù tai, di tinh hoạt tinh hoặc kinh nguyệt không đều, triều nhiệt ra mồ hôi trộm, ngũ tâm phiền nhiệt. Chất lưỡi đỏ ít rêu, mạch tế sác",ngũ tâm phiền nhiệt. Chất lưỡi đỏ ít rêu,mạch tế sác,Hổ tiềm hoàn,"Hoàng bá, Tri mẫu, Thục địa, Quy bản, Bạch thược, Tỏa dương, Trần bì, Hổ cốt (nay thay bằng Cẩu cốt/Ngưu tất), Can khương"
Nuy chứng,Mạch lạc ứ trở,"teo cơ, teo, liệt, yếu chi, chi yếu, tay chân yếu, chân tay yếu, yếu hai chân","Chân tay mềm yếu teo cơ đã lâu, tê dại không có cảm giác hoặc kém cảm giác, cơ bắp co rút cứng, da sạm tối, có thể đau nhức cố định một chỗ; sắc mặt tối xám. Chất lưỡi tím tối hoặc có điểm ứ huyết, rêu lưỡi mỏng, mạch tế sáp","có thể đau nhức cố định một chỗ; sắc mặt tối xám. Chất lưỡi tím tối hoặc có điểm ứ huyết, rêu lưỡi mỏng",mạch tế sáp,Bổ dương hoàn ngũ thang (gia vị),"Hoàng kỳ, Đương quy vĩ, Xích thược, Địa long, Xuyên khung, Đào nhân, Hồng hoa, Ngưu tất, Kê huyết đằng"
Nội thương phát nhiệt,Âm hư phát nhiệt,"sốt, phát nhiệt, phát sốt, triều nhiệt, cốt chưng, ngũ tâm phiền nhiệt, nóng trong, sốt về chiều","Sốt về chiều hoặc đêm, ngũ tâm phiền nhiệt, cốt chưng triều nhiệt, mồ hôi trộm, miệng khô họng ráo, hai gò má đỏ, tâm phiền mất ngủ, đại tiện táo, nước tiểu vàng ít. Lưỡi đỏ, ít rêu hoặc không rêu, có thể lưỡi nứt; mạch tế sác","nước tiểu vàng ít. Lưỡi đỏ, ít rêu hoặc không rêu, có thể lưỡi nứt; mạch tế sác",,Thanh cốt tán,"Ngân sài hồ, Hồ hoàng liên, Tần giao, Miết giáp, Địa cốt bì, Thanh hao, Tri mẫu, Cam thảo"
Nội thương phát nhiệt,Huyết hư phát nhiệt,"sốt, phát nhiệt, phát sốt, triều nhiệt, cốt chưng, ngũ tâm phiền nhiệt, nóng trong, sốt về chiều","Sốt nhẹ, đầu váng mắt hoa, sắc mặt trắng bệch hoặc vàng úa không tươi, môi lưỡi nhợt, hồi hộp trống ngực, mệt mỏi vô lực, thần sắc kém, phụ nữ kinh nguyệt lượng ít sắc nhạt. Lưỡi nhợt, rêu trắng mỏng; mạch tế nhược hoặc hư sác vô lực","môi lưỡi nhợt, phụ nữ kinh nguyệt lượng ít sắc nhạt. Lưỡi nhợt, rêu trắng mỏng; mạch tế nhược hoặc hư sác vô lực",,Quy tỳ thang,"Bạch truật, Đương quy, Bạch phục linh, Hoàng kỳ (chích), Long nhãn nhục, Viễn chí, Toan táo nhân (sao), Nhân sâm, Mộc hương, Cam thảo (chích), Sinh khương, Đại táo"
Nội thương phát nhiệt,Khí hư phát nhiệt,"sốt, phát nhiệt, phát sốt, triều nhiệt, cốt chưng, ngũ tâm phiền nhiệt, nóng trong, sốt về chiều","Sốt nhẹ, thường sốt tăng khi mệt nhọc lao lực, đầu váng, thân thể mỏi mệt, hụt hơi ngại nói, tự ra mồ hôi, sợ gió, ăn kém, đại tiện lỏng nhão. Lưỡi nhợt bệu, rêu trắng mỏng; mạch tế nhược hoặc hư đại vô lực","đại tiện lỏng nhão. Lưỡi nhợt bệu, rêu trắng mỏng; mạch tế nhược hoặc hư đại vô lực",,Bổ trung ích khí thang,"Hoàng kỳ (chích), Nhân sâm, Bạch truật, Cam thảo (chích), Đương quy, Trần bì, Thăng ma, Sài hồ"
Nội thương phát nhiệt,Dương hư phát nhiệt,"sốt, phát nhiệt, phát sốt, triều nhiệt, cốt chưng, ngũ tâm phiền nhiệt, nóng trong, sốt về chiều","Sốt mà lại muốn mặc thêm áo ấm, sợ lạnh, chân tay lạnh, sắc mặt trắng nhợt, đầu váng hay quên, lưng gối mỏi lạnh, đại tiện lỏng, tiểu tiện trong dài. Lưỡi nhợt bệu, có hằn răng, rêu trắng nhuận; mạch trầm tế vô lực hoặc phù đại vô lực","tiểu tiện trong dài. Lưỡi nhợt bệu, rêu trắng nhuận; mạch trầm tế vô lực hoặc phù đại vô lực",,Kim quỹ thận khí hoàn,"Thục địa, Sơn thù du, Sơn dược, Trạch tả, Đơn bì (Mẫu đơn bì), Bạch phục linh, Quế chi (Nhục quế), Phụ tử (chế)"
Nội thương phát nhiệt,Khí uất phát nhiệt,"sốt, phát nhiệt, phát sốt, triều nhiệt, cốt chưng, ngũ tâm phiền nhiệt, nóng trong, sốt về chiều","Sốt lúc lên lúc xuống, phát nhiệt thay đổi theo tình chí, hay gặp lúc uất ức tức giận; tinh thần uất ức hoặc dễ cáu gắt, ngực sườn đầy tức, miệng đắng khô, hay thở dài, ợ hơi, phụ nữ kinh nguyệt không đều, vú căng tức. Lưỡi đỏ, rêu vàng mỏng; mạch huyền sác","vú căng tức. Lưỡi đỏ, rêu vàng mỏng; mạch huyền sác",,Đan chi tiêu dao tán,"Sài hồ, Đương quy, Bạch thược, Bạch truật, Bạch phục linh, Cam thảo (chích), Mẫu đơn bì, Chi tử (sao), Bạc hà, Sinh khương (Ổi khương)"
Nội thương phát nhiệt,Huyết ứ phát nhiệt,"sốt, phát nhiệt, phát sốt, triều nhiệt, cốt chưng, ngũ tâm phiền nhiệt, nóng trong, sốt về chiều","Sốt về chiều hoặc đêm, có khi tự cảm thấy trong người nóng bức mà sờ ngoài da không nóng lắm, miệng khô mà chỉ muốn ngậm nước không muốn nuốt, thân thể có chỗ đau cố định như kim châm, da dẻ khô sạm, môi lưỡi tím tối, có thể có khối tích. Lưỡi tím tối hoặc có điểm ứ huyết ban ứ; mạch huyền sáp hoặc trầm sáp","môi lưỡi tím tối, có thể có khối tích. Lưỡi tím tối hoặc có điểm ứ huyết ban ứ; mạch huyền sáp hoặc trầm sáp",,Huyết phủ trục ứ thang,"Đào nhân, Hồng hoa, Đương quy, Sinh địa, Xuyên khung, Xích thược, Ngưu tất, Cát cánh, Sài hồ, Chỉ xác, Cam thảo"
Trường ung,Khí trệ huyết ứ,,"Bụng dưới bên phải đau chướng, ấn đau cự án, thường đau quanh rốn rồi khu trú xuống hố chậu phải, đau tăng khi co chân phải, kèm chán ăn, buồn nôn, có thể sốt nhẹ, đại tiện bình thường hoặc táo nhẹ. Chất lưỡi hồng hoặc hồng nhợt, rêu lưỡi trắng mỏng hoặc trắng nhớt; mạch huyền khẩn hoặc huyền hoạt","đại tiện bình thường hoặc táo nhẹ. Chất lưỡi hồng hoặc hồng nhợt, rêu lưỡi trắng mỏng hoặc trắng nhớt; mạch huyền khẩn hoặc huyền hoạt",,Đại hoàng mẫu đơn thang gia giảm (phối hợp Hồng đằng tiễn),"Đại hoàng, Mẫu đơn bì, Đào nhân, Đông qua nhân (Đông qua tử), Mang tiêu, Hồng đằng, Bại tương thảo, Diên hồ sách (Huyền hồ), Mộc hương"
Trường ung,Thấp nhiệt,,"Bụng dưới bên phải đau nhiều, cự án rõ, cơ bụng căng cứng, sốt vừa, miệng khô đắng, buồn nôn nôn, đại tiện bí kết hoặc lỏng dính không thông sảng, tiểu tiện vàng đỏ. Chất lưỡi đỏ, rêu lưỡi vàng nhớt ; mạch huyền sác hoặc hoạt sác","tiểu tiện vàng đỏ. Chất lưỡi đỏ, rêu lưỡi vàng nhớt ; mạch huyền sác hoặc hoạt sác",,Đại hoàng mẫu đơn thang hợp Hồng đằng tiễn gia giảm,"Đại hoàng, Mẫu đơn bì, Đào nhân, Đông qua nhân (Đông qua tử), Mang tiêu, Hồng đằng, Bại tương thảo, Bồ công anh, Kim ngân hoa, Xích thược, Hoàng liên"
Trường ung,Nhiệt độc,,"Bụng dưới bên phải đau kịch liệt, ấn đau cự án dữ dội, bụng cứng như tảng, có thể sờ thấy khối, sốt cao liên tục hoặc sốt rét, mặt đỏ môi khô, khát nước, ra mồ hôi, đại tiện táo bí, tiểu vàng sẫm; trường hợp nặng có thể phiền táo, thần hôn. Chất lưỡi đỏ giáng, rêu lưỡi vàng khô hoặc vàng dày nhớt; mạch hồng sác hoặc hoạt sác","thần hôn. Chất lưỡi đỏ giáng, rêu lưỡi vàng khô hoặc vàng dày nhớt; mạch hồng sác hoặc hoạt sác",,Đại hoàng mẫu đơn thang hợp Hồng đằng tiễn hợp Ngũ vị tiêu độc ẩm gia giảm,"Đại hoàng, Mẫu đơn bì, Đào nhân, Đông qua nhân (Đông qua tử), Mang tiêu, Hồng đằng, Bại tương thảo, Kim ngân hoa, Bồ công anh, Tử hoa địa đinh, Dã cúc hoa, Thiên quỳ tử, Liên kiều, Xuyên sơn giáp, Tạo giác thích"
Đinh sang,Nhiệt độc uẩn kết,,"Đinh sang mới phát ở đầu, mặt hoặc tay chân, ban đầu như hạt kê, cứng chắc, đầu trắng hoặc vàng, chân sâu như đinh đóng, gốc cứng, sưng nóng đỏ đau tại chỗ, đau nhức; kèm phát sốt nhẹ, sợ lạnh, đau đầu, miệng khô. Lưỡi đỏ, rêu vàng mỏng. Mạch sác","miệng khô. Lưỡi đỏ, rêu vàng mỏng. Mạch sác",,Ngũ vị tiêu độc ẩm,"Kim ngân hoa, Bồ công anh, Tử hoa địa đinh, Dã cúc hoa, Tử bối thiên quỳ tử"
Đinh sang,Hỏa độc xí thịnh,,"Đinh sang sưng to lan rộng, đỏ tía nóng rát, đau nhức dữ dội, chân đinh cứng sâu, đầu mưng mủ; kèm sốt cao, phiền khát muốn uống nước lạnh, tâm phiền, đại tiện táo kết, tiểu tiện vàng đỏ, có thể mê sảng. Lưỡi đỏ, rêu vàng khô hoặc vàng dày. Mạch hồng sác hoặc hoạt sác","có thể mê sảng. Lưỡi đỏ, rêu vàng khô hoặc vàng dày. Mạch hồng sác hoặc hoạt sác",,Hoàng liên giải độc thang hợp Ngũ vị tiêu độc ẩm,"Hoàng liên, Hoàng cầm, Hoàng bá, Chi tử, Kim ngân hoa, Bồ công anh, Tử hoa địa đinh, Dã cúc hoa, Tử bối thiên quỳ tử"
Đinh sang,Tẩu hoàng,,"Chỗ đinh sang đột nhiên tối sạm, sưng lan tràn nhanh không có ranh giới, đầu đinh lõm hãm thâm đen, chân đinh cứng, kèm sốt cao rét run, đau đầu phiền táo, thần chí lơ mơ mê sảng hoặc hôn mê, miệng khát, có thể phát ban chẩn xuất huyết dưới da, buồn nôn nôn mửa. Lưỡi hồng giáng, rêu vàng khô hoặc rêu xám đen. Mạch hồng sác hoặc tế sác","buồn nôn nôn mửa. Lưỡi hồng giáng, rêu vàng khô hoặc rêu xám đen. Mạch hồng sác hoặc tế sác",,"Hoàng liên giải độc thang hợp Ngũ vị tiêu độc ẩm gia giảm (thanh doanh lương huyết, gia Tê giác/Thủy ngưu giác)","Hoàng liên, Hoàng cầm, Hoàng bá, Chi tử, Kim ngân hoa, Bồ công anh, Tử hoa địa đinh, Dã cúc hoa, Tử bối thiên quỳ tử, Thủy ngưu giác (thay Tê giác), Sinh địa, Đan bì, Xích thược, Huyền sâm"
Nhũ phích,Can uất đàm ngưng,"vú, tuyến vú, đau vú, sưng vú, cục ở vú, núm vú, tắc sữa, áp xe vú","Vú xuất hiện khối cục dạng hạt, ranh giới rõ, sờ như hòn cuội, đẩy di động được, da phía trên không đỏ không nóng, không đau hoặc đau tức nhẹ; khối cục có thể sưng to lên theo cảm xúc tinh thần, kèm ngực sườn đầy tức, hay thở dài, tinh thần uất ức dễ cáu gắt, kinh nguyệt không đều, hông sườn trướng đau. Chất lưỡi hồng nhạt hoặc rêu trắng mỏng nhớt, mạch huyền hoạt",hông sườn trướng đau. Chất lưỡi hồng nhạt hoặc rêu trắng mỏng nhớt,mạch huyền hoạt,Tiêu dao tán hợp Tứ hải thư uất hoàn,"Sài hồ, Đương quy, Bạch thược, Bạch truật, Phục linh, Cam thảo, Bạc hà, Sinh khương, Hải tảo, Côn bố, Hải cáp xác, Hải phiêu tiêu, Hải đới, Thanh mộc hương, Trần bì, Bối mẫu"
Nhũ phích,Xung Nhâm thất điều,"vú, tuyến vú, đau vú, sưng vú, cục ở vú, núm vú, tắc sữa, áp xe vú","Khối cục ở vú to nhỏ thay đổi theo chu kỳ kinh nguyệt, trước kỳ kinh vú trướng đau khối cục to lên, sau kỳ kinh giảm nhẹ; khối cục mềm, ranh giới không rõ, sờ có cảm giác lổn nhổn; kèm kinh nguyệt không đều, lượng kinh ít sắc nhạt, đau lưng mỏi gối, tinh thần mệt mỏi, chất người gầy, có thể sạm da vùng mặt. Chất lưỡi nhạt, rêu trắng mỏng, mạch trầm tế hoặc tế nhược","có thể sạm da vùng mặt. Chất lưỡi nhạt, rêu trắng mỏng",mạch trầm tế hoặc tế nhược,Nhị tiên thang hợp Tứ vật thang,"Tiên mao, Tiên linh tỳ (Dâm dương hoắc), Ba kích thiên, Đương quy, Tri mẫu, Hoàng bá, Thục địa, Bạch thược, Xuyên khung"
Nhũ lao,Khí trệ đàm ngưng,"vú, tuyến vú, đau vú, sưng vú, cục ở vú, núm vú, tắc sữa, áp xe vú","Giai đoạn đầu bệnh, vú xuất hiện khối cứng một hoặc nhiều cục, ranh giới không rõ, ấn không đau rõ hoặc đau nhẹ, da bên ngoài không đỏ không nóng, khối lâu ngày không tan; kèm ngực sườn đầy tức, tinh thần uất ức, ăn kém; toàn thân chưa có triệu chứng rõ. Chất lưỡi nhạt hoặc lưỡi hồng, rêu lưỡi trắng mỏng hoặc trắng nhớt; mạch huyền hoạt hoặc huyền tế","ăn kém; toàn thân chưa có triệu chứng rõ. Chất lưỡi nhạt hoặc lưỡi hồng, rêu lưỡi trắng mỏng hoặc trắng nhớt; mạch huyền hoạt hoặc huyền tế",,Khai uất hóa đàm thang (gia giảm) hợp Tiêu dao tán,"Sài hồ, Bạch thược, Đương quy, Bạch truật, Phục linh, Cam thảo, Trần bì, Bán hạ, Hương phụ, Uất kim, Bối mẫu (Xuyên bối mẫu), Côn bố, Hạ khô thảo, Bạc hà, Sinh khương"
Nhũ lao,Âm hư đàm nhiệt,"vú, tuyến vú, đau vú, sưng vú, cục ở vú, núm vú, tắc sữa, áp xe vú","Bệnh tiến triển, khối vú mềm dần hóa mủ, da hơi đỏ, ấn có cảm giác lùng nhùng, vỡ mủ chảy ra loãng lẫn chất bã đậu, miệng lở khó liền, hình thành lỗ rò; kèm triều nhiệt về chiều, đạo hãn, hai gò má đỏ, ngũ tâm phiền nhiệt, ho khan, họng khô, người gầy sút. Chất lưỡi đỏ, ít rêu hoặc rêu vàng mỏng; mạch tế sác","người gầy sút. Chất lưỡi đỏ, ít rêu hoặc rêu vàng mỏng; mạch tế sác",,Thanh cốt tán hợp Nhị trần thang (gia giảm),"Ngân sài hồ, Hồ hoàng liên, Tần giao, Miết giáp, Địa cốt bì, Thanh hao, Tri mẫu, Cam thảo, Trần bì, Bán hạ, Phục linh, Bối mẫu, Hạ khô thảo, Huyền sâm, Sinh địa"
Nhũ lao,Khí huyết lưỡng hư,"vú, tuyến vú, đau vú, sưng vú, cục ở vú, núm vú, tắc sữa, áp xe vú","Bệnh ở giai đoạn muộn hoặc sau vỡ mủ lâu ngày, lỗ rò chảy mủ trong loãng dai dẳng không dứt, miệng vết loét sắc nhợt, cơ nhục khó mọc, lâu không liền miệng; kèm sắc mặt trắng bệch hoặc vàng úa, tinh thần mệt mỏi, đoản hơi ngại nói, ăn kém, tự hãn, người gầy, chóng mặt hồi hộp. Chất lưỡi nhạt bệu, rêu lưỡi trắng mỏng; mạch tế nhược","chóng mặt hồi hộp. Chất lưỡi nhạt bệu, rêu lưỡi trắng mỏng; mạch tế nhược",,Thập toàn đại bổ thang (gia giảm),"Nhân sâm (Đảng sâm), Bạch truật, Phục linh, Cam thảo, Đương quy, Xuyên khung, Bạch thược, Thục địa, Hoàng kỳ, Nhục quế, Sinh khương, Đại táo"
Hậu môn lậu (rò hậu môn),Thấp nhiệt hạ chú,"hậu môn, lòi dom, trĩ, thoát giang","Quanh hậu môn sưng đau, cục bộ nóng đỏ, chảy mủ vàng đặc hôi, lượng nhiều, lỗ rò tiết dịch không dứt; kèm hậu môn nóng rát nặng trệ, đại tiện bí kết hoặc dính nhớt, tiểu tiện vàng đỏ, người mệt nặng nề, có thể sốt. Chất lưỡi đỏ, rêu lưỡi vàng nhớt . Mạch hoạt sác hoặc nhu sác","có thể sốt. Chất lưỡi đỏ, rêu lưỡi vàng nhớt . Mạch hoạt sác hoặc nhu sác",,"Nhị diệu tán hợp Tỳ giải thẩm thấp thang gia giảm (thanh nhiệt lợi thấp, tiêu thũng bài nùng)","Thương truật, Hoàng bá, Tỳ giải, Ý dĩ nhân, Xích phục linh, Trạch tả, Hoạt thạch, Đơn bì, Thông thảo, Hoàng liên, Kim ngân hoa, Bồ công anh"
Hậu môn lậu (rò hậu môn),Âm hư nội nhiệt,"hậu môn, lòi dom, trĩ, thoát giang","Lỗ rò lâu ngày không liền, tiết dịch mủ loãng ít mà dai dẳng, miệng lỗ rò sắc nhợt hoặc âm ỉ; kèm triều nhiệt về chiều, đạo hãn, lòng bàn tay bàn chân nóng, gò má đỏ, họng khô miệng ráo, người gầy, có thể ho khan . Chất lưỡi đỏ ít rêu hoặc rêu ít mà khô. Mạch tế sác",có thể ho khan . Chất lưỡi đỏ ít rêu hoặc rêu ít mà khô. Mạch tế sác,,"Thanh cốt tán hợp Tần cửu miết giáp tán gia giảm (dưỡng âm thanh nhiệt, thác lý sinh cơ)","Ngân sài hồ, Địa cốt bì, Thanh hao, Miết giáp, Tần cửu, Tri mẫu, Hồ hoàng liên, Đương quy, Sinh địa hoàng, Cam thảo, Ô mai"
Hậu môn lậu (rò hậu môn),Khí huyết lưỡng hư,"hậu môn, lòi dom, trĩ, thoát giang","Lỗ rò kéo dài không liền miệng, dịch mủ trong loãng, lượng ít, miệng vết loét sắc nhợt, cơ nhục khó mọc ; kèm sắc mặt trắng bệch hoặc vàng úa, tinh thần mệt mỏi, đoản hơi biếng nói, tự hãn, tim hồi hộp mất ngủ, ăn kém, đại tiện lỏng nát. Chất lưỡi nhợt, rêu lưỡi trắng mỏng, thể lưỡi bệu có hằn răng. Mạch tế nhược","đại tiện lỏng nát. Chất lưỡi nhợt, rêu lưỡi trắng mỏng, thể lưỡi bệu có hằn răng. Mạch tế nhược",,"Thác lý tiêu độc tán (bổ ích khí huyết, thác độc sinh cơ)","Nhân sâm, Hoàng kỳ, Bạch truật, Phục linh, Đương quy, Xuyên khung, Bạch thược, Kim ngân hoa, Bạch chỉ, Cát cánh, Tạo giác thích, Cam thảo"
Hậu môn nứt kẽ,Huyết nhiệt trường táo,"hậu môn, lòi dom, trĩ, thoát giang","Đại tiện táo kết, phân khô cứng, mấy ngày mới đi một lần; khi đại tiện hậu môn đau rát dữ dội, có máu tươi nhỏ giọt hoặc dính trên phân; kèm miệng khô họng ráo, thích uống nước mát, tiểu vàng, bụng đầy trướng, hôi miệng. Chất lưỡi đỏ, rêu lưỡi vàng khô . Mạch hoạt sác","hôi miệng. Chất lưỡi đỏ, rêu lưỡi vàng khô . Mạch hoạt sác",,Lương huyết địa hoàng thang gia giảm,"Sinh địa, Đương quy, Xích thược, Hoàng liên, Hoàng cầm, Chi tử, Địa du, Hòe hoa, Kinh giới (sao), Thăng ma, Cam thảo"
Hậu môn nứt kẽ,Âm hư tân khuy,"hậu môn, lòi dom, trĩ, thoát giang","Đại tiện khô kết như phân dê, khó đi, hậu môn khô rát, nứt kẽ lâu ngày khó liền miệng; đại tiện ra máu tươi lượng ít; kèm ngũ tâm phiền nhiệt, miệng khô họng táo, đêm ngủ ra mồ hôi trộm, người gầy, hai gò má đỏ, chóng mặt ù tai. Chất lưỡi đỏ ít tân dịch, rêu lưỡi ít hoặc bóc mai . Mạch tế sác","chóng mặt ù tai. Chất lưỡi đỏ ít tân dịch, rêu lưỡi ít hoặc bóc mai . Mạch tế sác",,Tăng dịch thang gia giảm (hợp Nhuận trường hoàn),"Huyền sâm, Mạch môn, Sinh địa, Hỏa ma nhân, Đương quy, Sinh hà thủ ô, Bạch thược, Ngọc trúc, Thạch hộc, Đào nhân, Cam thảo"
Hậu môn nứt kẽ,Khí trệ huyết ứ,"hậu môn, lòi dom, trĩ, thoát giang","Vết nứt hậu môn lâu ngày, mép nứt sắc tím sẫm, đáy cứng, có da thừa sinh ra ngoài; khi đại tiện đau chói kéo dài như dao cắt, sau đại tiện đau càng tăng, kéo dài hàng giờ; ra máu sắc tối, lượng ít; kèm hậu môn co thắt, tức trướng. Chất lưỡi tím tối hoặc có điểm ứ huyết, rêu lưỡi trắng hoặc mỏng vàng. Mạch huyền sáp","tức trướng. Chất lưỡi tím tối hoặc có điểm ứ huyết, rêu lưỡi trắng hoặc mỏng vàng. Mạch huyền sáp",,Đào hồng tứ vật thang gia giảm,"Đào nhân, Hồng hoa, Đương quy, Xích thược, Xuyên khung, Sinh địa, Chỉ xác, Hương phụ, Ô dược, Địa du, Hòe hoa, Cam thảo"
Sán khí,Hàn ngưng can mạch,"bẹn, bìu, tinh hoàn, thoát vị, sa ruột, khối phồng, sán khí, đau bụng dưới","Bìu dái sưng to, cứng lạnh, đau kéo xuống bụng dưới, gặp lạnh đau tăng, gặp ấm đau giảm; bìu co rút, tay chân lạnh, sợ lạnh. Chất lưỡi nhợt, rêu trắng trơn; mạch trầm huyền hoặc trầm khẩn","sợ lạnh. Chất lưỡi nhợt, rêu trắng trơn; mạch trầm huyền hoặc trầm khẩn",,Thiên thai ô dược tán,"Ô dược, Mộc hương, Tiểu hồi hương, Cao lương khương, Thanh bì, Binh lang, Xuyên luyện tử, Ba đậu"
Sán khí,Can uất khí trệ,"bẹn, bìu, tinh hoàn, thoát vị, sa ruột, khối phồng, sán khí, đau bụng dưới","Bìu dái hoặc bụng dưới trướng đau, đau lan xuống tinh hoàn, đau tăng khi tức giận, buồn phiền, khóc lóc, thường thay đổi theo tình chí; ngực sườn đầy tức, hay thở dài. Chất lưỡi hồng nhạt, rêu trắng mỏng; mạch huyền","hay thở dài. Chất lưỡi hồng nhạt, rêu trắng mỏng; mạch huyền",,Thiên thai ô dược tán,"Ô dược, Mộc hương, Tiểu hồi hương, Thanh bì, Binh lang, Xuyên luyện tử, Cao lương khương, Ba đậu"
Sán khí,Hồ sán,"bẹn, bìu, tinh hoàn, thoát vị, sa ruột, khối phồng, sán khí, đau bụng dưới","Khối phồng vùng bẹn bìu, khi đứng lâu, đi lại, ho, gắng sức thì sa xuống to ra, nằm nghỉ hoặc lấy tay đẩy lên thì thu nhỏ hoặc mất; kèm mệt mỏi, đoản hơi, ăn kém, người gầy yếu. Chất lưỡi nhợt, rêu trắng mỏng; mạch hư nhược hoặc trầm tế","người gầy yếu. Chất lưỡi nhợt, rêu trắng mỏng; mạch hư nhược hoặc trầm tế",,Bổ trung ích khí thang,"Hoàng kỳ, Nhân sâm, Bạch truật, Cam thảo, Đương quy, Trần bì, Thăng ma, Sài hồ"
Bạch tiển (nấm da),Phong thấp,"ngứa, mẩn, ban, mụn, ghẻ, da, phát ban, mề đay","Tổn thương da nổi mảng hồng ban ranh giới rõ, bờ viền có mụn nước nhỏ và vảy da, ngứa nhiều, ngứa tăng khi nóng hoặc ra mồ hôi; tổn thương lan rộng theo kiểu vòng cung, da hơi phù nề rớm dịch nhẹ. Rêu lưỡi trắng nhớt, chất lưỡi hồng nhạt; mạch phù hoãn hoặc nhu","da hơi phù nề rớm dịch nhẹ. Rêu lưỡi trắng nhớt, chất lưỡi hồng nhạt; mạch phù hoãn hoặc nhu",,Tiêu phong tán,"Kinh giới, Phòng phong, Đương quy, Sinh địa, Khổ sâm, Thương truật, Thuyền thoái, Hồ ma nhân, Ngưu bàng tử, Tri mẫu, Thạch cao, Mộc thông, Cam thảo"
Bạch tiển (nấm da),Thấp nhiệt,"ngứa, mẩn, ban, mụn, ghẻ, da, phát ban, mề đay","Vùng da bẹn, kẽ chân hoặc nếp gấp nổi mảng đỏ ẩm ướt, rớm dịch, có mụn nước, mụn mủ, bờ viền lan rộng, ngứa rát nhiều, có thể trợt loét chảy nước vàng, kèm cảm giác nóng; miệng đắng khát, tiểu vàng, đại tiện dính. Rêu lưỡi vàng nhớt, chất lưỡi đỏ; mạch hoạt sác hoặc nhu sác","đại tiện dính. Rêu lưỡi vàng nhớt, chất lưỡi đỏ; mạch hoạt sác hoặc nhu sác",,Long đởm tả can thang,"Long đởm thảo, Hoàng cầm, Chi tử, Trạch tả, Mộc thông, Xa tiền tử, Đương quy, Sinh địa, Sài hồ, Cam thảo"
Phấn thích (trứng cá),Phế kinh phong nhiệt,,"Mụn trứng cá phần lớn ở mặt, trán, mũi; nốt sẩn nhỏ màu đỏ, có thể có mụn mủ nhỏ, ngứa hoặc hơi đau, đầu mụn có nhân đen, da mặt bóng dầu; kèm miệng khô, đại tiện hơi táo. Chất lưỡi đỏ, rêu lưỡi vàng mỏng; mạch phù sác","đại tiện hơi táo. Chất lưỡi đỏ, rêu lưỡi vàng mỏng; mạch phù sác",,Tỳ bà thanh phế ẩm,"Tỳ bà diệp, Tang bạch bì, Hoàng liên, Hoàng bá, Nhân sâm, Cam thảo"
Phấn thích (trứng cá),Trường vị thấp nhiệt,,"Mụn đỏ sưng, mụn mủ, nốt cục đỏ ở mặt, ngực, lưng; da nhờn nhiều, có thể vỡ mủ; kèm miệng hôi, khát thích uống, ăn nhiều dễ đói, bụng đầy, đại tiện táo bón hoặc dính hôi, nước tiểu vàng. Chất lưỡi đỏ, rêu lưỡi vàng nhớt ; mạch hoạt sác","nước tiểu vàng. Chất lưỡi đỏ, rêu lưỡi vàng nhớt ; mạch hoạt sác",,Nhân trần cao thang gia giảm (phối Tỳ bà thanh phế ẩm),"Nhân trần, Chi tử, Đại hoàng, Hoàng cầm, Hoàng liên, Sinh địa, Xích thược, Sinh cam thảo"
Phấn thích (trứng cá),Đàm thấp ứ trệ,,"Mụn tồn tại lâu ngày, nốt cục cứng, nang, kết thành khối, sờ có cảm giác cứng, sắc da tối sạm hoặc tím, dễ để lại sẹo lõm và vết thâm; bệnh dai dẳng khó lành; kèm người nặng nề, ăn kém, có thể đại tiện nhão. Chất lưỡi tím tối hoặc có điểm ứ huyết, rêu lưỡi trắng nhớt hoặc vàng nhớt; mạch hoạt hoặc sáp","có thể đại tiện nhão. Chất lưỡi tím tối hoặc có điểm ứ huyết, rêu lưỡi trắng nhớt hoặc vàng nhớt; mạch hoạt hoặc sáp",,Nhị trần thang hợp Đào hồng tứ vật thang gia giảm,"Trần bì, Bán hạ, Phục linh, Cam thảo, Đào nhân, Hồng hoa, Đương quy, Xuyên khung, Bạch thược, Sinh địa"
Phấn thích (trứng cá),Xung Nhâm thất điều,,"Mụn trứng cá tái phát theo chu kỳ kinh nguyệt, nặng lên trước kỳ kinh, phần nhiều ở vùng cằm, quanh miệng và hai bên gò má; kèm kinh nguyệt không đều, đau bụng kinh, kinh có cục, vú căng tức, tâm phiền dễ cáu. Chất lưỡi đỏ hoặc tối, rêu lưỡi mỏng; mạch huyền hoặc huyền tế sác","tâm phiền dễ cáu. Chất lưỡi đỏ hoặc tối, rêu lưỡi mỏng; mạch huyền hoặc huyền tế sác",,Đan chi tiêu dao tán gia giảm,"Đương quy, Bạch thược, Sài hồ, Bạch truật, Phục linh, Cam thảo, Bạc hà, Sinh khương, Mẫu đơn bì, Chi tử"
Tửu tra tỵ,Phế vị nhiệt thịnh,,"Vùng mũi và hai bên má đỏ ửng, ấn vào thì nhạt màu, bề mặt bóng nhờn, cảm giác nóng rát; thường kèm miệng khô khát muốn uống nước mát, đại tiện táo, tiểu vàng. Chất lưỡi đỏ, rêu lưỡi vàng mỏng hoặc vàng khô; mạch huyền sác hoặc hoạt sác","tiểu vàng. Chất lưỡi đỏ, rêu lưỡi vàng mỏng hoặc vàng khô; mạch huyền sác hoặc hoạt sác",,Tỳ bà thanh phế ẩm (gia giảm),"Tỳ bà diệp, Tang bạch bì, Hoàng liên, Hoàng bá, Nhân sâm (hoặc Đảng sâm), Cam thảo, Sinh thạch cao, Chi tử, Sinh địa hoàng, Xích thược"
Tửu tra tỵ,Nhiệt độc uẩn phu,,"Mũi và vùng quanh mũi sưng đỏ rõ, xuất hiện các sẩn đỏ, mụn mủ, nốt mẩn, có thể mưng mủ đau nhức, tại chỗ nóng rát; kèm phiền nhiệt, khát, đại tiện bí kết, tiểu tiện vàng đỏ. Chất lưỡi đỏ hoặc đỏ thẫm, rêu lưỡi vàng nhớt ; mạch hoạt sác hoặc huyền sác","tiểu tiện vàng đỏ. Chất lưỡi đỏ hoặc đỏ thẫm, rêu lưỡi vàng nhớt ; mạch hoạt sác hoặc huyền sác",,Ngũ vị tiêu độc ẩm hợp Lương huyết tứ vật thang (gia giảm),"Kim ngân hoa, Dã cúc hoa, Bồ công anh, Tử hoa địa đinh, Tử bối thiên quỳ tử, Sinh địa hoàng, Xích thược, Đương quy, Xuyên khung, Đơn bì, Hoàng cầm, Liên kiều"
Tửu tra tỵ,Khí trệ huyết ứ,,"Bệnh kéo dài lâu ngày, đầu mũi sưng dày sần sùi, da mũi tăng sinh gồ ghề, màu tím đỏ hoặc tím thẫm, mao mạch giãn rõ chằng chịt, sờ vào cứng; ít cảm giác nóng rát cấp tính. Chất lưỡi tím thẫm hoặc có điểm ứ huyết, rêu lưỡi mỏng; mạch huyền sáp hoặc trầm sáp","sờ vào cứng; ít cảm giác nóng rát cấp tính. Chất lưỡi tím thẫm hoặc có điểm ứ huyết, rêu lưỡi mỏng; mạch huyền sáp hoặc trầm sáp",,Thông khiếu hoạt huyết thang (gia giảm),"Đào nhân, Hồng hoa, Xích thược, Xuyên khung, Xạ hương (hoặc thay bằng Đương quy vĩ/Đơn sâm), Lão thông (hành củ), Sinh khương, Đại táo, Hồng táo, Tam lăng, Nga truật, Trần bì"
Nùng bào sang (chốc lở),Thử thấp nhiệt độc,"tổn thương da, mụn nước, mụn mủ, bọng mủ, bọng nước, nốt mủ, chốc, chốc lở","Bệnh phát về mùa hè nắng nóng, tổn thương da xuất hiện nhanh, mọc nhiều bọng nước, mụn mủ trên nền da đỏ, dễ vỡ chảy nước vàng dính, đóng vảy mật ong, thường ở mặt, quanh mũi miệng và tứ chi, ngứa rát; kèm sốt, khát nước, tiểu vàng ít, đại tiện táo, người bứt rứt; chất lưỡi đỏ, rêu lưỡi vàng nhớt, mạch hoạt sác","người bứt rứt; chất lưỡi đỏ, rêu lưỡi vàng nhớt",mạch hoạt sác,Thanh thử thang gia giảm,"Kim ngân hoa, Liên kiều, Thiên hoa phấn, Xích thược, Hoạt thạch, Xa tiền tử, Trạch tả, Đạm trúc diệp, Hoàng liên, Sinh cam thảo"
Nùng bào sang (chốc lở),Tỳ hư thấp trệ,"tổn thương da, mụn nước, mụn mủ, bọng mủ, bọng nước, nốt mủ, chốc, chốc lở","Bệnh kéo dài hoặc tái phát, tổn thương lan rộng dai dẳng, mụn nước mụn mủ nhạt màu, chảy nước trong loãng lâu khô, vảy mỏng, xung quanh sắc da nhợt, ít đỏ nóng; kèm sắc mặt vàng bủng, ăn kém, bụng đầy, mệt mỏi vô lực, đại tiện nhão; chất lưỡi nhợt bệu có hằn răng, rêu lưỡi trắng nhớt, mạch hoãn nhược","đại tiện nhão; chất lưỡi nhợt bệu có hằn răng, rêu lưỡi trắng nhớt",mạch hoãn nhược,Trừ thấp vị linh thang gia giảm,"Thương truật, Hậu phác, Trần bì, Bạch truật, Phục linh, Trư linh, Trạch tả, Hoạt thạch, Phòng phong, Chi tử, Mộc thông, Nhục quế, Cam thảo, Đăng tâm thảo"
Ngoan tiển (viêm da thần kinh),Phong thấp nhiệt,,"Bệnh mới phát hoặc đợt cấp, tổn thương da đỏ, sẩn cục sần sùi, ngứa dữ dội, gãi nhiều chảy nước vàng, có thể trợt loét, đóng vảy; thường gặp ở cổ, khuỷu tay, khoeo chân. Kèm miệng đắng, họng khô, tiểu vàng, đại tiện táo. Chất lưỡi đỏ, rêu lưỡi vàng nhớt . Mạch hoạt sác hoặc huyền sác","đại tiện táo. Chất lưỡi đỏ, rêu lưỡi vàng nhớt . Mạch hoạt sác hoặc huyền sác",,Tiêu phong tán,"Kinh giới, Phòng phong, Ngưu bàng tử, Thuyền thoái, Thương truật, Khổ sâm, Mộc thông, Thạch cao, Tri mẫu, Đương quy, Sinh địa, Hồ ma nhân, Cam thảo"
Ngoan tiển (viêm da thần kinh),Huyết hư phong táo,,"Bệnh kéo dài lâu ngày, tổn thương da dày thô, khô ráp, cứng như da trâu, màu nâu xám hoặc thâm sạm, có nhiều vằn rãnh, bong vảy khô, ngứa nhất là về đêm, gãi không chảy nước. Kèm sắc mặt kém tươi, mất ngủ, hồi hộp, mệt mỏi. Chất lưỡi nhạt, rêu lưỡi mỏng. Mạch trầm tế hoặc tế sác","mệt mỏi. Chất lưỡi nhạt, rêu lưỡi mỏng. Mạch trầm tế hoặc tế sác",,Đương quy ẩm tử,"Đương quy, Bạch thược, Xuyên khung, Sinh địa, Hà thủ ô, Kinh giới, Phòng phong, Bạch tật lê, Hoàng kỳ, Cam thảo"
Ngoan tiển (viêm da thần kinh),Can uất hóa hỏa,,"Tổn thương da đỏ sẫm, sẩn cục dày cứng, ngứa nhiều, bệnh nặng lên hoặc tái phát khi tinh thần căng thẳng, hay cáu gắt, tình chí uất ức. Kèm phiền táo dễ giận, đầu choáng mặt đỏ, miệng đắng họng khô, ngực sườn đầy tức, mất ngủ nhiều mộng, tiểu vàng táo bón. Chất lưỡi đỏ, rêu lưỡi vàng mỏng. Mạch huyền sác","tiểu vàng táo bón. Chất lưỡi đỏ, rêu lưỡi vàng mỏng. Mạch huyền sác",,Long đởm tả can thang,"Long đởm thảo, Hoàng cầm, Chi tử, Trạch tả, Mộc thông, Xa tiền tử, Đương quy, Sinh địa, Sài hồ, Cam thảo"
Băng lậu,Huyết nhiệt,"kinh nguyệt, kinh, thai, sản, âm đạo, huyết trắng, đới hạ, băng","Kinh nguyệt ra đột ngột lượng nhiều như băng hoặc ra rỉ rả kéo dài không dứt, huyết sắc đỏ tươi hoặc đỏ sẫm, chất đặc dính, có thể kèm mùi hôi; kèm miệng khát thích uống nước mát, tâm phiền, mặt đỏ, tiểu vàng, đại tiện táo. Chất lưỡi đỏ, rêu lưỡi vàng. Mạch hoạt sác","đại tiện táo. Chất lưỡi đỏ, rêu lưỡi vàng. Mạch hoạt sác",,Thanh nhiệt cố kinh thang,"Hoàng cầm, Chi tử, Sinh địa, Địa cốt bì, Địa du, Ngẫu tiết, A giao, Quy bản, Mẫu lệ, Đơn bì (Đơn bì thán), Cam thảo, Tông lư thán"
Băng lậu,Thận âm hư,"kinh nguyệt, kinh, thai, sản, âm đạo, huyết trắng, đới hạ, băng","Kinh ra rỉ rả không dứt hoặc ra nhiều đột ngột, huyết sắc đỏ tươi, chất hơi đặc; kèm đầu váng tai ù, lưng gối mỏi yếu, gò má đỏ về chiều, lòng bàn tay bàn chân nóng, ngủ ít mồ hôi trộm, họng khô miệng ráo. Chất lưỡi đỏ, rêu lưỡi ít hoặc không rêu. Mạch tế sác","họng khô miệng ráo. Chất lưỡi đỏ, rêu lưỡi ít hoặc không rêu. Mạch tế sác",,Tả quy hoàn hợp Nhị chí hoàn,"Thục địa, Sơn dược, Sơn thù du, Kỷ tử, Thỏ ty tử, Lộc giác giao, Quy bản giao, Ngưu tất, Nữ trinh tử, Hạn liên thảo"
Băng lậu,Thận dương hư,"kinh nguyệt, kinh, thai, sản, âm đạo, huyết trắng, đới hạ, băng","Kinh ra lượng nhiều hoặc rỉ rả kéo dài, huyết sắc nhạt loãng, chất trong loãng; kèm sắc mặt tối xám, lưng lạnh gối mỏi, tay chân không ấm, sợ lạnh, tiểu trong dài, đại tiện lỏng, tinh thần mệt mỏi. Chất lưỡi nhạt bệu, rêu lưỡi trắng mỏng. Mạch trầm nhược hoặc trầm trì","tinh thần mệt mỏi. Chất lưỡi nhạt bệu, rêu lưỡi trắng mỏng. Mạch trầm nhược hoặc trầm trì",,Hữu quy hoàn,"Thục địa, Sơn dược, Sơn thù du, Kỷ tử, Thỏ ty tử, Lộc giác giao, Đỗ trọng, Nhục quế, Chế phụ tử, Đương quy"
Băng lậu,Tỳ hư,"kinh nguyệt, kinh, thai, sản, âm đạo, huyết trắng, đới hạ, băng","Kinh ra đột ngột lượng nhiều như băng hoặc ra rỉ rả dầm dề không dứt, huyết sắc nhạt, chất loãng; kèm sắc mặt trắng bệch hoặc vàng úa, tinh thần mệt mỏi đuối sức, khí đoản ngại nói, bụng dưới trệ nặng sa xuống, ăn kém, chân tay không ấm. Chất lưỡi nhạt bệu, rêu lưỡi trắng mỏng. Mạch tế nhược hoặc hoãn nhược","chân tay không ấm. Chất lưỡi nhạt bệu, rêu lưỡi trắng mỏng. Mạch tế nhược hoặc hoãn nhược",,Cố bản chỉ băng thang,"Nhân sâm, Hoàng kỳ, Bạch truật, Thục địa, Đương quy, Bào khương (Can khương thán)"
Băng lậu,Huyết ứ,"kinh nguyệt, kinh, thai, sản, âm đạo, huyết trắng, đới hạ, băng","Kinh ra rỉ rả không dứt hoặc ra nhiều đột ngột, huyết sắc tím đen có cục máu đông, khi ra cục thì đau giảm; kèm bụng dưới đau cự án, ứ cục xuống thì bớt đau. Chất lưỡi tím tối hoặc có điểm ứ huyết ở rìa lưỡi, rêu lưỡi mỏng. Mạch huyền sáp hoặc trầm sáp","ứ cục xuống thì bớt đau. Chất lưỡi tím tối hoặc có điểm ứ huyết ở rìa lưỡi, rêu lưỡi mỏng. Mạch huyền sáp hoặc trầm sáp",,Trục ứ chỉ băng thang,"Đương quy, Xuyên khung, Tam thất, Một dược, Ngũ linh chi, Đan bì, Đan sâm, Ngải diệp, A giao, Đại hoàng"
Nhâm thần ố trở (nghén),Tỳ vị hư nhược,,"Có thai sớm, nôn mửa ra thức ăn hoặc nước dãi trong, chán ăn, ăn vào là nôn, tinh thần mệt mỏi, người rã rời, thích ngủ, miệng nhạt. Chất lưỡi nhạt, rêu lưỡi trắng mỏng. Mạch hoãn hoạt vô lực","miệng nhạt. Chất lưỡi nhạt, rêu lưỡi trắng mỏng. Mạch hoãn hoạt vô lực",,Hương sa lục quân tử thang,"Đảng sâm, Bạch truật, Phục linh, Cam thảo, Trần bì, Bán hạ, Mộc hương, Sa nhân, Sinh khương, Đại táo"
Nhâm thần ố trở (nghén),Can vị bất hòa,,"Có thai nôn ra nước chua hoặc nước đắng, ngực sườn đầy tức, ợ hơi thở dài, đầu choáng mắt hoa, miệng đắng họng khô, phiền táo dễ cáu giận. Chất lưỡi hồng, rêu lưỡi vàng mỏng. Mạch huyền hoạt","phiền táo dễ cáu giận. Chất lưỡi hồng, rêu lưỡi vàng mỏng. Mạch huyền hoạt",,Tô diệp hoàng liên thang gia vị,"Tô diệp, Hoàng liên, Trần bì, Trúc nhự, Bán hạ, Phục linh, Sinh khương"
Nhâm thần ố trở (nghén),Đàm trệ,,"Có thai nôn mửa ra đờm dãi, ngực đầy tức không muốn ăn uống, miệng nhạt nhớt, đầu choáng, tim hồi hộp, cơ thể vốn béo bệu nhiều đờm. Chất lưỡi nhạt bệu, rêu lưỡi trắng nhớt . Mạch hoạt","cơ thể vốn béo bệu nhiều đờm. Chất lưỡi nhạt bệu, rêu lưỡi trắng nhớt . Mạch hoạt",,Tiểu bán hạ gia phục linh thang,"Bán hạ, Phục linh, Sinh khương"
Tử giản (sản giật),Can phong nội động,,"Thai phụ đột nhiên đầu váng đau đầu dữ dội, hoa mắt, ngực sườn đầy tức, sau đó thình lình hôn mê ngã lăn, bất tỉnh nhân sự, hai hàm răng nghiến chặt, chân tay co giật, gáy cứng lưng ưỡn, mắt trợn ngược, phù thũng, huyết áp cao; cơn qua thì tỉnh, tỉnh rồi lại lên cơn. Chất lưỡi đỏ, rêu lưỡi vàng mỏng hoặc vàng nhớt. Mạch huyền hoạt mà sác","tỉnh rồi lại lên cơn. Chất lưỡi đỏ, rêu lưỡi vàng mỏng hoặc vàng nhớt. Mạch huyền hoạt mà sác",,Linh dương câu đằng thang,"Linh dương giác, Câu đằng, Tang diệp, Cúc hoa, Sinh địa, Bạch thược, Xuyên bối mẫu, Trúc nhự, Phục thần, Cam thảo"
Tử giản (sản giật),Đàm hỏa thượng nhiễu,,"Thai phụ đột nhiên hôn mê ngã vật, bất tỉnh, chân tay co quắp giật giật, trong họng đờm dãi kéo lên khò khè, miệng mắt méo lệch, sắc mặt đỏ, thở thô, ngực bụng đầy tức, đầu váng nặng nề; có thể sốt, đại tiện táo. Chất lưỡi đỏ, rêu lưỡi vàng dày nhớt . Mạch huyền hoạt sác","đại tiện táo. Chất lưỡi đỏ, rêu lưỡi vàng dày nhớt . Mạch huyền hoạt sác",,Ngưu hoàng thanh tâm hoàn (hợp Đạo đàm thang),"Ngưu hoàng, Uất kim, Hoàng liên, Hoàng cầm, Chi tử, Chu sa, Đởm nam tinh, Bán hạ, Trần bì, Chỉ thực, Phục linh, Trúc nhự, Thạch xương bồ, Cam thảo"
Tử giản (sản giật),Âm hư dương kháng,,"Thai phụ đầu váng đầu đau, hoa mắt, hai gò má đỏ bừng, tâm phiền mất ngủ, ngũ tâm phiền nhiệt, họng khô miệng ráo, tay chân run rẩy máy động; nặng thì đột ngột hôn mê co giật nhẹ, cơn ngắn, sau cơn tinh thần mệt mỏi, lưng gối mỏi yếu, chóng mặt ù tai. Chất lưỡi đỏ hồng hoặc lưỡi đỏ khô, rêu lưỡi ít hoặc không rêu. Mạch huyền tế mà sác","chóng mặt ù tai. Chất lưỡi đỏ hồng hoặc lưỡi đỏ khô, rêu lưỡi ít hoặc không rêu. Mạch huyền tế mà sác",,Tam giáp phục mạch thang,"Sinh mẫu lệ, Sinh miết giáp, Sinh quy bản, Sinh địa, Bạch thược, Mạch môn, A giao, Ma nhân, Chích cam thảo"
Sản hậu phát nhiệt,Cảm nhiễm tà độc,"kinh nguyệt, kinh, thai, sản, âm đạo, huyết trắng, đới hạ, băng","Sau đẻ sốt cao rét run, bụng dưới đau cự án, sản dịch ra nhiều hoặc ít, sắc tím tối, mùi hôi thối; kèm miệng khô muốn uống, tiểu vàng đỏ, đại tiện táo, tinh thần bứt rứt; nặng thì sốt cao không lui, thần chí mê man, phát ban chẩn. Chất lưỡi đỏ, rêu vàng khô; mạch huyền sác hoặc hoạt sác có lực","phát ban chẩn. Chất lưỡi đỏ, rêu vàng khô; mạch huyền sác hoặc hoạt sác có lực",,"Giải độc hoạt huyết thang gia Ngân hoa, Liên kiều","Liên kiều, Cát căn, Sài hồ, Chỉ xác, Đương quy, Sinh địa, Xích thược, Hồng hoa, Đào nhân, Cam thảo, Kim ngân hoa"
Sản hậu phát nhiệt,Huyết ứ,"kinh nguyệt, kinh, thai, sản, âm đạo, huyết trắng, đới hạ, băng","Sau đẻ sốt nhẹ hoặc lúc sốt lúc không, bụng dưới đau cứng cự án, sản dịch ra không thông sướng, lượng ít, sắc tím tối, có cục huyết khối; kèm miệng khô không muốn uống, ngực bụng đầy tức. Chất lưỡi tím tối hoặc có điểm ứ huyết ở rìa lưỡi, rêu mỏng; mạch huyền sáp hoặc trầm sáp","ngực bụng đầy tức. Chất lưỡi tím tối hoặc có điểm ứ huyết ở rìa lưỡi, rêu mỏng; mạch huyền sáp hoặc trầm sáp",,Sinh hóa thang gia giảm,"Đương quy, Xuyên khung, Đào nhân, Bào khương, Chích cam thảo"
Sản hậu phát nhiệt,Ngoại cảm,"kinh nguyệt, kinh, thai, sản, âm đạo, huyết trắng, đới hạ, băng","Sau đẻ sốt sợ lạnh, đau đầu, mình đau mỏi, mũi tắc chảy nước mũi trong, ho, không mồ hôi hoặc ra mồ hôi mà sốt không lui; sản dịch, bụng dưới bình thường. Chất lưỡi hồng nhạt, rêu trắng mỏng; mạch phù hoặc phù khẩn","bụng dưới bình thường. Chất lưỡi hồng nhạt, rêu trắng mỏng; mạch phù hoặc phù khẩn",,Kinh phòng tứ vật thang gia giảm,"Kinh giới, Phòng phong, Đương quy, Xuyên khung, Bạch thược, Thục địa, Tô diệp, Sinh khương"
Sản hậu phát nhiệt,Huyết hư,"kinh nguyệt, kinh, thai, sản, âm đạo, huyết trắng, đới hạ, băng","Sau đẻ mất máu nhiều rồi phát sốt, sốt âm ỉ hâm hấp không lui, tự ra mồ hôi, đầu váng mắt hoa, hồi hộp thiếu ngủ, bụng dưới đau âm ỉ thích xoa nắn, sắc mặt trắng nhợt, tay chân tê mỏi. Chất lưỡi nhạt, rêu trắng mỏng; mạch hư vi tế sác vô lực","tay chân tê mỏi. Chất lưỡi nhạt, rêu trắng mỏng; mạch hư vi tế sác vô lực",,Bổ trung ích khí thang gia giảm (hoặc Bát trân thang gia giảm),"Hoàng kỳ, Nhân sâm, Bạch truật, Chích cam thảo, Đương quy, Trần bì, Thăng ma, Sài hồ"
Sản hậu phúc thống,Huyết hư,"đau bụng, bụng đau, phúc thống, đau quặn bụng, đau vùng bụng, bụng dưới đau, kinh nguyệt, kinh","Sau khi sinh bụng dưới đau âm ỉ liên miên, thích xoa nắn và chườm ấm, sản dịch ra ít, sắc nhạt loãng, kèm chóng mặt hoa mắt, hồi hộp trống ngực, đại tiện táo, da khô, sắc mặt nhợt nhạt không tươi. Chất lưỡi nhạt, rêu lưỡi mỏng; mạch tế nhược","sắc mặt nhợt nhạt không tươi. Chất lưỡi nhạt, rêu lưỡi mỏng; mạch tế nhược",,Trường ninh thang gia giảm,"Đương quy, Bạch thược, Xuyên khung, Thục địa, Nhân sâm (hoặc Đảng sâm), Bạch truật, Cam thảo, Nhục quế, A giao, Bào khương (Gừng nướng), Đại táo"
Sản hậu phúc thống,Huyết ứ,"đau bụng, bụng đau, phúc thống, đau quặn bụng, đau vùng bụng, bụng dưới đau, kinh nguyệt, kinh","Sau khi sinh bụng dưới đau nhiều, đau cự án, có thể sờ thấy cục cứng, sản dịch ra ít không thông sắc tím tối có huyết khối, khi cục huyết ra được thì đau giảm; kèm ngực sườn đầy tức, có thể sợ lạnh chân tay lạnh. Chất lưỡi tím tối hoặc có điểm ứ huyết, rêu lưỡi mỏng; mạch huyền sáp","có thể sợ lạnh chân tay lạnh. Chất lưỡi tím tối hoặc có điểm ứ huyết, rêu lưỡi mỏng; mạch huyền sáp",,Sinh hóa thang,"Đương quy, Xuyên khung, Đào nhân, Bào khương (Gừng nướng), Chích cam thảo"
Trưng hà,Khí trệ huyết ứ,"khối u, u cục, khối, cục, hòn, báng, u xơ, khối rắn","Bụng dưới có khối u cục, đau chướng không dời chỗ, ấn vào đau tăng, sờ được khối rắn; kinh nguyệt không đều, kinh sắc tím đen có huyết khối, hành kinh đau bụng; tinh thần uất ức, ngực sườn đầy tức, hay thở dài; sắc mặt tối sạm, môi tối. Lưỡi tím tối hoặc có điểm ứ huyết, rêu mỏng; mạch trầm huyền hoặc trầm sáp","môi tối. Lưỡi tím tối hoặc có điểm ứ huyết, rêu mỏng; mạch trầm huyền hoặc trầm sáp",,Hương lăng hoàn hợp Quế chi phục linh hoàn gia giảm,"Mộc hương, Đinh hương, Tam lăng, Nga truật, Chỉ xác, Xuyên luyện tử, Tiểu hồi hương, Đương quy, Xuyên khung, Đào nhân, Hồng hoa, Quế chi, Phục linh, Xích thược, Mẫu đơn bì"
Trưng hà,Đàm thấp ứ kết,"khối u, u cục, khối, cục, hòn, báng, u xơ, khối rắn","Bụng dưới có khối u cục, sờ mềm hoặc rắn không đều, ấn không đau nhiều hoặc đau âm ỉ; thân thể béo bệu, ngực bụng đầy tức, buồn nôn, đờm nhiều; kinh nguyệt ra muộn, lượng ít hoặc bế kinh, đới hạ nhiều sắc trắng dính; mệt mỏi nặng nề, ăn kém. Chất lưỡi bệu tối hoặc có điểm ứ, rêu trắng nhớt ; mạch huyền hoạt hoặc trầm hoạt","ăn kém. Chất lưỡi bệu tối hoặc có điểm ứ, rêu trắng nhớt ; mạch huyền hoạt hoặc trầm hoạt",,Khai uất nhị trần thang gia giảm (hợp Quế chi phục linh hoàn),"Bán hạ, Trần bì, Phục linh, Cam thảo, Thương truật, Hương phụ, Xuyên khung, Mộc hương, Đởm nam tinh, Chỉ xác, Bạch giới tử, Côn bố, Hải tảo, Quế chi, Đào nhân, Xích thược"
Trưng hà,Thấp nhiệt ứ trở,"khối u, u cục, khối, cục, hòn, báng, u xơ, khối rắn","Bụng dưới có khối u cục, đau chướng nóng rát, ấn đau cự án, có thể sốt nhẹ; đới hạ lượng nhiều sắc vàng đặc, hôi tanh; kinh nguyệt lượng nhiều hoặc rong huyết sắc đỏ tối có khối, hành kinh đau bụng; miệng đắng họng khô, tiểu vàng, đại tiện táo hoặc dính. Chất lưỡi đỏ tối hoặc có điểm ứ, rêu vàng nhớt; mạch huyền hoạt sác hoặc nhu sác","đại tiện táo hoặc dính. Chất lưỡi đỏ tối hoặc có điểm ứ, rêu vàng nhớt; mạch huyền hoạt sác hoặc nhu sác",,Đại hoàng mẫu đơn thang gia giảm (hợp Hồng đằng bại tương tán),"Đại hoàng, Mẫu đơn bì, Đào nhân, Đông qua nhân, Mang tiêu, Hồng đằng, Bại tương thảo, Ý dĩ nhân, Bồ công anh, Xích thược, Tam lăng, Nga truật, Thổ phục linh, Hoàng bá"
Trưng hà,Thận hư huyết ứ,"khối u, u cục, khối, cục, hòn, báng, u xơ, khối rắn","Bụng dưới có khối u cục, đau âm ỉ, bệnh lâu ngày dai dẳng; lưng gối mỏi yếu, đầu choáng tai ù, tiểu đêm nhiều; kinh nguyệt không đều, lượng ít sắc tối có khối hoặc rong huyết kéo dài, có thể hiếm muộn ; sắc mặt tối sạm hốc mắt thâm, tinh thần mệt mỏi. Chất lưỡi tối nhạt hoặc có điểm ứ, rêu trắng mỏng; mạch trầm tế mà sáp","tinh thần mệt mỏi. Chất lưỡi tối nhạt hoặc có điểm ứ, rêu trắng mỏng; mạch trầm tế mà sáp",,Bổ thận khứ ứ phương (Quy thận hoàn hợp Quế chi phục linh hoàn gia giảm),"Thục địa, Sơn thù du, Sơn dược, Thỏ ty tử, Nữ trinh tử, Bổ cốt chi, Đỗ trọng, Đương quy, Xuyên khung, Quế chi, Phục linh, Đào nhân, Xích thược, Mẫu đơn bì, Tam lăng, Nga truật"
Ma chẩn (sởi),Tà uất phế vệ,"ban, phát ban, nổi ban, mọc ban, mụn nước, nốt, hồng ban, sởi","Sốt, sợ gió lạnh nhẹ, hắt hơi, sổ mũi, ho, mắt đỏ chảy nước mắt, sợ ánh sáng, tinh thần mệt mỏi, kém ăn; niêm mạc má trong xuất hiện nốt Koplik trắng xám quanh viền đỏ; chất lưỡi đỏ, rêu lưỡi trắng mỏng hoặc hơi vàng; mạch phù sác","kém ăn; niêm mạc má trong xuất hiện nốt Koplik trắng xám quanh viền đỏ; chất lưỡi đỏ, rêu lưỡi trắng mỏng hoặc hơi vàng; mạch phù sác",,Tuyên độc phát biểu thang,"Thăng ma, Cát căn, Tiền hồ, Cát cánh, Chỉ xác, Kinh giới, Bạc hà, Phòng phong, Ngưu bàng tử, Liên kiều, Mộc thông, Trúc diệp, Hạnh nhân, Cam thảo"
Ma chẩn (sởi),Phế vị nhiệt thịnh,"ban, phát ban, nổi ban, mọc ban, mụn nước, nốt, hồng ban, sởi","Sốt cao liên tục, ban chẩn mọc dần theo trình tự từ sau tai, chân tóc, mặt xuống thân mình và tứ chi, ban màu hồng đỏ, sờ vướng tay, ban dày; kèm phiền khát, ho nhiều, mắt đỏ, tinh thần bứt rứt hoặc lơ mơ; chất lưỡi đỏ, rêu lưỡi vàng; mạch hồng sác","tinh thần bứt rứt hoặc lơ mơ; chất lưỡi đỏ, rêu lưỡi vàng; mạch hồng sác",,Thanh giải thấu biểu thang,"Tang diệp, Cúc hoa, Ngưu bàng tử, Thuyền thoái, Cát căn, Kim ngân hoa, Liên kiều, Tử thảo, Thăng ma, Lô căn, Bạc hà, Cam thảo"
Ma chẩn (sởi),Âm tân hao tổn,"ban, phát ban, nổi ban, mọc ban, mụn nước, nốt, hồng ban, sởi","Ban chẩn lặn dần theo thứ tự đã mọc, để lại vết thâm màu nâu và bong vảy cám mịn, sốt lui, ho khan ít đờm, miệng khô họng ráo, tinh thần mệt, kém ăn, đại tiện khô; chất lưỡi đỏ ít tân dịch, rêu lưỡi mỏng ít hoặc bóc rêu; mạch tế sác vô lực","đại tiện khô; chất lưỡi đỏ ít tân dịch, rêu lưỡi mỏng ít hoặc bóc rêu; mạch tế sác vô lực",,Sa sâm mạch đông thang,"Sa sâm, Mạch môn, Ngọc trúc, Thiên hoa phấn, Tang diệp, Biển đậu, Cam thảo"
Ma chẩn (sởi),Ma độc bế phế,"ban, phát ban, nổi ban, mọc ban, mụn nước, nốt, hồng ban, sởi","Sốt cao không lui, ho suyễn gấp, cánh mũi phập phồng, thở khò khè, phiền táo, môi và đầu ngón tím tái, ban chẩn mọc không thấu hoặc đột ngột lặn/sắc tím tối; khát nước, tiểu vàng sẫm; chất lưỡi đỏ, rêu lưỡi vàng nhớt; mạch sác hữu lực","tiểu vàng sẫm; chất lưỡi đỏ, rêu lưỡi vàng nhớt; mạch sác hữu lực",,Ma hạnh thạch cam thang,"Ma hoàng, Hạnh nhân, Thạch cao, Cam thảo"
Ma chẩn (sởi),Nhiệt độc công hầu,"ban, phát ban, nổi ban, mọc ban, mụn nước, nốt, hồng ban, sởi","Sốt, họng sưng đau đỏ, nuốt khó, ho khàn tiếng như tiếng chó sủa, thở khó thanh quản, cổ họng có màng giả, đờm nhiều dính; phiền táo bất an, mặt đỏ; chất lưỡi đỏ, rêu lưỡi vàng dày; mạch hoạt sác","mặt đỏ; chất lưỡi đỏ, rêu lưỡi vàng dày; mạch hoạt sác",,Thanh yết hạ đàm thang,"Huyền sâm, Cát cánh, Ngưu bàng tử, Bối mẫu, Qua lâu, Xạ can, Sơn đậu căn, Kim ngân hoa, Liên kiều, Cam thảo"
Thủy đậu,Phong nhiệt,"ban, phát ban, nổi ban, mọc ban, mụn nước, nốt, hồng ban, sởi","Sốt nhẹ hoặc không sốt, hắt hơi chảy nước mũi, ho, người mệt; nốt phỏng nước mọc rải rác, kích thước nhỏ, chất nước trong, xung quanh có quầng đỏ nhạt, ngứa; ăn uống bình thường, tiểu vàng nhẹ. Lưỡi hồng, rêu trắng mỏng hoặc hơi vàng. Mạch phù sác","tiểu vàng nhẹ. Lưỡi hồng, rêu trắng mỏng hoặc hơi vàng. Mạch phù sác",,Ngân kiều tán,"Kim ngân hoa, Liên kiều, Cát cánh, Bạc hà, Trúc diệp, Kinh giới tuệ, Đạm đậu xị, Ngưu bàng tử, Cam thảo (sinh), Lô căn"
Thủy đậu,Thấp nhiệt độc thịnh,"ban, phát ban, nổi ban, mọc ban, mụn nước, nốt, hồng ban, sởi","Sốt cao dai dẳng, phiền táo khát nước, mặt đỏ môi hồng; nốt phỏng nước mọc dày, to, chất nước đục, quầng đỏ đậm rõ, một số nốt hóa mủ, có thể kèm nốt xuất huyết; miệng khô, niêm mạc miệng có nốt phỏng, tiểu ít vàng sẫm, đại tiện táo. Lưỡi đỏ, rêu vàng dày hoặc vàng nhớt. Mạch hồng sác hoặc hoạt sác","đại tiện táo. Lưỡi đỏ, rêu vàng dày hoặc vàng nhớt. Mạch hồng sác hoặc hoạt sác",,Thanh ôn bại độc ẩm,"Thạch cao, Sinh địa, Thủy ngưu giác (thay Tê giác), Hoàng liên, Hoàng cầm, Hoàng bá, Chi tử, Tri mẫu, Xích thược, Huyền sâm, Liên kiều, Cát cánh, Đan bì (Mẫu đơn bì), Trúc diệp, Cam thảo"
Nga khẩu sang (tưa lưỡi),Tâm tỳ tích nhiệt,"loét miệng, lở miệng, nhiệt miệng, miệng lở, miệng lưỡi, loét lưỡi, vết loét, nhiệt lưỡi","Trong miệng và lưỡi mọc nhiều mảng trắng như bựa sữa, phủ dày, xung quanh niêm mạc đỏ, nặng có thể lan ra vòm họng, môi má; trẻ quấy khóc, bú kém, miệng nóng chảy nhiều dãi, mặt đỏ môi hồng, phiền táo không yên, tiểu tiện vàng đỏ, đại tiện táo kết hoặc phân khô hôi. Lưỡi đỏ, rêu lưỡi vàng hoặc phủ mảng trắng dày; mạch Hoạt Sác, chỉ văn tím trệ","Trong miệng và lưỡi mọc nhiều mảng trắng như bựa sữa, đại tiện táo kết hoặc phân khô hôi. Lưỡi đỏ, rêu lưỡi vàng hoặc phủ mảng trắng dày; mạch Hoạt Sác",,Thanh nhiệt tả tỳ tán,"Sơn chi (chi tử), Thạch cao, Hoàng cầm, Hoàng liên, Sinh địa, Xích phục linh, Đăng tâm thảo"
Nga khẩu sang (tưa lưỡi),Hư hỏa thượng phù,"loét miệng, lở miệng, nhiệt miệng, miệng lở, miệng lưỡi, loét lưỡi, vết loét, nhiệt lưỡi","Mảng tưa trắng trong miệng lưỡi rải rác, không dày, sắc trắng nhạt, tái đi tái lại lâu ngày không khỏi, xung quanh niêm mạc đỏ nhạt không tươi; trẻ thể chất gầy yếu, gò má ửng hồng về chiều, ngũ tâm phiền nhiệt, ăn bú kém, tinh thần mệt mỏi, tiểu vàng ít. Lưỡi đỏ, rêu ít hoặc không rêu; mạch Tế Sác, chỉ văn nhạt","Mảng tưa trắng trong miệng lưỡi rải rác, tiểu vàng ít. Lưỡi đỏ, rêu ít hoặc không rêu; mạch Tế Sác",,Tri bá địa hoàng thang,"Tri mẫu, Hoàng bá, Thục địa, Sơn thù du, Hoài sơn (sơn dược), Đơn bì (mẫu đơn bì), Trạch tả, Phục linh"
Cam tích,Tỳ vị bất hòa,,"Người gầy sút nhẹ, sắc mặt hơi vàng kém tươi, ăn kém không ngon miệng, hoặc ăn nhiều mau đói, bụng đầy nhẹ, đại tiện lúc lỏng lúc táo, phiền táo hay khóc, ngủ không yên. Lưỡi chất hồng nhạt, rêu lưỡi trắng mỏng hơi nhớt. Mạch tế hoạt, chỉ văn sắc hồng nhạt","ngủ không yên. Lưỡi chất hồng nhạt, rêu lưỡi trắng mỏng hơi nhớt. Mạch tế hoạt",,Tư sinh kiện tỳ hoàn gia giảm (nền Sâm linh bạch truật tán gia tiêu đạo),"Đảng sâm, Bạch truật, Phục linh, Cam thảo, Sơn dược (Hoài sơn), Biển đậu, Liên nhục, Ý dĩ, Cát cánh, Sa nhân, Trần bì, Sơn tra, Thần khúc, Mạch nha"
Cam tích,Tỳ hư tích trệ,,"Người gầy rõ, cơ nhục teo nhẽo, sắc mặt vàng úa không tươi, bụng ỏng to đầy chướng, gân xanh nổi, tóc thưa dễ rụng dựng đứng như bông lúa, ăn kém hoặc ăn dở, đại tiện lỏng nát tanh hôi hoặc táo, hay quấy khóc phiền táo, ngủ không yên nghiến răng. Lưỡi chất nhạt, rêu lưỡi nhớt bẩn . Mạch tế hoạt hoặc tế nhược, chỉ văn tím trệ","ngủ không yên nghiến răng. Lưỡi chất nhạt, rêu lưỡi nhớt bẩn . Mạch tế hoạt hoặc tế nhược",,Phì nhi hoàn (hợp Tiêu nhũ hoàn),"Đảng sâm, Bạch truật, Phục linh, Cam thảo, Thần khúc, Mạch nha, Sơn tra, Hồ hoàng liên, Vu di, Sử quân tử, Binh lang, Trần bì, Mộc hương"
Cam tích,Khí huyết lưỡng hư kèm Tỳ vị hư suy,,"Người gầy đét trơ xương, sắc mặt xám vàng khô héo không tươi, tinh thần ủ rũ mệt mỏi, khóc không ra nước mắt hoặc khóc yếu, da khô nhăn nheo mất tính đàn hồi, bụng lõm lòng thuyền, ăn rất kém hoặc không ăn, đại tiện lỏng sống phân, có thể phù nhẹ. Lưỡi chất nhạt bệu hoặc hồng khô ít tân dịch, rêu lưỡi ít hoặc bong tróc . Mạch tế nhược vô lực, chỉ văn nhạt mờ ẩn","có thể phù nhẹ. Lưỡi chất nhạt bệu hoặc hồng khô ít tân dịch, rêu lưỡi ít hoặc bong tróc . Mạch tế nhược vô lực",,Bát trân thang gia giảm (Thập toàn đại bổ / Nhân sâm dưỡng vinh gia giảm),"Đảng sâm (hoặc Nhân sâm), Bạch truật, Phục linh, Cam thảo, Đương quy, Thục địa, Bạch thược, Xuyên khung, Hoàng kỳ, Sơn dược, Sinh khương, Đại táo"
Yếm thực (biếng ăn),Tỳ vận thất kiện,"ăn kém, biếng ăn, chán ăn, không muốn ăn, ăn ít, ăn uống kém, yếm thực, không thèm ăn","Trẻ ăn kém, không muốn ăn, chán ăn, nhìn thức ăn không thèm; ăn ít nhưng tinh thần vẫn tương đối tốt, hình thể chưa gầy sút rõ, sắc mặt bình thường hoặc hơi kém tươi; đôi khi bụng đầy, phân khi lỏng khi táo. Lưỡi hồng nhạt, rêu mỏng hơi nhớt . Mạch hoãn hoặc nhu","phân khi lỏng khi táo. Lưỡi hồng nhạt, rêu mỏng hơi nhớt . Mạch hoãn hoặc nhu",,Bất hoán kim chính khí tán,"Thương truật, Hậu phác, Trần bì, Cam thảo, Hoắc hương, Bán hạ (chế), Sinh khương, Đại táo"
Yếm thực (biếng ăn),Tỳ vị khí hư,"ăn kém, biếng ăn, chán ăn, không muốn ăn, ăn ít, ăn uống kém, yếm thực, không thèm ăn","Trẻ chán ăn, không muốn ăn, ăn vào bụng đầy trướng; sắc mặt vàng úa kém tươi, tinh thần mệt mỏi, người gầy, cơ nhục nhẽo; đại tiện phân lỏng nát, thường lẫn thức ăn không tiêu, dễ ra mồ hôi. Lưỡi nhạt bệu, rêu trắng mỏng. Mạch hoãn vô lực","dễ ra mồ hôi. Lưỡi nhạt bệu, rêu trắng mỏng. Mạch hoãn vô lực",,Dị công tán,"Nhân sâm (Đảng sâm), Bạch truật, Phục linh, Cam thảo (chích), Trần bì"
Yếm thực (biếng ăn),Tỳ vị âm hư,"ăn kém, biếng ăn, chán ăn, không muốn ăn, ăn ít, ăn uống kém, yếm thực, không thèm ăn","Trẻ không muốn ăn, ăn ít, miệng khô họng khát thích uống nước mát; da khô kém nhuận, đại tiện táo kết, tiểu tiện vàng ít; lòng bàn tay bàn chân nóng, người gầy, hay quấy khóc bứt rứt. Lưỡi đỏ, khô, ít tân dịch, rêu ít hoặc bong tróc . Mạch tế sác","hay quấy khóc bứt rứt. Lưỡi đỏ, rêu ít hoặc bong tróc . Mạch tế sác",,Dưỡng vị tăng dịch thang,"Sa sâm, Thạch hộc, Ngọc trúc, Mạch môn, Ô mai, Bạch thược, Cam thảo, Sơn dược (Hoài sơn)"
Tiểu nhi kinh phong,Cấp kinh phong,"co giật, động kinh, giật, kinh phong, sùi bọt mép, ngã lăn, mất ý thức, hôn mê","Bệnh khởi phát đột ngột, sốt cao, đột nhiên hôn mê, hai mắt trợn ngược, răng cắn chặt, gáy cứng, chân tay co giật, ưỡn người, đàm dãi ủng thịnh, khò khè, có thể co giật liên tục; sắc mặt đỏ hoặc tím tái, môi khô, tiểu vàng, đại tiện táo. Chất lưỡi đỏ, rêu lưỡi vàng dày nhớt . Mạch phù sác hoạt hoặc huyền sác; chỉ văn tía tím hiện rõ, thấu quan","đại tiện táo. Chất lưỡi đỏ, rêu lưỡi vàng dày nhớt . Mạch phù sác hoạt hoặc huyền sác; chỉ văn tía tím hiện rõ",,Linh dương câu đằng thang,"Linh dương giác, Câu đằng, Tang diệp, Cúc hoa, Sinh địa, Bạch thược, Xuyên bối mẫu, Trúc nhự, Phục thần, Cam thảo"
Tiểu nhi kinh phong,Mạn kinh phong,"co giật, động kinh, giật, kinh phong, sùi bọt mép, ngã lăn, mất ý thức, hôn mê","Bệnh phát từ từ, kéo dài; tinh thần mệt mỏi ủ rũ, sắc mặt vàng bủng hoặc trắng nhợt, thân nhiệt thấp hoặc không sốt, ngủ mắt nhắm không kín, chân tay co giật lúc có lúc không, run giật nhẹ, gân cơ mềm nhũn vô lực; ăn kém, đại tiện lỏng nát, có thể ra mồ hôi tự ra, tứ chi lạnh. Chất lưỡi nhợt, rêu lưỡi trắng mỏng hoặc ít rêu. Mạch trầm nhược vô lực ; chỉ văn nhạt màu, mờ trầm","tứ chi lạnh. Chất lưỡi nhợt, rêu lưỡi trắng mỏng hoặc ít rêu. Mạch trầm nhược vô lực ; chỉ văn nhạt màu",,Hoãn can lý tỳ thang (hợp Ất quý tán),"Nhân sâm (hoặc Đảng sâm), Bạch truật, Phục linh, Bạch thược, Quế chi, Trần bì, Hoài sơn, Biển đậu, Sinh khương, Đại táo, Cam thảo, Câu đằng, Ngũ vị tử"
Tiểu nhi hãn chứng,Phế vệ bất cố,"mồ hôi, hãn, đổ mồ hôi, ra mồ hôi, vã mồ hôi, ướt đẫm","Trẻ tự ra mồ hôi là chính, mồ hôi ra nhiều ở đầu, mặt, vai và lưng, hễ động thì mồ hôi càng nhiều; sắc mặt trắng nhợt kém tươi, hình thể gầy yếu, dễ mệt mỏi, sợ gió, dễ cảm mạo, tay chân không ấm. Chất lưỡi nhạt, rêu lưỡi trắng mỏng; mạch tế nhược","tay chân không ấm. Chất lưỡi nhạt, rêu lưỡi trắng mỏng; mạch tế nhược",,Ngọc bình phong tán hợp Mẫu lệ tán,"Hoàng kỳ, Bạch truật, Phòng phong, Mẫu lệ, Ma hoàng căn, Phù tiểu mạch, Cam thảo"
Tiểu nhi hãn chứng,Doanh vệ bất hòa,"mồ hôi, hãn, đổ mồ hôi, ra mồ hôi, vã mồ hôi, ướt đẫm","Trẻ tự ra mồ hôi toàn thân, mồ hôi ra không kèm nóng bức, hoặc nửa người ra mồ hôi, ra mồ hôi rồi thấy sợ gió, sợ lạnh, thân nhiệt bình thường hoặc thoáng có sốt nhẹ, tinh thần mệt mỏi, ăn uống kém, sắc mặt không tươi nhuận. Chất lưỡi nhạt đỏ, rêu lưỡi trắng mỏng; mạch hoãn","sắc mặt không tươi nhuận. Chất lưỡi nhạt đỏ, rêu lưỡi trắng mỏng; mạch hoãn",,Quế chi thang gia Hoàng kỳ,"Hoàng kỳ, Quế chi, Bạch thược, Sinh khương, Đại táo, Cam thảo"
Tiểu nhi hãn chứng,Khí âm hư nhược,"mồ hôi, hãn, đổ mồ hôi, ra mồ hôi, vã mồ hôi, ướt đẫm","Trẻ vừa tự ra mồ hôi vừa ra mồ hôi trộm, mồ hôi ra nhiều đầm đìa, hình thể gầy còm, tinh thần uể oải mệt mỏi, sắc mặt kém tươi hoặc gò má đỏ, tâm phiền ngủ ít, ngủ không yên, hoặc sốt nhẹ về chiều, miệng khô, khát nước, đại tiện táo. Chất lưỡi đỏ ít tân dịch hoặc lưỡi đỏ nhạt ít rêu, rêu lưỡi mỏng bong; mạch tế nhược hoặc tế sác vô lực","đại tiện táo. Chất lưỡi đỏ ít tân dịch hoặc lưỡi đỏ nhạt ít rêu, rêu lưỡi mỏng bong; mạch tế nhược hoặc tế sác vô lực",,Sinh mạch tán hợp Đương quy lục hoàng thang gia giảm,"Nhân sâm (hoặc Đảng sâm, Thái tử sâm), Mạch môn, Ngũ vị tử, Hoàng kỳ, Đương quy, Sinh địa hoàng, Thục địa hoàng, Hoàng liên, Hoàng cầm, Hoàng bá"
Hầu ung,Phong nhiệt tà độc,,"Bệnh mới phát, họng đau tăng dần, một bên họng sưng đỏ, nuốt vướng đau, kèm sốt, sợ lạnh nhẹ, đau đầu, ho, đờm dính, miệng khô; khám thấy vùng amidan/quanh amidan sưng đỏ. Lưỡi đỏ, rêu trắng mỏng hoặc hơi vàng. Mạch phù sác","miệng khô; khám thấy vùng amidan/quanh amidan sưng đỏ. Lưỡi đỏ, rêu trắng mỏng hoặc hơi vàng. Mạch phù sác",,Ngân kiều tán,"Kim ngân hoa, Liên kiều, Cát cánh, Bạc hà, Trúc diệp, Kinh giới tuệ, Đạm đậu xị, Ngưu bàng tử, Cam thảo (sinh), Lô căn"
Hầu ung,Nhiệt độc nội thịnh,,"Họng đau dữ dội một bên, sưng to đỏ tấy lan rộng, nuốt rất khó, đau lan lên tai, há miệng hạn chế, tiếng nói ngậm hột, chảy nhiều nước dãi; sốt cao, phiền khát, mặt đỏ, hơi thở hôi, đại tiện táo, tiểu vàng đỏ; khám thấy khối sưng căng bóng, mềm khi đã thành mủ. Lưỡi đỏ, rêu vàng dày. Mạch hồng sác hoặc hoạt sác","mềm khi đã thành mủ. Lưỡi đỏ, rêu vàng dày. Mạch hồng sác hoặc hoạt sác",,Tiên phương hoạt mệnh ẩm (gia giảm),"Kim ngân hoa, Cam thảo (tiết), Xuyên sơn giáp, Tạo giác thích, Đương quy vĩ, Xích thược, Nhũ hương, Một dược, Trần bì, Phòng phong, Bối mẫu, Bạch chỉ, Thiên hoa phấn"
Tỵ cứu (viêm mũi dị ứng),Phế khí hư hàn,"mũi, hắt hơi, sổ mũi, chảy nước mũi, chảy mũi, ngạt mũi, nghẹt mũi, ngứa mũi","Ngạt mũi, ngứa mũi, hắt hơi liên tục thành tràng, chảy nước mũi trong loãng nhiều, niêm mạc mũi nhợt nhạt phù nề; kèm sợ gió sợ lạnh, tự ra mồ hôi, dễ cảm mạo, sắc mặt trắng bệch, thở ngắn hụt hơi, tiếng nói nhỏ yếu. Chất lưỡi nhợt, rêu lưỡi trắng mỏng, mạch hư nhược","tiếng nói nhỏ yếu. Chất lưỡi nhợt, rêu lưỡi trắng mỏng",mạch hư nhược,Ngọc bình phong tán gia vị (phối hợp Thương nhĩ tử tán),"Hoàng kỳ, Bạch truật, Phòng phong, Thương nhĩ tử, Tân di, Bạch chỉ, Bạc hà, Kinh giới, Tế tân, Cam thảo"
Tỵ cứu (viêm mũi dị ứng),Tỳ khí hư nhược,"mũi, hắt hơi, sổ mũi, chảy nước mũi, chảy mũi, ngạt mũi, nghẹt mũi, ngứa mũi","Ngạt mũi nặng, chảy nước mũi trong loãng dầm dề không dứt, hắt hơi từng cơn, niêm mạc mũi sưng nhợt ; kèm ăn kém, bụng đầy chậm tiêu, đại tiện nhão lỏng, người mệt mỏi rã rời, chân tay nặng nề, sắc mặt vàng úa. Chất lưỡi nhợt bệu có hằn răng, rêu lưỡi trắng, mạch nhu nhược","sắc mặt vàng úa. Chất lưỡi nhợt bệu có hằn răng, rêu lưỡi trắng",mạch nhu nhược,Bổ trung ích khí thang gia vị,"Hoàng kỳ, Nhân sâm (hoặc Đảng sâm), Bạch truật, Cam thảo (chích), Đương quy, Trần bì, Thăng ma, Sài hồ, Thương nhĩ tử, Tân di, Bạch chỉ"
Tỵ cứu (viêm mũi dị ứng),Thận dương bất túc,"mũi, hắt hơi, sổ mũi, chảy nước mũi, chảy mũi, ngạt mũi, nghẹt mũi, ngứa mũi","Ngạt mũi, ngứa mũi, hắt hơi nhiều đặc biệt vào sáng sớm hoặc khi gặp lạnh, chảy nước mũi trong loãng như nước, bệnh dai dẳng lâu năm; kèm sợ lạnh chân tay lạnh, lưng gối mỏi mềm, sắc mặt nhợt, tiểu tiện trong dài, di tinh, liệt dương, tinh thần uể oải. Chất lưỡi nhợt bệu, rêu lưỡi trắng, mạch trầm tế nhược","tinh thần uể oải. Chất lưỡi nhợt bệu, rêu lưỡi trắng",mạch trầm tế nhược,Thận khí hoàn (Kim quỹ thận khí hoàn) gia vị,"Thục địa, Sơn thù du, Hoài sơn (Sơn dược), Trạch tả, Mẫu đơn bì, Phục linh, Quế chi (Nhục quế), Phụ tử (chế), Thương nhĩ tử, Tân di, Tế tân"
Tỵ cứu (viêm mũi dị ứng),Phế kinh phục nhiệt,"mũi, hắt hơi, sổ mũi, chảy nước mũi, chảy mũi, ngạt mũi, nghẹt mũi, ngứa mũi","Ngạt mũi, hắt hơi, chảy nước mũi, ngứa mũi, niêm mạc mũi sung huyết đỏ sưng, phát bệnh nhiều khi gặp nóng; kèm miệng khô họng ráo, phiền nhiệt, ho có đờm vàng, đại tiện táo, tiểu tiện vàng. Chất lưỡi đỏ, rêu lưỡi vàng hoặc trắng khô, mạch sác","tiểu tiện vàng. Chất lưỡi đỏ, rêu lưỡi vàng hoặc trắng khô",mạch sác,Tân di thanh phế ẩm,"Tân di, Hoàng cầm, Chi tử, Thạch cao, Tri mẫu, Tang bạch bì, Mạch môn, Bách hợp, Thăng ma, Tỳ bà diệp, Cam thảo"
Khẩu sang (loét miệng),Tâm tỳ tích nhiệt,"loét miệng, lở miệng, nhiệt miệng, miệng lở, miệng lưỡi, loét lưỡi, vết loét, nhiệt lưỡi","Miệng lưỡi nhiều điểm loét, xung quanh vết loét đỏ tươi, sưng đau rõ, đáy vàng, ăn uống nóng rát khó chịu; kèm miệng khô khát muốn uống nước lạnh, hơi thở hôi, tâm phiền bứt rứt, tiểu vàng đỏ, đại tiện táo kết; chất lưỡi đỏ, đầu lưỡi càng đỏ, rêu vàng khô; mạch sác hữu lực","Miệng lưỡi nhiều điểm loét, đại tiện táo kết; chất lưỡi đỏ, đầu lưỡi càng đỏ, rêu vàng khô; mạch sác hữu lực",,Lương cách tán gia giảm,"Đại hoàng, Mang tiêu, Cam thảo, Chi tử, Bạc hà, Hoàng cầm, Liên kiều, Trúc diệp (kèm mật ong dẫn thuốc). Có thể phối hợp Đạo xích tán: Sinh địa, Mộc thông, Trúc diệp, Cam thảo (sinh) để thanh tâm hỏa lợi tiểu."
Khẩu sang (loét miệng),Âm hư hỏa vượng,"loét miệng, lở miệng, nhiệt miệng, miệng lở, miệng lưỡi, loét lưỡi, vết loét, nhiệt lưỡi","Vết loét miệng lưỡi ít, tái phát nhiều lần, dây dưa khó khỏi, vết loét nhỏ nông, sắc nhợt hoặc hồng nhạt, xung quanh sắc nhạt không sưng đỏ nhiều, đau nhẹ về đêm; kèm miệng họng khô, ngũ tâm phiền nhiệt, gò má đỏ, đầu váng tai ù, lưng gối yếu mỏi, mất ngủ, tiểu vàng ít; chất lưỡi đỏ ít tân dịch, rêu ít hoặc không rêu ; mạch tế sác","Vết loét miệng lưỡi ít, tiểu vàng ít; chất lưỡi đỏ ít tân dịch, rêu ít hoặc không rêu ; mạch tế sác",,Tri bá địa hoàng hoàn gia giảm,"Tri mẫu, Hoàng bá, Thục địa, Sơn thù du, Hoài sơn (Sơn dược), Trạch tả, Đan bì (Mẫu đơn bì), Phục linh. Thường gia Huyền sâm, Mạch môn, Sinh địa để dưỡng âm giáng hỏa."
Khẩu sang (loét miệng),Tỳ hư thấp khốn,"loét miệng, lở miệng, nhiệt miệng, miệng lở, miệng lưỡi, loét lưỡi, vết loét, nhiệt lưỡi","Vết loét miệng lưỡi tái phát dai dẳng, số lượng ít, sắc nhạt trắng hoặc xám, xung quanh phù nhợt không đỏ, đau âm ỉ nhẹ, lâu lành; kèm sắc mặt vàng úa hoặc trắng bệch, mệt mỏi vô lực, ăn kém, bụng đầy, đại tiện nhão lỏng, miệng nhạt dính không khát; chất lưỡi nhợt bệu, có hằn răng, rêu trắng nhớt ; mạch nhu hoãn hoặc tế nhược","Vết loét miệng lưỡi tái phát dai dẳng, miệng nhạt dính không khát; chất lưỡi nhợt bệu, rêu trắng nhớt ; mạch nhu hoãn hoặc tế nhược",,Sâm linh bạch truật tán gia giảm,"Đẳng sâm (Nhân sâm), Bạch truật, Phục linh, Cam thảo (chích), Hoài sơn (Sơn dược), Biển đậu (Bạch biển đậu), Liên nhục (Liên tử), Ý dĩ nhân, Sa nhân, Cát cánh, Đại táo. Có thể phối hợp Bổ trung ích khí thang khi khí hư hạ hãm: Hoàng kỳ, Đẳng sâm, Bạch truật, Chích thảo, Đương quy, Trần bì, Thăng ma, Sài hồ."
Nha thống,Phong nhiệt,,"Răng đau, đau tăng khi gặp nóng, có thể đau lan lên mặt, chân răng sưng đỏ nhưng chưa thành mủ nhiều, có thể kèm sốt nhẹ, sợ gió, miệng khát. Lưỡi đỏ ở rìa và đầu lưỡi, rêu lưỡi trắng mỏng hoặc hơi vàng. Mạch phù sác","miệng khát. Lưỡi đỏ ở rìa và đầu lưỡi, rêu lưỡi trắng mỏng hoặc hơi vàng. Mạch phù sác",,Ngân kiều tán gia giảm,"Kim ngân hoa, Liên kiều, Bạc hà, Kinh giới tuệ, Đạm đậu xị, Ngưu bàng tử, Cát cánh, Trúc diệp, Lô căn, Cam thảo"
Nha thống,Vị hỏa,,"Răng đau dữ dội, chân răng sưng đỏ, đau nhức khó chịu, có thể sưng nướu chảy mủ, hôi miệng, khát thích uống nước lạnh, đau răng lan lên đầu má, kèm táo bón, nước tiểu vàng. Lưỡi đỏ, rêu lưỡi vàng khô. Mạch hoạt sác hoặc hồng sác","nước tiểu vàng. Lưỡi đỏ, rêu lưỡi vàng khô. Mạch hoạt sác hoặc hồng sác",,Thanh vị tán,"Hoàng liên, Sinh địa hoàng, Đương quy, Mẫu đơn bì, Thăng ma"
Nha thống,Hư hỏa,,"Răng đau âm ỉ kéo dài, đau nhẹ mà dai dẳng, chân răng lung lay, nướu teo tụt hở chân răng, không sưng đỏ nhiều hoặc chỉ hơi đỏ, đau tăng về chiều tối, kèm lưng gối mỏi yếu, ù tai, ngũ tâm phiền nhiệt, họng khô. Lưỡi đỏ ít rêu hoặc rêu ít. Mạch tế sác",họng khô. Lưỡi đỏ ít rêu hoặc rêu ít. Mạch tế sác,,Tri bá địa hoàng hoàn,"Tri mẫu, Hoàng bá, Thục địa hoàng, Sơn thù du, Sơn dược, Trạch tả, Mẫu đơn bì, Phục linh"
Bạo manh,Khí huyết ứ trở,"mù, lòa, quáng gà, mù màu, mù lòa, mất thị lực, giảm thị lực, thị lực giảm","Thị lực đột ngột giảm sút hoặc mất hẳn, thường phát sau chấn thương hoặc uất giận, mắt đau tức, đầu nhức, đáy mắt có thể thấy ứ huyết, xuất huyết; kèm ngực sườn đầy tức, tâm phiền. Lưỡi tím tối hoặc có điểm ứ huyết, rêu mỏng. Mạch huyền sáp hoặc tế sáp","tâm phiền. Lưỡi tím tối hoặc có điểm ứ huyết, rêu mỏng. Mạch huyền sáp hoặc tế sáp",,Đào hồng tứ vật thang,"Đào nhân, Hồng hoa, Đương quy, Xuyên khung, Xích thược, Sinh địa hoàng"
Bạo manh,Can khí uất kết,"mù, lòa, quáng gà, mù màu, mù lòa, mất thị lực, giảm thị lực, thị lực giảm","Thị lực đột nhiên giảm hoặc mất, phát bệnh liên quan đến tình chí uất ức, tức giận; mắt trướng đau, đầu choáng, ngực sườn đầy tức, hay thở dài, tâm phiền dễ cáu, miệng đắng họng khô. Lưỡi hồng, rêu mỏng vàng. Mạch huyền","miệng đắng họng khô. Lưỡi hồng, rêu mỏng vàng. Mạch huyền",,Tiêu dao tán,"Sài hồ, Đương quy, Bạch thược, Bạch truật, Phục linh, Cam thảo, Bạc hà, Sinh khương"
Bạo manh,Âm hư hỏa vượng,"mù, lòa, quáng gà, mù màu, mù lòa, mất thị lực, giảm thị lực, thị lực giảm","Thị lực đột ngột giảm sút, hai mắt khô rít, sợ ánh sáng; kèm đầu váng tai ù, ngũ tâm phiền nhiệt, lòng bàn tay bàn chân nóng, gò má đỏ, họng khô miệng ráo, mất ngủ mộng nhiều, lưng gối mỏi yếu, di tinh. Lưỡi hồng ít rêu hoặc rêu khô ít tân dịch. Mạch tế sác",di tinh. Lưỡi hồng ít rêu hoặc rêu khô ít tân dịch. Mạch tế sác,,Tri bá địa hoàng hoàn,"Tri mẫu, Hoàng bá, Thục địa hoàng, Sơn thù du, Sơn dược, Trạch tả, Mẫu đơn bì, Phục linh"
Bạo manh,Khí huyết lưỡng hư,"mù, lòa, quáng gà, mù màu, mù lòa, mất thị lực, giảm thị lực, thị lực giảm","Thị lực giảm sút từ từ hoặc đột ngột, mắt mờ không rõ, hay hoa mắt; kèm sắc mặt trắng nhợt hoặc vàng úa, tinh thần mỏi mệt, khí đoản biếng nói, hồi hộp mất ngủ, đầu choáng, ăn kém, chân tay rã rời. Lưỡi nhợt bệu, rêu trắng mỏng. Mạch tế nhược","chân tay rã rời. Lưỡi nhợt bệu, rêu trắng mỏng. Mạch tế nhược",,Bát trân thang,"Đảng sâm, Bạch truật, Phục linh, Cam thảo, Đương quy, Xuyên khung, Bạch thược, Thục địa hoàng"
Châm nhãn (lẹo/chắp),Phong nhiệt ngoại tập,"mắt đỏ, đỏ mắt, mắt sưng, sưng mắt, đau mắt, mắt đau, nhức mắt, cộm mắt","Bờ mi mắt mới sưng, hơi đỏ, ngứa và đau nhẹ, sờ có cục cứng nhỏ, cộm xốn khó chịu; kèm ngứa, sợ gió; có thể sốt nhẹ, đau đầu, mũi ngạt. Lưỡi đỏ nhạt, rêu trắng mỏng hoặc hơi vàng; mạch phù sác","mũi ngạt. Lưỡi đỏ nhạt, rêu trắng mỏng hoặc hơi vàng; mạch phù sác",,Ngân kiều tán,"Kim ngân hoa, Liên kiều, Bạc hà, Kinh giới tuệ, Đạm đậu xị, Ngưu bàng tử, Cát cánh, Đạm trúc diệp, Lô căn, Sinh cam thảo"
Châm nhãn (lẹo/chắp),Nhiệt độc thượng công,"mắt đỏ, đỏ mắt, mắt sưng, sưng mắt, đau mắt, mắt đau, nhức mắt, cộm mắt","Bờ mi mắt sưng đỏ rõ, nóng và đau nhiều, cục cứng dần hóa mủ, đầu mủ vàng, sờ đau chói; mi mắt phù nề, khó mở mắt, chảy nước mắt; kèm sốt, miệng khát, họng khô, đại tiện táo, tiểu vàng. Lưỡi đỏ, rêu vàng; mạch sác hoặc hồng sác","tiểu vàng. Lưỡi đỏ, rêu vàng; mạch sác hoặc hồng sác",,Tiên phương hoạt mệnh ẩm,"Kim ngân hoa, Trần bì, Đương quy vĩ, Xích thược, Cam thảo tiết, Tạo giác thích, Xuyên sơn giáp, Thiên hoa phấn, Nhũ hương, Một dược, Phòng phong, Bối mẫu, Bạch chỉ"
Châm nhãn (lẹo/chắp),Tỳ vị phục nhiệt,"mắt đỏ, đỏ mắt, mắt sưng, sưng mắt, đau mắt, mắt đau, nhức mắt, cộm mắt","Lẹo/chắp tái phát nhiều lần, sưng đau không nhiều nhưng dai dẳng, cục cứng lâu tan, mi mắt hơi đỏ cộm; kèm ăn nhiều dễ đói hoặc ăn kém, miệng hôi, khát nước, đại tiện khô kết, thích ăn đồ béo ngọt cay nóng. Lưỡi đỏ, rêu vàng khô hoặc vàng nhớt; mạch hoạt sác","thích ăn đồ béo ngọt cay nóng. Lưỡi đỏ, rêu vàng khô hoặc vàng nhớt; mạch hoạt sác",,Thanh tỳ tán (Thanh tỳ thang) gia giảm,"Thạch cao, Chi tử, Hoàng cầm, Phòng phong, Bạc hà, Chỉ xác, Trần bì, Xích thược, Sinh địa, Cam thảo"
Tử cung hạ sa,Khí hư hạ hãm,"sa tử cung, tử cung sa, khối sa, sa xuống, trằn nặng, sa dạ con, âm đĩnh, lòi dom","Sa dạ con, mệt mỏi, hồi hộp, đoản khí, bụng dưới trằn nặng, tiểu đi luôn, lưỡi nhạt, mạch hư nhược",lưỡi nhạt,mạch hư nhược,Bổ trung ích khí thang,"Đẳng sâm, Hoàng kỳ, Đương quy, Bạch truật, Cam thảo, Trần bì, Thăng ma, Sài hồ, Sinh khương, Đại táo"
Tử cung hạ sa,Thấp nhiệt hạ chú,"sa tử cung, tử cung sa, khối sa, sa xuống, trằn nặng, sa dạ con, âm đĩnh, lòi dom","Trong âm đạo có khối lòi ra ngoài, đau, nước vàng ra dầm dề, đi tiểu nóng rát, nước tiểu vàng, lúc tiểu thì đau, lòng phiền, mình nóng, tự đổ mồ hôi, miệng khô đắng, lưỡi đỏ rêu vàng nhớt, mạch hoạt sác",lưỡi đỏ rêu vàng nhớt,mạch hoạt sác,Long đởm tả can thang,"Long đởm thảo, Mộc thông, Sài hồ, Trạch tả, Xa tiền tử, Sinh địa, Đương quy vĩ, Chi tử, Hoàng cầm, Cam thảo"
Huyết áp cao,Âm hư Dương xung,"huyết áp, tụt huyết áp, hạ áp, tụt áp, tăng áp","Hoa mắt, chóng mặt, tai ù, dễ cáu gắt, miệng đắng, họng khô, ít ngủ, hay mê, rêu lưỡi trắng hoặc hơi vàng, mạch huyền hoạt sác",rêu lưỡi trắng hoặc hơi vàng,mạch huyền hoạt sác,"Long đởm tả can, Thiên ma câu đằng, Lục vị qui thược","Chi tử, Câu đằng, Ngưu tất, Tang ký sinh, Trạch tả, Ý dĩ, Xa tiền tử, Xuyên khung, Sài hồ, Hoàng cầm, Đương quy, Thiên ma, Bạch thược, Mộc thông"
Huyết áp cao,Can Thận Âm hư,"huyết áp, tụt huyết áp, hạ áp, tụt áp, tăng áp","Nhức đầu, chóng mặt, hoa mắt, ù tai, hoảng hốt, dễ sợ, ngủ ít, hay mỏi lưng, gối yếu, miệng khô, mặt đỏ, chất lưỡi đỏ, mạch huyền tế sác",chất lưỡi đỏ,mạch huyền tế sác,Lục vị qui thược kỉ cúc,"Đan bì, Bạch linh, Mẫu lệ, Thục địa, Sơn thù, Bạch thược, Tang ký sinh, Trạch tả, Qui đầu, Hà thủ ô, Ngưu tất, Hoài sơn, Câu kỷ tử, Cúc hoa"
Huyết áp cao,Dương hư,"huyết áp, tụt huyết áp, hạ áp, tụt áp, tăng áp","Sắc mặt trắng, chân gối mềm yếu, tiểu tiện đi đêm đi nhiều, liệt dương, mạch trầm tế",,mạch trầm tế,Bổ dương hạ áp phương,"Hoài sơn, Đan bì, Bạch linh, Trạch tả, Sơn thù, Câu kỷ tử, Cúc hoa, Qui đầu, Bạch thược, Ba kích, Ích trí nhân, Đỗ trọng, Thục địa"
Huyết áp cao,Tâm Tỳ hư,"huyết áp, tụt huyết áp, hạ áp, tụt áp, tăng áp","Sắc mặt trắng, da khô, ngủ ít, hay đi phân lỏng, đầu choáng, mắt hoa, lưỡi nhạt, mạch huyền tế",lưỡi nhạt,mạch huyền tế,Kiện tỳ bổ huyết an thần,"Sinh khương, Bạch truật, Phục thần, Qui đầu, Long nhãn, Đẳng sâm, Táo nhân, Hoàng kỳ, Thục địa, Hồng hoa, Viễn trí, Hoàng cầm, Tang ký sinh, Ngưu tất, Mộc hương"
Huyết áp thấp,Tâm Dương Hư Thoát,"huyết áp, tụt huyết áp, hạ áp, tụt áp, tăng áp","Váng đầu, hoa mắt, tinh thần mỏi mệt, buồn ngủ, ngón tay lạnh, chất lưỡi nhạt bệu, rêu trắng nhuận, mạch Hoãn không lực hoặc Trầm Tế","chất lưỡi nhạt bệu, rêu trắng nhuận",mạch Hoãn không lực hoặc Trầm Tế,Quế Chi Cam Thảo Thang gia vị,"Nhục quế, Quế chi, Chích thảo"
Huyết áp thấp,"Trung khí bất túc, Tỳ Vị hư yếu","huyết áp, tụt huyết áp, hạ áp, tụt áp, tăng áp","Váng đầu, hồi hộp, hơi thở ngắn, tinh thần mệt mỏi, chân tay mềm yếu, sợ lạnh, dễ ra mồ hôi, ăn kém, ăn xong bụng đầy, chất lưỡi nhợt, rêu trắng nhuận, mạch Hoãn vô lực","chất lưỡi nhợt, rêu trắng nhuận",mạch Hoãn vô lực,Hương Sa Lục Quân Thang gia giảm,"Đẳng sâm, Bạch truật, Bạch linh, Cam thảo, Trần bì, Bán hạ, Mộc hương, Sa nhân, Quế chi, Táo, Sinh khương"
Huyết áp thấp,Tỳ Thận Dương hư,"huyết áp, tụt huyết áp, hạ áp, tụt áp, tăng áp","Váng đầu, ù tai, mất ngủ, mệt mỏi, hơi thở ngắn, ăn kém, đau lưng, mỏi gối, chân tay lạnh, sợ lạnh, di tinh, liệt dương, tiểu đêm, lưỡi nhợt, rêu trắng, mạch Trầm Nhược","lưỡi nhợt, rêu trắng",mạch Trầm Nhược,Chân Vũ Thang gia vị,"Đẳng sâm, Phụ tử, Bạch truật, Bạch thược, Bạch linh, Nhục quế, Câu kỷ tử, Liên nhục, Bá tử nhân, Ích trí nhân, Táo nhân, Dạ giao đằng, Sinh khương"
Huyết áp thấp,Khí Âm lưỡng hư,"huyết áp, tụt huyết áp, hạ áp, tụt áp, tăng áp","Đau đầu, chóng mặt, khát, họng khô, lưỡi thon đỏ, ít rêu khô, mạch Tế Sác","lưỡi thon đỏ, ít rêu khô",mạch Tế Sác,Sinh Mạch Tán gia vị,"Tây dương sâm, Mạch môn, Ngũ vị, Hoàng tinh"
Di niệu,Trẻ em - Do nhiệt,"tiểu, đái, niệu, bàng quang, sỏi, tiểu đêm, tiểu gắt","Trẻ em trên 3 tuổi, nằm mơ thấy đi đái, nước tiểu vàng, đêm ngủ hay nghiến răng",,,Ức can tán,"Đương quy, Câu đằng, Xuyên khung, Bạch truật, Bạch linh, Sài hồ, Cam thảo"
Di niệu,Trẻ em - Do nhiệt,"tiểu, đái, niệu, bàng quang, sỏi, tiểu đêm, tiểu gắt","Trẻ em trên 3 tuổi, nằm mơ thấy đi đái, nước tiểu vàng, đêm ngủ hay nghiến răng",,,Thẩm thị muộn tuyền hoàn,"Ích trí nhân, Bạch linh, Bạch truật, Chi tử, Bạch thược"
Di niệu,Trẻ em - Do hàn,"tiểu, đái, niệu, bàng quang, sỏi, tiểu đêm, tiểu gắt","Đêm nằm lạnh hoặc chơi mệt đái dầm, nước giải trong, chân tay không ấm",,,Tiểu kiến trung thang gia giảm,"Ích trí nhân, Bạch linh, Bạch truật, Sơn thù, Bạch thược, Phá cố chỉ"
Di niệu,Người lớn - Dương hư,"tiểu, đái, niệu, bàng quang, sỏi, tiểu đêm, tiểu gắt","Đái dầm khi ngủ không biết, có khi 2-3 lần/đêm, sắc mặt trắng, sợ lạnh, chân tay lạnh, chân gối mỏi, đái nhiều lần, chất lưỡi nhạt, mạch trì vô lực",chất lưỡi nhạt,mạch trì vô lực,Bát vị hoàn (Kim quỹ thận khí hoàn) gia giảm,"Thục địa, Hoài sơn, Đan bì, Bạch linh, Trạch tả, Sơn thù, Nhục quế, Phụ tử, Thỏ ty tử, Tang phiêu tiêu, Xương bồ, Long cốt, Mẫu lệ, Phá cố chỉ"
Di niệu,Người lớn - Khí hư,"tiểu, đái, niệu, bàng quang, sỏi, tiểu đêm, tiểu gắt","Đái dầm, đái nhiều lần nhưng lượng ít, sắc mặt trắng, người gầy, mệt mỏi, ăn kém, phân nát, tự ra mồ hôi trộm, lưỡi đạm, mạch nhu hoãn",lưỡi đạm,mạch nhu hoãn,Di niệu khí hư phương 1,"Đẳng sâm, Bạch truật, Hoàng kỳ, Qui đầu, Cam thảo, Trần bì, Sài hồ, Thăng ma, Tang phiêu tiêu, Phục thần, Sơn thù, Ô dược, Ngũ vị, Ích trí nhân, Thỏ ty tử, Câu kỷ tử, Sa tiền, Ích mẫu"
Di niệu,Người lớn - Khí hư,"tiểu, đái, niệu, bàng quang, sỏi, tiểu đêm, tiểu gắt","Đái dầm, đái nhiều lần nhưng lượng ít, sắc mặt trắng, người gầy, mệt mỏi, ăn kém, phân nát, tự ra mồ hôi trộm, lưỡi đạm, mạch nhu hoãn",lưỡi đạm,mạch nhu hoãn,Cố phủ thang (Di niệu khí hư phương 2),"Hoàng kỳ, Sa uyển tử, Tật lê, Qui đầu, Bạch thược, Phục thần, Sơn thù, Thăng ma, Tang phiêu tiêu, Ích mẫu, Ích trí nhân"
Di niệu,Can kinh uất nhiệt,"tiểu, đái, niệu, bàng quang, sỏi, tiểu đêm, tiểu gắt","Đái dầm, nước tiểu vàng, lòng bàn tay nóng, đêm hay nghiến răng, môi đỏ, lưỡi vàng mỏng, mạch hoạt sác",lưỡi vàng mỏng,mạch hoạt sác,Long đởm tả can thang,"Hoàng cầm, Chi tử, Qui đầu, Sài hồ, Mộc thông, Cam thảo, Sinh địa, Long đởm thảo, Sa tiền, Trạch tả"
Di niệu,Âm hư,"tiểu, đái, niệu, bàng quang, sỏi, tiểu đêm, tiểu gắt","Đái dầm, nước tiểu vàng, lòng bàn tay nóng, môi đỏ, rêu lưỡi sạch, mạch tế sác",rêu lưỡi sạch,mạch tế sác,Lục vị trị bá (Tri bá địa hoàng hoàn) gia giảm,"Đan bì, Bạch linh, Trạch tả, Thục địa, Sơn thù, Hoài sơn, Hoàng bá, Tri mẫu, Thỏ ty tử, Xương bồ, Tang phiêu tiêu, Phục thần, Mẫu lệ"
Di niệu,Tâm tỳ hư,"tiểu, đái, niệu, bàng quang, sỏi, tiểu đêm, tiểu gắt","Lo lắng suy nghĩ, đêm ngủ đái dầm",,,Di niệu tâm tỳ hư phương,"Sinh khương, Bạch truật, Phục thần, Qui đầu, Mộc hương, Viễn trí, Táo nhân, Thục địa, Long nhãn, Đẳng sâm, Hoàng kỳ, Hoài sơn, Ích trí nhân"
Viêm yết hầu,Phong nhiệt,"họng, hầu, amidan, khàn, nuốt đau, nuốt vướng, rát cổ, đau cổ","Họng đỏ, đau, khô rát, phát sốt, đau đầu",,,Phương sơ phong thanh nhiệt hoá đàm,"Kinh giới, Bạc hà, Ngưu bàng, Huyền sâm, Ngân hoa, Nhọ nồi, Cát cánh, Sinh địa, Tang bì, Xạ can"
Viêm yết hầu,Âm hư,"họng, hầu, amidan, khàn, nuốt đau, nuốt vướng, rát cổ, đau cổ","Họng khô khó chịu, niêm mạc họng có điểm xung huyết đỏ đậm, hoặc có hạt lâm ba",,,Phương dưỡng âm thanh nhiệt hoá đàm,"Sa sâm, Thiên hoa, Sinh địa, Kê huyết đằng, Mạch môn, Cát cánh, Huyền sâm, Bối mẫu, Thạch hộc, Cam thảo"
Viêm yết hầu,Khí hư,"họng, hầu, amidan, khàn, nuốt đau, nuốt vướng, rát cổ, đau cổ","Hay hắt hơi, sổ mũi, viêm họng, chảy nước mũi, ho toát mồ hôi đầu, sợ gió sợ lạnh",,,Phương bổ khí thanh hỏa,"Đẳng sâm, Hoàng kỳ, Chích thảo, Thăng ma, Qui đầu, Sài hồ, Bạch truật, Trần bì, Ngũ vị, Thục địa"
Viêm yết hầu,Dương hư,"họng, hầu, amidan, khàn, nuốt đau, nuốt vướng, rát cổ, đau cổ","Viêm họng, chân lạnh, ho đờm nhiều, họng đau ngứa rát, hay đau bụng đi ngoài, lưỡi đỏ tươi, họng có hạt",lưỡi đỏ tươi,,Phương ôn bổ thận dương,"Thục địa, Hoài sơn, Đan bì, Bạch linh, Trạch tả, Sơn thù, Nhục quế, Đại hồi, Ngưu tất, Xạ can"
Viêm yết hầu,Âm hư huyết ứ,"họng, hầu, amidan, khàn, nuốt đau, nuốt vướng, rát cổ, đau cổ","Bệnh dài ngày không khỏi, lưỡi tía tối, họng vướng căng, họng khô, ngủ không ngon",lưỡi tía tối,,Hoạt huyết hóa đàm phương,"Đan sâm, Sài hồ, Cát cánh, Xích thược, Bán hạ, Cam thảo"
Viêm yết hầu,Tỳ khí hư,"họng, hầu, amidan, khàn, nuốt đau, nuốt vướng, rát cổ, đau cổ","Viêm họng tái phát, mệt mỏi, ăn kém, phân nát, sắc mặt vàng",,,Tứ quân tử thang,"Bạch truật, Phục linh, Đẳng sâm, Cam thảo"
Viêm yết hầu,Âm hư phế táo,"họng, hầu, amidan, khàn, nuốt đau, nuốt vướng, rát cổ, đau cổ","Họng khô, đau, ho khan, ít đờm, lưỡi đỏ ít rêu",lưỡi đỏ ít rêu,,Tư âm lợi yết điều huyết thang,"Đương quy, Ngưu bàng tử, Mạch môn, Sinh địa, Xạ can, Kê huyết đằng, Huyền sâm, Cát cánh, Đan bì, Bạc hà"
Viêm yết hầu,Khí trệ huyết ứ,"họng, hầu, amidan, khàn, nuốt đau, nuốt vướng, rát cổ, đau cổ","Đau họng cố định, nuốt vướng, lưỡi tím, mạch sáp",lưỡi tím,mạch sáp,Huyết phủ trục ứ thang,"Đào nhân, Sài hồ, Cát cánh, Đương quy, Chỉ xác, Cam thảo, Xuyên khung, Sinh địa, Xích thược, Ngưu tất"
Ẩn chẩn,Phong hàn,"mề đay, mày đay, mẩn, ngứa, sẩn, ban đỏ, nổi ban, phát ban","Nổi mề đay sắc nhạt, to nhỏ không đều, gặp lạnh ngứa nhiều, chườm nóng đỡ, sắc ban nhạt, có thể sốt sợ lạnh",,,Quế chi thang gia giảm,"Quế chi, Sinh khương, Tô tử, Ké, Kinh giới, Tế tân, Lá đơn, Phòng phong, Ý dĩ, Đan sâm, Bạch chỉ"
Ẩn chẩn,Thực tích,"mề đay, mày đay, mẩn, ngứa, sẩn, ban đỏ, nổi ban, phát ban","Mề đay sắc trắng hoặc đỏ, kéo dài không khỏi, phát cơn bất thường, trung quản bĩ đầy, ăn kém ngực đầy, ợ hăng nuốt chua, cồn cào buồn nôn, đại tiện không đều",,,Hà thị sơ phong đạo trệ pháp,"Ngân hoa, Địa phụ tử, Bạch tiễn bì, Cúc hoa, Phục linh, Tiêu Sơn tra, Sao Chỉ xác, Xích thược, Tiêu Mạch nha, Tiêu tân lang, Kê nội kim"
Ẩn chẩn,Thấp nhiệt,"mề đay, mày đay, mẩn, ngứa, sẩn, ban đỏ, nổi ban, phát ban","Mề đay sắc đỏ sạm, gặp gió hay nóng bệnh tăng, trời âm u bệnh càng nặng, sốt về chiều, mình nóng bứt rứt, đầu nặng, thân thể mỏi mệt, khát nước, đại tiện khó, tiểu tiện đỏ rít, rêu vàng nhớt",rêu vàng nhớt,,Hà thị phương hương sơ hoá phương,"Hoắc hương, Bội lan, Ngân hoa, Hậu phác, Linh bì, Hoạt thạch, Bồ công anh, Hoàng cầm, Xích thược, Trần bì, Cam thảo"
Bất mị,Âm hư,"mất ngủ, khó ngủ, không ngủ, ngủ không, thất miên, khó vào giấc, dễ tỉnh, trằn trọc","Mất ngủ buồn bực, ù tai, đau lưng, di tinh, bạch đới, táo bón, mạch tế sác",,mạch tế sác,Thiên vương bổ tâm đan,"Đẳng sâm, Hoài sơn, Đan sâm, Sinh địa, Phục thần, Viễn trí, Ngũ vị, Mạch môn, Thăng ma, Qui đầu, Bá tử nhân, Táo nhân, Cát cánh, Lá vông, Chu sa, Lạc tiên, Liên nhục"
Bất mị,Can đởm hoả vượng,"mất ngủ, khó ngủ, không ngủ, ngủ không, thất miên, khó vào giấc, dễ tỉnh, trằn trọc","Cáu gắt tức giận, đau đầu, đau sườn, chiêm bao linh tinh, miệng đắng, mạch huyền",,mạch huyền,Tiêu dao tán,"Bạch linh, Bạch thược, Đương quy, Bạch truật, Sài hồ, Trần bì, Chích thảo, Lạc tiên, Chỉ thực, Trúc nhự, Bán hạ, Lá vông, Thảo quyết minh, Liên nhục, Táo nhân"
Bất mị,Trường vị bất hoà,"mất ngủ, khó ngủ, không ngủ, ngủ không, thất miên, khó vào giấc, dễ tỉnh, trằn trọc","Ngực bụng đầy trướng, ợ hơi, nôn, đại tiện thất thường, rêu lưỡi nhờn, mạch hoạt",rêu lưỡi nhờn,mạch hoạt,Lục quân tử thang gia giảm,"Thần khúc, Bạch truật, Bạch linh, Cam thảo, Trần bì, Bán hạ, Mạch nha, Mộc hương, Sơn tra, Chỉ thực, Liên nhục, Lá vông, Lạc tiên, Táo nhân"
Bất mị,Đờm nhiệt,"mất ngủ, khó ngủ, không ngủ, ngủ không, thất miên, khó vào giấc, dễ tỉnh, trằn trọc","Mất ngủ, đầu nặng căng trướng, choáng váng, hông bụng đầy buồn, dạ dày nghẽn tắc, tâm phiền sợ sệt, nóng nảy, miệng đắng, mắt hoa, đầu lưỡi và ven lưỡi đỏ, rêu vàng, mạch huyền hoặc hoạt sác","đầu lưỡi và ven lưỡi đỏ, rêu vàng",mạch huyền hoặc hoạt sác,Ôn đởm thang,"Trần bì, Bán hạ, Bạch linh, Cam thảo, Chỉ thực, Trúc nhự, Sinh khương, Táo, Lạc tiên, Chi tử, Hoàng liên, Lá vông"
Bất mị,Tâm hoả thượng khang,"mất ngủ, khó ngủ, không ngủ, ngủ không, thất miên, khó vào giấc, dễ tỉnh, trằn trọc","Tâm phiền mất ngủ nóng nảy không yên, tim đập mạnh và loạn nhịp, miệng khô lưỡi táo, tiểu tiện ngắn đỏ, rìa lưỡi đỏ, rêu lưỡi vàng mỏng, mạch tế sác","miệng khô lưỡi táo, rìa lưỡi đỏ, rêu lưỡi vàng mỏng",mạch tế sác,Châu sa an thần hoàn gia giảm,"Chu sa, Hoàng liên, Sinh địa, Đương quy, Hoàng cầm, Liên kiều"
Bất mị,Tâm tỳ lưỡng hư,"mất ngủ, khó ngủ, không ngủ, ngủ không, thất miên, khó vào giấc, dễ tỉnh, trằn trọc","Mất ngủ, mộng nhiều, dễ tỉnh, uể oải, hay quên, hồi hộp, ăn không ngon miệng, sắc mặt không tươi, lưỡi nhạt, rêu mỏng, mạch tế nhược","lưỡi nhạt, rêu mỏng",mạch tế nhược,Quy tỳ thang,"Đẳng sâm, Bạch truật, Hoàng kỳ, Cam thảo, Viễn trí, Phục thần, Táo nhân, Long nhãn, Đương quy, Mộc hương"
Bất mị,Tỳ vị bất hoà,"mất ngủ, khó ngủ, không ngủ, ngủ không, thất miên, khó vào giấc, dễ tỉnh, trằn trọc","Ăn uống không điều độ gây thực tích, không tiêu sinh đàm thấp ủng trệ, bụng ngực căng tức, ợ hơi, khó chịu, lưỡi cáu bẩn, bụng đau, đại tiện không thông, mạch hoạt",lưỡi cáu bẩn,mạch hoạt,Bảo hòa hoàn,"Sơn tra, Bán hạ, Trần bì, La bạc tử, Thần khúc, Bạch linh, Liên kiều"
Bất mị,Tâm thận bất giao,"mất ngủ, khó ngủ, không ngủ, ngủ không, thất miên, khó vào giấc, dễ tỉnh, trằn trọc","Bồn chồn, mất ngủ, đánh trống ngực, triều nhiệt, đổ mồ hôi trộm, di tinh, gối mỏi, lưỡi đỏ không rêu, mạch tế sác",lưỡi đỏ không rêu,mạch tế sác,Lục vị địa hoàng hoàn hợp Giao thái hoàn,"Thục địa, Hoài sơn, Sơn thù, Đan bì, Trạch tả, Phục linh, Hoàng liên, Nhục quế"
Bất mị,Tâm huyết âm hư,"mất ngủ, khó ngủ, không ngủ, ngủ không, thất miên, khó vào giấc, dễ tỉnh, trằn trọc","Tâm huyết hư, thần không có chỗ nương náu, hư phiền, mất ngủ, đánh trống ngực, tâm thần mệt mỏi, mạch tế sác",,mạch tế sác,Thiên vương bổ tâm đan,"Nhân sâm, Huyền sâm, Đương quy, Mạch môn, Thiên môn, Đan sâm, Sinh địa, Bạch linh, Cát cánh, Ngũ vị tử, Táo nhân, Viễn trí, Bá tử nhân"
Bất mị,Tâm can khí hư,"mất ngủ, khó ngủ, không ngủ, ngủ không, thất miên, khó vào giấc, dễ tỉnh, trằn trọc","Tâm phiền không ngủ được, mơ nhiều dễ tỉnh, tim đập nhanh, gặp việc dễ kinh sợ, khí ngắn, hay tự ra mồ hôi, người mệt mỏi, lưỡi đạm, mạch huyền tế",lưỡi đạm,mạch huyền tế,An thần định chí hoàn gia toan táo nhân thang,"Phục linh, Phục thần, Long nhãn, Thạch xương bồ, Toan táo nhân, Tri mẫu, Xuyên khung, Sinh mẫu lệ, Chu sa"
Bất mị,Đàm nhiệt nội nhiễu,"mất ngủ, khó ngủ, không ngủ, ngủ không, thất miên, khó vào giấc, dễ tỉnh, trằn trọc","Không ngủ được, ngực sườn đầy tức, cảm giác buồn nôn, ợ hơi, đầu nặng, hoa mắt, miệng đắng, lưỡi đỏ, rêu lưỡi vàng dính, mạch hoạt sác","lưỡi đỏ, rêu lưỡi vàng dính",mạch hoạt sác,Hoàng liên ôn đởm thang gia giảm,"Bán hạ, Trần bì, Trúc nhự, Phục linh, Chỉ thực, Hoàng liên, Trân châu mẫu, Chu sa"
Bất mị,Can uất hoá hoả,"mất ngủ, khó ngủ, không ngủ, ngủ không, thất miên, khó vào giấc, dễ tỉnh, trằn trọc","Người gấp gáp dễ phẫn nộ, không ngủ được, mơ nhiều, thậm chí cả đêm không ngủ, đau nặng nửa đầu, hoa mắt, đầu căng tức khó chịu, mắt đỏ, tai ù, miệng khô đắng, lưỡi đỏ, rêu vàng, mạch huyền sác","lưỡi đỏ, rêu vàng",mạch huyền sác,Long đởm tả can thang gia giảm,"Long đởm thảo, Hoàng cầm, Câu kỷ tử, Đương quy, Sinh địa, Mộc thông, Xa tiền tử, Sài hồ, Cam thảo, Hương phụ, Uất kim"
Khẩu nhãn oa tà,Phong hàn,,"Sau khi gặp mưa, gió lạnh, đột nhiên mắt không nhắm lại được, miệng méo lệch, sợ lạnh, tắc mũi, gáy căng tức, mặt máy động, rêu lưỡi trắng, mạch phù",rêu lưỡi trắng,mạch phù,"Khu phong tán hàn, hoạt lạc, trừ đàm, hoạt huyết","Đẳng sâm, Hoàng kỳ, Địa long, Toàn yết, Bạch phụ, Qui xuyên, Xuyên khung, Đan sâm, Cương tàm"
Khẩu nhãn oa tà,Phong nhiệt,,"Liệt nửa mặt, toàn thân có sốt, sợ gió, sợ nóng, rêu lưỡi trắng dầy, mạch phù sác, sau khi hết sốt chỉ còn tình trạng liệt dây 7",rêu lưỡi trắng dầy,mạch phù sác,Khu phong thanh nhiệt hoạt huyết (khi sốt) / Khu phong bổ huyết hoạt lạc (khi hết sốt),"Bồ công anh, Ngân hoa, Ké, Xuyên khung, Đan sâm, Ngưu tất, Ngưu bàng, Cam thảo, Độc hoạt, Kê huyết đằng, Chỉ xác"
Khẩu nhãn oa tà,Huyết ứ,,"Liệt mặt sau khi ngã, mổ vùng hàm, mặt, xương chũm",,,"Hoạt huyết, hành khí","Đan sâm, Xuyên khung, Ngưu tất, Tô mộc, Uất kim, Trần bì, Hương phụ, Chỉ xác, Kê huyết đằng"
Khẩu nhãn oa tà,Can hỏa,,"Người vốn có chứng nhức đầu, chóng mặt, đột ngột bị liệt mặt, vùng mặt đỏ bừng từng cơn, chân tay mình mẩy tê dại, tai ù, đầu choáng, góc tai đau trướng, miệng đắng",,,"Dưỡng âm tiềm dương, dẹp phong - Đường thị khẩu nhãn lịch tà nghiệm phương","Câu đằng, Thuyền thoái, Toàn yết, Bạch thược, Mẫu lệ, Trân châu, Tang ký sinh, Nam tinh, Cúc hoa, Cương tàm, Hà thủ ô, Long cốt, Kê huyết đằng, Hạ khô thảo, Thiên trúc hoàng"
